# drones,matchingModel,contraction,alpha,distance,duration,disconnectedMoments,avg reachability
5,Bottleneck,Optimal,0.7000000000000001,720.7875494098971,38,0,1.0
5,Bottleneck,Optimal,0.0,200.0,12,0,1.0
5,Bottleneck,Optimal,0.0,721.1102550927978,37,0,1.0
5,Bottleneck,Optimal,0.0,600.0,31,0,1.0
5,Bottleneck,Optimal,0.0,600.0,31,0,1.0
5,Bottleneck,Optimal,0.3,981.0091812404225,50,0,1.0
5,Bottleneck,Optimal,0.0,200.0,12,0,1.0
5,Bottleneck,Optimal,0.0,400.0,22,0,1.0
5,Bottleneck,Optimal,0.3,981.0091812404225,50,0,1.0
5,Bottleneck,Optimal,0.0,600.0,31,0,1.0
5,Bottleneck,Optimal,0.5499999999999999,884.5150085864889,46,0,1.0
5,Bottleneck,Optimal,0.0,600.0,31,0,1.0
5,Bottleneck,Optimal,0.49999999999999994,559.4996029670853,30,0,1.0
5,Bottleneck,Optimal,0.0,400.0,22,0,1.0
5,Bottleneck,Optimal,0.65,986.5807619568376,50,0,1.0
5,Bottleneck,Optimal,0.15000000000000002,842.5891909582398,45,0,1.0
5,Bottleneck,Optimal,0.44999999999999996,1057.8011158107338,54,0,1.0
5,Bottleneck,Optimal,0.0,200.0,12,0,1.0
5,Bottleneck,Optimal,0.0,800.0,41,0,1.0
5,Bottleneck,Optimal,0.0,632.4555320336759,33,0,1.0
5,Bottleneck,Optimal,0.0,824.6211251235321,42,0,1.0
5,Bottleneck,Optimal,0.49999999999999994,1313.7690097050586,66,0,1.0
5,Bottleneck,Optimal,0.0,1019.803902718557,51,0,1.0
5,Bottleneck,Optimal,0.0,400.0,22,0,1.0
5,Bottleneck,Optimal,0.5499999999999999,948.1040556014555,49,0,1.0
5,Bottleneck,Optimal,0.2,280.92545242560044,19,0,1.0
5,Bottleneck,Optimal,0.49999999999999994,648.2404016217622,40,0,1.0
5,Bottleneck,Optimal,0.05,738.52322526484,39,0,1.0
5,Bottleneck,Optimal,0.0,600.0,31,0,1.0
5,Bottleneck,Optimal,0.2,280.92545242560044,19,0,1.0
5,Bottleneck,Optimal,0.25,1052.2893512326461,57,0,1.0
5,Bottleneck,Optimal,0.35,1008.8848418459777,52,0,1.0
5,Bottleneck,Optimal,0.25,1039.1537779182916,53,0,1.0
5,Bottleneck,Optimal,0.0,1000.0,51,0,1.0
5,Bottleneck,Optimal,0.0,400.0,22,0,1.0
5,Bottleneck,Optimal,0.6,569.1305681787655,36,0,1.0
5,Bottleneck,Optimal,0.2,400.0,24,0,1.0
5,Bottleneck,Optimal,0.0,632.4555320336759,33,0,1.0
5,Bottleneck,Optimal,0.0,1000.0,51,0,1.0
5,Bottleneck,Optimal,0.44999999999999996,883.9278316957061,50,0,1.0
5,Bottleneck,Optimal,0.25,999.6674209818004,51,0,1.0
5,Bottleneck,Optimal,0.2,280.92545242560044,19,0,1.0
5,Bottleneck,Optimal,0.0,400.0,22,0,1.0
5,Bottleneck,Optimal,0.3,835.150464761813,43,0,1.0
5,Bottleneck,Optimal,0.15000000000000002,447.21359549995793,26,0,1.0
5,Bottleneck,Optimal,0.2,721.5578383317327,39,0,1.0
5,Bottleneck,Optimal,0.6,757.438651728709,39,0,1.0
5,Bottleneck,Optimal,0.49999999999999994,574.4443408435296,31,0,1.0
5,Bottleneck,Optimal,0.1,1026.6029848163942,52,0,1.0
5,Bottleneck,Optimal,0.15000000000000002,636.4573374996417,35,0,1.0
5,Bottleneck,Optimal,0.39999999999999997,643.968156976787,34,0,1.0
5,Bottleneck,Optimal,0.0,1166.19037896906,58,0,1.0
5,Bottleneck,Optimal,0.3,658.840906291864,36,0,1.0
5,Bottleneck,Optimal,0.2,266.2741699796952,17,0,1.0
5,Bottleneck,Optimal,0.39999999999999997,643.968156976787,34,0,1.0
5,Bottleneck,Optimal,0.0,200.0,12,0,1.0
5,Bottleneck,Optimal,0.39999999999999997,527.8744244414632,32,0,1.0
5,Bottleneck,Optimal,0.2,855.2277120333246,44,0,1.0
5,Bottleneck,Optimal,0.3,891.4731693607885,47,0,1.0
5,Bottleneck,Optimal,0.2,328.0003329714744,19,0,1.0
5,Bottleneck,Optimal,0.49999999999999994,699.6386109693813,37,0,1.0
5,Bottleneck,Optimal,0.44999999999999996,1183.6598294620987,60,0,1.0
5,Bottleneck,Optimal,0.15000000000000002,857.0845803224092,45,0,1.0
5,Bottleneck,Optimal,0.3,1082.1371045909536,57,0,1.0
5,Bottleneck,Optimal,0.65,1251.5678299551448,64,0,1.0
5,Bottleneck,Optimal,0.49999999999999994,975.592506939957,50,0,1.0
5,Bottleneck,Optimal,0.35,552.5971404805462,33,0,1.0
5,Bottleneck,Optimal,0.7000000000000001,897.7095951657587,46,0,1.0
5,Bottleneck,Optimal,0.49999999999999994,574.4443408435296,31,0,1.0
5,Bottleneck,Optimal,0.39999999999999997,663.807200925088,36,0,1.0
5,Bottleneck,Optimal,0.49999999999999994,792.6671421756797,42,0,1.0
5,Bottleneck,Optimal,0.49999999999999994,737.5635565834309,39,0,1.0
5,Bottleneck,Optimal,0.49999999999999994,574.4443408435296,31,0,1.0
5,Bottleneck,Optimal,0.3,1025.1942809610923,55,0,1.0
5,Bottleneck,Optimal,0.7000000000000001,1215.6629018766719,61,0,1.0
5,Bottleneck,Optimal,0.25,361.45368492965406,20,0,1.0
5,Bottleneck,Optimal,0.0,1019.803902718557,51,0,1.0
5,Bottleneck,Optimal,0.3,590.6648140120009,31,0,1.0
5,Bottleneck,Optimal,0.44999999999999996,536.7684580891743,29,0,1.0
5,Bottleneck,Optimal,0.35,461.5100486581542,25,0,1.0
5,Bottleneck,Optimal,0.15000000000000002,857.0845803224092,45,0,1.0
5,Bottleneck,Optimal,0.0,1019.803902718557,51,0,1.0
5,Bottleneck,Optimal,0.15000000000000002,295.0254226333724,17,0,1.0
5,Bottleneck,Optimal,0.05,744.758577844905,38,0,1.0
5,Bottleneck,Optimal,0.65,687.6111697821276,36,0,1.0
5,Bottleneck,Optimal,0.25,450.6644111516273,25,0,1.0
5,Bottleneck,Optimal,0.7000000000000001,897.7095951657587,48,0,1.0
5,Bottleneck,Optimal,0.0,721.1102550927978,37,0,1.0
5,Bottleneck,Optimal,0.0,600.0,31,0,1.0
5,Bottleneck,Optimal,0.0,600.0,31,0,1.0
5,Bottleneck,Optimal,0.3,1135.755638148005,58,0,1.0
5,Bottleneck,Optimal,0.0,200.0,12,0,1.0
5,Bottleneck,Optimal,0.0,400.0,22,0,1.0
5,Bottleneck,Optimal,0.05,1038.1390432148062,53,0,1.0
5,Bottleneck,Optimal,0.0,600.0,31,0,1.0
5,Bottleneck,Optimal,0.0,848.5281374238571,43,0,1.0
5,Bottleneck,Optimal,0.0,600.0,31,0,1.0
5,Bottleneck,Optimal,0.49999999999999994,610.5973210760761,35,0,1.0
5,Bottleneck,Optimal,0.0,600.0,31,0,1.0
5,Bottleneck,Optimal,0.65,1089.47307588035,57,0,1.0
5,Bottleneck,Optimal,0.15000000000000002,1029.1134511740524,54,0,1.0
5,Bottleneck,Optimal,0.0,1000.0,51,0,1.0
5,Bottleneck,Optimal,0.0,400.0,22,0,1.0
5,Bottleneck,Optimal,0.0,1000.0,51,0,1.0
5,Bottleneck,Optimal,0.0,824.6211251235321,42,0,1.0
5,Bottleneck,Optimal,0.0,824.6211251235321,42,0,1.0
5,Bottleneck,Optimal,0.49999999999999994,1370.9550880600434,69,0,1.0
5,Bottleneck,Optimal,0.0,1216.552506059644,61,0,1.0
5,Bottleneck,Optimal,0.0,400.0,22,0,1.0
5,Bottleneck,Optimal,0.5499999999999999,1010.368224551085,52,0,1.0
5,Bottleneck,Optimal,0.0,200.0,12,0,1.0
5,Bottleneck,Optimal,0.3,691.6529142624205,36,0,1.0
5,Bottleneck,Optimal,0.05,743.7014863007586,39,0,1.0
5,Bottleneck,Optimal,0.0,600.0,31,0,1.0
5,Bottleneck,Optimal,0.0,400.0,22,0,1.0
5,Bottleneck,Optimal,0.25,1233.6893120682028,65,0,1.0
5,Bottleneck,Optimal,0.35,1156.4718555173465,59,0,1.0
5,Bottleneck,Optimal,0.0,848.5281374238571,43,0,1.0
5,Bottleneck,Optimal,0.0,1200.0,60,0,1.0
5,Bottleneck,Optimal,0.0,400.0,22,0,1.0
5,Bottleneck,Optimal,0.49999999999999994,487.9215610874228,34,0,1.0
5,Bottleneck,Optimal,0.0,400.0,22,0,1.0
5,Bottleneck,Optimal,0.0,632.4555320336759,33,0,1.0
5,Bottleneck,Optimal,0.0,1000.0,51,0,1.0
5,Bottleneck,Optimal,0.49999999999999994,745.4880147884398,39,0,1.0
5,Bottleneck,Optimal,0.1,945.8561560434673,49,0,1.0
5,Bottleneck,Optimal,0.3,433.91451335274314,27,0,1.0
5,Bottleneck,Optimal,0.0,400.0,22,0,1.0
5,Bottleneck,Optimal,0.15000000000000002,791.1482387825863,41,0,1.0
5,Bottleneck,Optimal,0.35,658.9644471309642,35,0,1.0
5,Bottleneck,Optimal,0.5499999999999999,745.0080022180134,39,0,1.0
5,Bottleneck,Optimal,0.6,931.6802456771939,54,0,1.0
5,Bottleneck,Optimal,0.8000000000000002,903.6650886476197,47,0,1.0
5,Bottleneck,Optimal,0.44999999999999996,642.3658322733869,34,0,1.0
5,Bottleneck,Optimal,0.44999999999999996,588.2536357455832,36,0,1.0
5,Bottleneck,Optimal,0.35,658.9644471309642,35,0,1.0
5,Bottleneck,Optimal,0.7000000000000001,790.9827710416884,46,0,1.0
5,Bottleneck,Optimal,0.44999999999999996,642.3658322733869,34,0,1.0
5,Bottleneck,Optimal,0.49999999999999994,710.403578337589,38,0,1.0
5,Bottleneck,Optimal,0.44999999999999996,642.3658322733869,34,0,1.0
5,Bottleneck,Optimal,0.0,600.0,31,0,1.0
5,Bottleneck,Optimal,0.6,1125.3153199153985,57,0,1.0
5,Bottleneck,Optimal,0.7000000000000001,986.7751244685492,51,0,1.0
5,Bottleneck,Optimal,0.35,658.9644471309642,35,0,1.0
5,Bottleneck,Optimal,0.15000000000000002,727.0368340508286,40,0,1.0
5,Bottleneck,Optimal,0.49999999999999994,898.4437161608777,47,0,1.0
5,Bottleneck,Optimal,0.3,837.2499694438128,44,0,1.0
5,Bottleneck,Optimal,0.49999999999999994,811.7986674454644,42,0,1.0
5,Bottleneck,Optimal,0.15000000000000002,503.46379857907493,28,0,1.0
5,Bottleneck,Optimal,0.44999999999999996,642.3658322733869,34,0,1.0
5,Bottleneck,Optimal,0.0,200.0,12,0,1.0
5,Bottleneck,Optimal,0.7500000000000001,1013.280620194802,52,0,1.0
5,Bottleneck,Optimal,0.44999999999999996,845.1281282342422,48,0,1.0
5,Bottleneck,Optimal,0.0,200.0,12,0,1.0
5,Bottleneck,Optimal,0.0,400.0,22,0,1.0
5,Bottleneck,Optimal,0.0,721.1102550927978,37,0,1.0
5,Bottleneck,Optimal,0.7000000000000001,1025.505141396754,59,0,1.0
5,Bottleneck,Optimal,0.35,935.95160426671,48,0,1.0
5,Bottleneck,Optimal,0.15000000000000002,767.9956509804989,40,0,1.0
5,Bottleneck,Optimal,0.7500000000000001,813.309185269316,45,0,1.0
5,Bottleneck,Optimal,0.6,748.9487362833738,39,0,1.0
5,Bottleneck,Optimal,0.6,895.8455907762782,46,0,1.0
5,Bottleneck,Optimal,0.49999999999999994,710.403578337589,38,0,1.0
5,Bottleneck,Optimal,0.0,600.0,31,0,1.0
5,Bottleneck,Optimal,0.7500000000000001,813.309185269316,50,0,1.0
5,Bottleneck,Optimal,0.35,838.8142748827782,44,0,1.0
5,Bottleneck,Optimal,0.5499999999999999,654.840832909397,35,0,1.0
5,Bottleneck,Optimal,0.7500000000000001,1013.280620194802,52,0,1.0
5,Bottleneck,Optimal,0.5499999999999999,973.7001839348402,50,0,1.0
5,Bottleneck,Optimal,0.0,200.0,12,0,1.0
5,Bottleneck,Optimal,0.0,400.0,22,0,1.0
5,Bottleneck,Optimal,0.25,729.9931289961589,38,0,1.0
5,Bottleneck,Optimal,0.0,600.0,31,0,1.0
5,Bottleneck,Optimal,0.0,200.0,12,0,1.0
5,Bottleneck,Optimal,0.3,751.4837723690268,39,0,1.0
5,Bottleneck,Optimal,0.0,400.0,22,0,1.0
5,Bottleneck,Optimal,0.35,542.3545003412373,32,0,1.0
5,Bottleneck,Optimal,0.15000000000000002,265.6889839943209,17,0,1.0
5,Bottleneck,Optimal,0.5499999999999999,580.9182137671473,33,0,1.0
5,Bottleneck,Optimal,0.1,243.65083724210777,15,0,1.0
5,Bottleneck,Optimal,0.15000000000000002,517.0894346486167,29,0,1.0
5,Bottleneck,Optimal,0.25,647.7160000801081,36,0,1.0
5,Bottleneck,Optimal,0.5499999999999999,646.6553312450956,36,0,1.0
5,Bottleneck,Optimal,0.0,400.0,22,0,1.0
5,Bottleneck,Optimal,0.0,600.0,31,0,1.0
5,Bottleneck,Optimal,0.15000000000000002,548.3678724896757,29,0,1.0
5,Bottleneck,Optimal,0.3,823.6438923521829,42,0,1.0
5,Bottleneck,Optimal,0.0,894.4271909999159,45,0,1.0
5,Bottleneck,Optimal,0.2,838.9707815498506,45,0,1.0
5,Bottleneck,Optimal,0.25,343.6413097437471,19,0,1.0
5,Bottleneck,Optimal,0.65,738.3339679756286,38,0,1.0
5,Bottleneck,Optimal,0.0,400.0,22,0,1.0
5,Bottleneck,Optimal,0.44999999999999996,775.5917288994527,40,0,1.0
5,Bottleneck,Optimal,0.5499999999999999,703.4560132623336,37,0,1.0
5,Bottleneck,Optimal,0.0,400.0,22,0,1.0
5,Bottleneck,Optimal,0.0,400.0,22,0,1.0
5,Bottleneck,Optimal,0.25,842.7838652466605,45,0,1.0
5,Bottleneck,Optimal,0.39999999999999997,796.4331821041947,41,0,1.0
5,Bottleneck,Optimal,0.5499999999999999,646.6553312450956,34,0,1.0
5,Bottleneck,Optimal,0.0,800.0,41,0,1.0
5,Bottleneck,Optimal,0.0,200.0,12,0,1.0
5,Bottleneck,Optimal,0.0,600.0,31,0,1.0
5,Bottleneck,Optimal,0.0,400.0,22,0,1.0
5,Bottleneck,Optimal,0.6,872.6892391545466,45,0,1.0
5,Bottleneck,Optimal,0.0,600.0,31,0,1.0
5,Bottleneck,Optimal,0.65,728.0788150005626,38,0,1.0
5,Bottleneck,Optimal,0.25,790.7474045807583,41,0,1.0
5,Bottleneck,Optimal,0.0,400.0,22,0,1.0
5,Bottleneck,Optimal,0.0,400.0,22,0,1.0
5,Bottleneck,Optimal,0.3,630.4866925886402,33,0,1.0
5,Bottleneck,Optimal,0.25,1072.8975771037824,55,0,1.0
5,Bottleneck,Optimal,0.2,600.0,34,0,1.0
5,Bottleneck,Optimal,0.0,400.0,22,0,1.0
5,Bottleneck,Optimal,0.35,1096.6894723946714,56,0,1.0
5,Bottleneck,Optimal,0.0,400.0,22,0,1.0
5,Bottleneck,Optimal,0.5499999999999999,576.5705722679559,35,0,1.0
5,Bottleneck,Optimal,0.0,400.0,22,0,1.0
5,Bottleneck,Optimal,0.0,400.0,22,0,1.0
5,Bottleneck,Optimal,0.49999999999999994,448.6446680791921,25,0,1.0
5,Bottleneck,Optimal,0.2,863.4811044678311,45,0,1.0
5,Bottleneck,Optimal,0.25,924.77122477531,48,0,1.0
5,Bottleneck,Optimal,0.5499999999999999,746.3484353361698,44,0,1.0
5,Bottleneck,Optimal,0.0,400.0,22,0,1.0
5,Bottleneck,Optimal,0.0,1000.0,51,0,1.0
5,Bottleneck,Optimal,0.49999999999999994,1039.0570035643402,53,0,1.0
5,Bottleneck,Optimal,0.05,1037.6430162772756,53,0,1.0
5,Bottleneck,Optimal,0.35,1323.9580885583277,67,0,1.0
5,Bottleneck,Optimal,0.0,824.6211251235321,42,0,1.0
5,Bottleneck,Optimal,0.0,600.0,31,0,1.0
5,Bottleneck,Optimal,0.7000000000000001,773.6322772241509,48,0,1.0
5,Bottleneck,Optimal,0.0,400.0,22,0,1.0
5,Bottleneck,Optimal,0.5499999999999999,599.3613792738607,32,0,1.0
5,Bottleneck,Optimal,0.7000000000000001,773.6322772241509,48,0,1.0
5,Bottleneck,Optimal,0.0,800.0,41,0,1.0
5,Bottleneck,Optimal,0.2,400.0,24,0,1.0
5,Bottleneck,Optimal,0.25,924.77122477531,48,0,1.0
5,Bottleneck,Optimal,0.25,1072.8975771037824,55,0,1.0
5,Bottleneck,Optimal,0.35,689.8514669454883,40,0,1.0
5,Bottleneck,Optimal,0.0,800.0,41,0,1.0
5,Bottleneck,Optimal,0.0,400.0,22,0,1.0
5,Bottleneck,Optimal,0.0,200.0,12,0,1.0
5,Bottleneck,Optimal,0.0,200.0,12,0,1.0
5,Bottleneck,Optimal,0.15000000000000002,883.020413656749,46,0,1.0
5,Bottleneck,Optimal,0.0,1000.0,51,0,1.0
5,Bottleneck,Optimal,0.0,600.0,31,0,1.0
5,Bottleneck,Optimal,0.35,897.2000485237975,50,0,1.0
5,Bottleneck,Optimal,0.0,400.0,22,0,1.0
5,Bottleneck,Optimal,0.0,200.0,12,0,1.0
5,Bottleneck,Optimal,0.7000000000000001,796.0831319363512,48,0,1.0
5,Bottleneck,Optimal,0.0,1019.803902718557,51,0,1.0
5,Bottleneck,Optimal,0.2,707.1780258457818,37,0,1.0
5,Bottleneck,Optimal,0.35,841.0446996274535,45,0,1.0
5,Bottleneck,Optimal,0.3,750.6808443161686,40,0,1.0
5,Bottleneck,Optimal,0.0,1000.0,51,0,1.0
5,Bottleneck,Optimal,0.25,728.3957255408023,39,0,1.0
5,Bottleneck,Optimal,0.0,1000.0,51,0,1.0
5,Bottleneck,Optimal,0.2,889.9117329015052,45,0,1.0
5,Bottleneck,Optimal,0.0,600.0,31,0,1.0
5,Bottleneck,Optimal,0.0,200.0,12,0,1.0
5,Bottleneck,Optimal,0.0,1000.0,51,0,1.0
5,Bottleneck,Optimal,0.0,632.4555320336759,33,0,1.0
5,Bottleneck,Optimal,0.0,200.0,12,0,1.0
5,Bottleneck,Optimal,0.49999999999999994,460.08575004102534,28,0,1.0
5,Bottleneck,Optimal,0.44999999999999996,910.7594865064826,47,0,1.0
5,Bottleneck,Optimal,0.8500000000000002,938.8684466393961,52,0,1.0
5,Bottleneck,Optimal,0.5499999999999999,559.9477973487984,34,0,1.0
5,Bottleneck,Optimal,0.2,889.9117329015052,46,0,1.0
5,Bottleneck,Optimal,0.49999999999999994,907.9812850598164,51,0,1.0
5,Bottleneck,Optimal,0.2,1079.4330992189748,56,0,1.0
5,Bottleneck,Optimal,0.2,1272.4482783959675,64,0,1.0
5,Bottleneck,Optimal,0.8000000000000002,1033.2869197844611,55,0,1.0
5,Bottleneck,Optimal,0.25,1095.7401170208925,56,0,1.0
5,Bottleneck,Optimal,0.0,1019.803902718557,51,0,1.0
5,Bottleneck,Optimal,0.35,364.5472067906637,25,0,1.0
5,Bottleneck,Optimal,0.0,400.0,22,0,1.0
5,Bottleneck,Optimal,0.0,1000.0,51,0,1.0
5,Bottleneck,Optimal,0.0,1019.803902718557,51,0,1.0
5,Bottleneck,Optimal,0.2,707.1780258457818,37,0,1.0
5,Bottleneck,Optimal,0.2,1079.4330992189748,54,0,1.0
5,Bottleneck,Optimal,0.2,1079.4330992189748,54,0,1.0
5,Bottleneck,Optimal,0.0,1000.0,51,0,1.0
5,Bottleneck,Optimal,0.7500000000000001,938.8044392004529,48,0,1.0
5,Bottleneck,Optimal,0.0,1000.0,51,0,1.0
5,Bottleneck,Optimal,0.35,841.0446996274535,45,0,1.0
5,Bottleneck,Optimal,0.2,1079.4330992189748,54,0,1.0
5,Bottleneck,Optimal,0.15000000000000002,1063.703236530946,54,0,1.0
5,Bottleneck,Optimal,0.6,961.9028512449327,52,0,1.0
5,Bottleneck,Optimal,0.0,400.0,22,0,1.0
5,Bottleneck,Optimal,0.0,1019.803902718557,51,0,1.0
5,Bottleneck,Optimal,0.0,600.0,31,0,1.0
5,Bottleneck,Optimal,0.0,894.4271909999159,45,0,1.0
5,Bottleneck,Optimal,0.0,600.0,31,0,1.0
5,Bottleneck,Optimal,0.49999999999999994,584.1619252963778,31,0,1.0
5,Bottleneck,Optimal,0.0,400.0,22,0,1.0
5,Bottleneck,Optimal,0.6,1040.9993757800314,54,0,1.0
5,Bottleneck,Optimal,0.15000000000000002,872.1576201698781,46,0,1.0
5,Bottleneck,Optimal,0.0,1077.0329614269008,54,0,1.0
5,Bottleneck,Optimal,0.0,400.0,22,0,1.0
5,Bottleneck,Optimal,0.0,1000.0,51,0,1.0
5,Bottleneck,Optimal,0.0,824.6211251235321,42,0,1.0
5,Bottleneck,Optimal,0.0,824.6211251235321,42,0,1.0
5,Bottleneck,Optimal,0.49999999999999994,1341.640786499874,67,0,1.0
5,Bottleneck,Optimal,0.0,1019.803902718557,51,0,1.0
5,Bottleneck,Optimal,0.0,400.0,22,0,1.0
5,Bottleneck,Optimal,0.5499999999999999,978.4290806141763,50,0,1.0
5,Bottleneck,Optimal,0.5499999999999999,440.0,29,0,1.0
5,Bottleneck,Optimal,0.35,689.9101725487687,36,0,1.0
5,Bottleneck,Optimal,0.05,741.0400241282359,39,0,1.0
5,Bottleneck,Optimal,0.0,600.0,31,0,1.0
5,Bottleneck,Optimal,0.0,200.0,12,0,1.0
5,Bottleneck,Optimal,0.3,1069.752444909147,58,0,1.0
5,Bottleneck,Optimal,0.35,1141.7983829094555,59,0,1.0
5,Bottleneck,Optimal,0.25,863.9410298049853,48,0,1.0
5,Bottleneck,Optimal,0.0,1000.0,51,0,1.0
5,Bottleneck,Optimal,0.0,400.0,22,0,1.0
5,Bottleneck,Optimal,0.0,400.0,22,0,1.0
5,Bottleneck,Optimal,0.0,400.0,22,0,1.0
5,Bottleneck,Optimal,0.0,632.4555320336759,33,0,1.0
5,Bottleneck,Optimal,0.0,1000.0,51,0,1.0
5,Bottleneck,Optimal,0.35,870.5623023850173,49,0,1.0
5,Bottleneck,Optimal,0.15000000000000002,964.02127918464,50,0,1.0
5,Bottleneck,Optimal,0.0,200.0,12,0,1.0
5,Bottleneck,Optimal,0.0,400.0,22,0,1.0
5,Bottleneck,Optimal,0.2,804.9844718999243,42,0,1.0
5,Bottleneck,Optimal,0.49999999999999994,868.806130178211,45,0,1.0
5,Bottleneck,Optimal,0.0,200.0,12,0,1.0
5,Bottleneck,Optimal,0.5499999999999999,571.5034261012631,36,0,1.0
5,Bottleneck,Optimal,0.0,200.0,12,0,1.0
5,Bottleneck,Optimal,0.7000000000000001,664.9340752053361,36,0,1.0
5,Bottleneck,Optimal,0.2,283.61406051104257,19,0,1.0
5,Bottleneck,Optimal,0.35,669.8597977751839,41,0,1.0
5,Bottleneck,Optimal,0.1,679.5910289944104,36,0,1.0
5,Bottleneck,Optimal,0.5499999999999999,642.5337977797835,39,0,1.0
5,Bottleneck,Optimal,0.2,287.84463006566375,19,0,1.0
5,Bottleneck,Optimal,0.0,600.0,31,0,1.0
5,Bottleneck,Optimal,0.0,632.4555320336759,33,0,1.0
5,Bottleneck,Optimal,0.44999999999999996,1036.8501178106148,53,0,1.0
5,Bottleneck,Optimal,0.35,1148.9454937410405,59,0,1.0
5,Bottleneck,Optimal,0.0,824.6211251235321,42,0,1.0
5,Bottleneck,Optimal,0.0,400.0,22,0,1.0
5,Bottleneck,Optimal,0.44999999999999996,665.3281299098949,36,0,1.0
5,Bottleneck,Optimal,0.0,400.0,22,0,1.0
5,Bottleneck,Optimal,0.3,701.9083393901568,37,0,1.0
5,Bottleneck,Optimal,0.65,634.7030829414315,40,0,1.0
5,Bottleneck,Optimal,0.0,600.0,31,0,1.0
5,Bottleneck,Optimal,0.0,400.0,22,0,1.0
5,Bottleneck,Optimal,0.3,853.1497197467289,47,0,1.0
5,Bottleneck,Optimal,0.0,632.4555320336759,33,0,1.0
5,Bottleneck,Optimal,0.5499999999999999,642.5337977797835,39,0,1.0
5,Bottleneck,Optimal,0.0,800.0,41,0,1.0
5,Bottleneck,Optimal,0.15000000000000002,265.6889839943209,18,0,1.0
5,Bottleneck,Optimal,0.0,400.0,22,0,1.0
5,Bottleneck,Optimal,0.0,400.0,22,0,1.0
5,Bottleneck,Optimal,0.49999999999999994,892.1468019071216,47,0,1.0
5,Bottleneck,Optimal,0.0,600.0,31,0,1.0
5,Bottleneck,Optimal,0.7500000000000001,732.24354856907,45,0,1.0
5,Bottleneck,Optimal,0.3,947.3467708220197,49,0,1.0
5,Bottleneck,Optimal,0.0,400.0,22,0,1.0
5,Bottleneck,Optimal,0.0,400.0,22,0,1.0
5,Bottleneck,Optimal,0.6,618.674503088357,38,0,1.0
5,Bottleneck,Optimal,0.15000000000000002,856.5713069534777,45,0,1.0
5,Bottleneck,Optimal,0.7500000000000001,1027.4220486940803,53,0,1.0
5,Bottleneck,Optimal,0.7500000000000001,855.1223795254064,45,0,1.0
5,Bottleneck,Optimal,0.3,1170.5090126640257,60,0,1.0
5,Bottleneck,Optimal,0.5499999999999999,867.7745114536597,46,0,1.0
5,Bottleneck,Optimal,0.2,758.2348867387806,40,0,1.0
5,Bottleneck,Optimal,0.0,632.4555320336759,33,0,1.0
5,Bottleneck,Optimal,0.6,1062.715126019324,54,0,1.0
5,Bottleneck,Optimal,0.7500000000000001,809.528303296134,44,0,1.0
5,Bottleneck,Optimal,0.0,632.4555320336759,33,0,1.0
5,Bottleneck,Optimal,0.3,691.499956242845,40,0,1.0
5,Bottleneck,Optimal,0.0,800.0,41,0,1.0
5,Bottleneck,Optimal,0.6,651.454640822991,41,0,1.0
5,Bottleneck,Optimal,0.0,400.0,22,0,1.0
5,Bottleneck,Optimal,0.7500000000000001,891.2230359320536,46,0,1.0
5,Bottleneck,Optimal,0.35,652.1666444147749,40,0,1.0
5,Bottleneck,Optimal,0.7500000000000001,1070.903064847901,57,0,1.0
5,Bottleneck,Optimal,0.7000000000000001,1255.1660555543103,64,0,1.0
5,Bottleneck,Optimal,0.7500000000000001,809.528303296134,43,0,1.0
5,Bottleneck,Optimal,0.2,671.889684333585,36,0,1.0
5,Bottleneck,Optimal,0.5499999999999999,1053.795959259049,54,0,1.0
5,Bottleneck,Optimal,0.65,738.3339679756286,49,0,1.0
5,Bottleneck,Optimal,0.05,733.9897999998491,39,0,1.0
5,Bottleneck,Optimal,0.49999999999999994,1049.9957639707345,54,0,1.0
5,Bottleneck,Optimal,0.7500000000000001,776.68526265316,41,0,1.0
5,Bottleneck,Optimal,0.7500000000000001,730.4621161678178,44,0,1.0
5,Bottleneck,Optimal,0.5499999999999999,1113.0770643192839,62,0,1.0
5,Bottleneck,Optimal,0.5499999999999999,1053.795959259049,54,0,1.0
5,Bottleneck,Optimal,0.5499999999999999,963.9591722031412,50,0,1.0
5,Bottleneck,Optimal,0.44999999999999996,620.0231770318791,33,0,1.0
5,Bottleneck,Optimal,0.49999999999999994,1049.9957639707345,54,0,1.0
5,Bottleneck,Optimal,0.0,200.0,12,0,1.0
5,Bottleneck,Optimal,0.65,1061.9440160276085,55,0,1.0
5,Bottleneck,Optimal,0.5499999999999999,1053.795959259049,54,0,1.0
5,Bottleneck,Optimal,0.49999999999999994,605.955805388547,33,0,1.0
5,Bottleneck,Optimal,0.0,447.21359549995793,24,0,1.0
5,Bottleneck,Optimal,0.0,200.0,12,0,1.0
5,Bottleneck,Optimal,0.25,674.8629767983833,37,0,1.0
5,Bottleneck,Optimal,0.0,200.0,12,0,1.0
5,Bottleneck,Optimal,0.44999999999999996,894.2212001661389,48,0,1.0
5,Bottleneck,Optimal,0.35,664.9761899362675,36,0,1.0
5,Bottleneck,Optimal,0.39999999999999997,607.9097600639668,34,0,1.0
5,Bottleneck,Optimal,0.0,400.0,22,0,1.0
5,Bottleneck,Optimal,0.0,600.0,31,0,1.0
5,Bottleneck,Optimal,0.5499999999999999,752.3884243161114,42,0,1.0
5,Bottleneck,Optimal,0.5499999999999999,952.3933369440222,49,0,1.0
5,Bottleneck,Optimal,0.44999999999999996,1009.6987405076616,51,0,1.0
5,Bottleneck,Optimal,0.5499999999999999,673.4437869100025,38,0,1.0
5,Bottleneck,Optimal,0.2,299.8790437068526,18,0,1.0
5,Bottleneck,Optimal,0.5499999999999999,489.07248094147417,29,0,1.0
5,Bottleneck,Optimal,0.0,400.0,22,0,1.0
5,Bottleneck,Optimal,0.49999999999999994,832.4555320336759,43,0,1.0
5,Bottleneck,Optimal,0.65,683.7924020083418,36,0,1.0
5,Bottleneck,Optimal,0.0,400.0,22,0,1.0
5,Bottleneck,Optimal,0.0,600.0,31,0,1.0
5,Bottleneck,Optimal,0.6,854.395338229719,47,0,1.0
5,Bottleneck,Optimal,0.7000000000000001,885.3098380168623,46,0,1.0
5,Bottleneck,Optimal,0.39999999999999997,607.9097600639668,34,0,1.0
5,Bottleneck,Optimal,0.0,800.0,41,0,1.0
5,Bottleneck,Optimal,0.0,400.0,22,0,1.0
5,Bottleneck,Optimal,0.0,600.0,31,0,1.0
5,Bottleneck,Optimal,0.0,400.0,22,0,1.0
5,Bottleneck,Optimal,0.5499999999999999,752.3884243161114,42,0,1.0
5,Bottleneck,Optimal,0.0,600.0,31,0,1.0
5,Bottleneck,Optimal,0.7000000000000001,741.3130070204783,43,0,1.0
5,Bottleneck,Optimal,0.3,565.685424949238,32,0,1.0
5,Bottleneck,Optimal,0.0,400.0,22,0,1.0
5,Bottleneck,Optimal,0.0,600.0,31,0,1.0
5,Bottleneck,Optimal,0.39999999999999997,626.476151587624,33,0,1.0
5,Bottleneck,Optimal,0.0,447.21359549995793,24,0,1.0
5,Bottleneck,Optimal,0.39999999999999997,424.0215466061492,25,0,1.0
5,Bottleneck,Optimal,0.44999999999999996,691.6185809110594,38,0,1.0
5,Bottleneck,Optimal,0.6,1003.6756109149429,52,0,1.0
5,Bottleneck,Optimal,0.35,1016.6082957916831,53,0,1.0
5,Bottleneck,Optimal,0.0,200.0,12,0,1.0
5,Bottleneck,Optimal,0.15000000000000002,519.0628866691643,28,0,1.0
5,Bottleneck,Optimal,0.1,1056.5644040772268,53,0,1.0
5,Bottleneck,Optimal,0.35,911.2884266598568,47,0,1.0
5,Bottleneck,Optimal,0.44999999999999996,1028.5912696499033,55,0,1.0
5,Bottleneck,Optimal,0.35,1105.1942809610923,57,0,1.0
5,Bottleneck,Optimal,0.5499999999999999,1040.9750300709516,53,0,1.0
5,Bottleneck,Optimal,0.1,341.1149277460742,19,0,1.0
5,Bottleneck,Optimal,0.3,765.2465760665889,41,0,1.0
5,Bottleneck,Optimal,0.3,419.5681833219087,23,0,1.0
5,Bottleneck,Optimal,0.44999999999999996,692.6402247190518,42,0,1.0
5,Bottleneck,Optimal,0.7500000000000001,976.7569726275453,50,0,1.0
5,Bottleneck,Optimal,0.3,621.1985634456667,33,0,1.0
5,Bottleneck,Optimal,0.65,704.0720662234903,37,0,1.0
5,Bottleneck,Optimal,0.35,1216.2935585931782,62,0,1.0
5,Bottleneck,Optimal,0.49999999999999994,1161.12012491184,59,0,1.0
5,Bottleneck,Optimal,0.0,200.0,12,0,1.0
5,Bottleneck,Optimal,0.3,1239.9706056839004,63,0,1.0
5,Bottleneck,Optimal,0.0,447.21359549995793,24,0,1.0
5,Bottleneck,Optimal,0.3,498.44349575162636,28,0,1.0
5,Bottleneck,Optimal,0.3,498.44349575162636,28,0,1.0
5,Bottleneck,Optimal,0.35,795.9262509738893,43,0,1.0
5,Bottleneck,Optimal,0.0,1019.803902718557,51,0,1.0
5,Bottleneck,Optimal,0.0,400.0,22,0,1.0
5,Bottleneck,Optimal,0.6,1072.3460818673925,55,0,1.0
5,Bottleneck,Optimal,0.3,559.5213359966286,31,0,1.0
5,Bottleneck,Optimal,0.3,498.44349575162636,28,0,1.0
5,Bottleneck,Optimal,0.3,765.2465760665889,41,0,1.0
5,Bottleneck,Optimal,0.35,519.58018961518,29,0,1.0
5,Bottleneck,Optimal,0.0,200.0,12,0,1.0
5,Bottleneck,Optimal,0.39999999999999997,854.8095112079096,48,0,1.0
5,Bottleneck,Optimal,0.25,748.530381696622,39,0,1.0
5,Bottleneck,Optimal,0.6,651.454640822991,41,0,1.0
5,Bottleneck,Optimal,0.0,400.0,22,0,1.0
5,Bottleneck,Optimal,0.0,600.0,31,0,1.0
5,Bottleneck,Optimal,0.15000000000000002,700.0773259852782,37,0,1.0
5,Bottleneck,Optimal,0.44999999999999996,1025.1327794318063,53,0,1.0
5,Bottleneck,Optimal,0.35,1138.8193168008381,58,0,1.0
5,Bottleneck,Optimal,0.0,824.6211251235321,42,0,1.0
5,Bottleneck,Optimal,0.0,400.0,22,0,1.0
5,Bottleneck,Optimal,0.49999999999999994,558.9238630498292,35,0,1.0
5,Bottleneck,Optimal,0.0,400.0,22,0,1.0
5,Bottleneck,Optimal,0.35,731.65623608511,39,0,1.0
5,Bottleneck,Optimal,0.65,597.4025227004606,38,0,1.0
5,Bottleneck,Optimal,0.0,600.0,31,0,1.0
5,Bottleneck,Optimal,0.0,400.0,22,0,1.0
5,Bottleneck,Optimal,0.25,842.7838652466605,46,0,1.0
5,Bottleneck,Optimal,0.25,729.9931289961589,39,0,1.0
5,Bottleneck,Optimal,0.6,651.454640822991,41,0,1.0
5,Bottleneck,Optimal,0.0,800.0,41,0,1.0
5,Bottleneck,Optimal,0.0,200.0,12,0,1.0
5,Bottleneck,Optimal,0.0,400.0,22,0,1.0
5,Bottleneck,Optimal,0.0,400.0,22,0,1.0
5,Bottleneck,Optimal,0.6,937.8693276936388,48,0,1.0
5,Bottleneck,Optimal,0.0,600.0,31,0,1.0
5,Bottleneck,Optimal,0.6,651.454640822991,41,0,1.0
5,Bottleneck,Optimal,0.5499999999999999,768.7320359294074,46,0,1.0
5,Bottleneck,Optimal,0.0,400.0,22,0,1.0
5,Bottleneck,Optimal,0.0,400.0,22,0,1.0
5,Bottleneck,Optimal,0.6,584.3307602777206,37,0,1.0
5,Bottleneck,Optimal,0.6,665.1755723073431,36,0,1.0
5,Bottleneck,Optimal,0.1,824.2215265939268,42,0,1.0
5,Bottleneck,Optimal,0.25,875.3544506302079,46,0,1.0
5,Bottleneck,Optimal,0.25,433.27697193442975,26,0,1.0
5,Bottleneck,Optimal,0.65,659.5520837316255,42,0,1.0
5,Bottleneck,Optimal,0.44999999999999996,1173.3858604497896,59,0,1.0
5,Bottleneck,Optimal,0.15000000000000002,854.359704907495,44,0,1.0
5,Bottleneck,Optimal,0.3,1076.6281755532862,56,0,1.0
5,Bottleneck,Optimal,0.65,1207.264162377979,64,0,1.0
5,Bottleneck,Optimal,0.49999999999999994,942.23394411789,50,0,1.0
5,Bottleneck,Optimal,0.1,826.3605542409346,43,0,1.0
5,Bottleneck,Optimal,0.15000000000000002,721.1102550927978,38,0,1.0
5,Bottleneck,Optimal,0.39999999999999997,565.1209696836904,34,0,1.0
5,Bottleneck,Optimal,0.2,721.3334265350404,41,0,1.0
5,Bottleneck,Optimal,0.65,827.8009782245094,45,0,1.0
5,Bottleneck,Optimal,0.49999999999999994,703.3721900498248,38,0,1.0
5,Bottleneck,Optimal,0.15000000000000002,314.2244855365396,19,0,1.0
5,Bottleneck,Optimal,0.25,875.3544506302079,46,0,1.0
5,Bottleneck,Optimal,0.7000000000000001,1198.832479904636,61,0,1.0
5,Bottleneck,Optimal,0.25,351.6860950249124,20,0,1.0
5,Bottleneck,Optimal,0.0,824.6211251235321,42,0,1.0
5,Bottleneck,Optimal,0.49999999999999994,693.7668499708909,36,0,1.0
5,Bottleneck,Optimal,0.65,702.3572060827224,37,0,1.0
5,Bottleneck,Optimal,0.65,702.3572060827224,37,0,1.0
5,Bottleneck,Optimal,0.15000000000000002,854.359704907495,44,0,1.0
5,Bottleneck,Optimal,0.0,1019.803902718557,51,0,1.0
5,Bottleneck,Optimal,0.39999999999999997,446.94290740824465,25,0,1.0
5,Bottleneck,Optimal,0.05,741.6001232826856,38,0,1.0
5,Bottleneck,Optimal,0.39999999999999997,507.4845684868023,27,0,1.0
5,Bottleneck,Optimal,0.65,702.3572060827224,37,0,1.0
5,Bottleneck,Optimal,0.65,827.8009782245094,45,0,1.0
5,Bottleneck,Optimal,0.35,717.9107906314911,40,0,1.0
5,Bottleneck,Optimal,0.15000000000000002,704.1065804560155,36,0,1.0
5,Bottleneck,Optimal,0.5499999999999999,669.8121042248202,39,0,1.0
5,Bottleneck,Optimal,0.2,287.84463006566375,18,0,1.0
5,Bottleneck,Optimal,0.0,800.0,41,0,1.0
5,Bottleneck,Optimal,0.2,729.2385409537757,38,0,1.0
5,Bottleneck,Optimal,0.15000000000000002,890.9737486185056,45,0,1.0
5,Bottleneck,Optimal,0.35,1148.9454937410405,58,0,1.0
5,Bottleneck,Optimal,0.0,632.4555320336759,33,0,1.0
5,Bottleneck,Optimal,0.0,400.0,22,0,1.0
5,Bottleneck,Optimal,0.35,771.0909370075158,40,0,1.0
5,Bottleneck,Optimal,0.0,600.0,31,0,1.0
5,Bottleneck,Optimal,0.35,643.5559326864937,34,0,1.0
5,Bottleneck,Optimal,0.5499999999999999,602.8923616924789,36,0,1.0
5,Bottleneck,Optimal,0.25,690.5379490543421,36,0,1.0
5,Bottleneck,Optimal,0.0,400.0,22,0,1.0
5,Bottleneck,Optimal,0.3,781.2967973493949,40,0,1.0
5,Bottleneck,Optimal,0.2,874.7148185025474,45,0,1.0
5,Bottleneck,Optimal,0.5499999999999999,642.5337977797835,38,0,1.0
5,Bottleneck,Optimal,0.0,600.0,31,0,1.0
5,Bottleneck,Optimal,0.15000000000000002,265.6889839943209,17,0,1.0
5,Bottleneck,Optimal,0.0,400.0,22,0,1.0
5,Bottleneck,Optimal,0.0,200.0,12,0,1.0
5,Bottleneck,Optimal,0.25,754.973498964436,39,0,1.0
5,Bottleneck,Optimal,0.0,800.0,41,0,1.0
5,Bottleneck,Optimal,0.7500000000000001,732.24354856907,44,0,1.0
5,Bottleneck,Optimal,0.25,937.6836869029028,48,0,1.0
5,Bottleneck,Optimal,0.0,200.0,12,0,1.0
5,Bottleneck,Optimal,0.0,400.0,22,0,1.0
5,Bottleneck,Optimal,0.6,618.674503088357,37,0,1.0
5,Bottleneck,Optimal,0.0,800.0,41,0,1.0
5,Bottleneck,Optimal,0.0,800.0,41,0,1.0
5,Bottleneck,Optimal,0.7000000000000001,890.752472538586,46,0,1.0
5,Bottleneck,Optimal,0.2,646.803647554901,34,0,1.0
5,Bottleneck,Optimal,0.0,800.0,41,0,1.0
5,Bottleneck,Optimal,0.0,1000.0,51,0,1.0
5,Bottleneck,Optimal,0.8000000000000002,1376.020050408606,69,0,1.0
5,Bottleneck,Optimal,0.0,1166.19037896906,58,0,1.0
5,Bottleneck,Optimal,0.7500000000000001,1007.3592581964585,51,0,1.0
5,Bottleneck,Optimal,0.0,800.0,41,0,1.0
5,Bottleneck,Optimal,0.0,824.6211251235321,42,0,1.0
5,Bottleneck,Optimal,0.0,894.4271909999159,45,0,1.0
5,Bottleneck,Optimal,0.0,600.0,31,0,1.0
5,Bottleneck,Optimal,0.0,1000.0,51,0,1.0
5,Bottleneck,Optimal,0.2,885.6654016229662,46,0,1.0
5,Bottleneck,Optimal,0.0,800.0,41,0,1.0
5,Bottleneck,Optimal,0.0,600.0,31,0,1.0
5,Bottleneck,Optimal,0.0,800.0,41,0,1.0
5,Bottleneck,Optimal,0.49999999999999994,730.0563079745768,44,0,1.0
5,Bottleneck,Optimal,0.1,489.2346955506025,27,0,1.0
5,Bottleneck,Optimal,0.0,824.6211251235321,42,0,1.0
5,Bottleneck,Optimal,0.0,824.6211251235321,42,0,1.0
5,Bottleneck,Optimal,0.0,800.0,41,0,1.0
5,Bottleneck,Optimal,0.1,450.522854566768,27,0,1.0
5,Bottleneck,Optimal,0.0,800.0,41,0,1.0
5,Bottleneck,Optimal,0.39999999999999997,668.0886106671857,44,0,1.0
5,Bottleneck,Optimal,0.49999999999999994,1003.9529675674169,51,0,1.0
5,Bottleneck,Optimal,0.0,824.6211251235321,42,0,1.0
5,Bottleneck,Optimal,0.0,600.0,31,0,1.0
5,Bottleneck,Optimal,0.0,1000.0,51,0,1.0
5,Bottleneck,Optimal,0.0,632.4555320336759,33,0,1.0
5,Bottleneck,Optimal,0.5499999999999999,683.8372255756952,41,0,1.0
5,Bottleneck,Optimal,0.0,200.0,12,0,1.0
5,Bottleneck,Optimal,0.0,600.0,31,0,1.0
5,Bottleneck,Optimal,0.7500000000000001,855.1223795254064,44,0,1.0
5,Bottleneck,Optimal,0.49999999999999994,763.9607805437114,39,0,1.0
5,Bottleneck,Optimal,0.35,893.245594876573,49,0,1.0
5,Bottleneck,Optimal,0.25,1150.0261907977679,58,0,1.0
5,Bottleneck,Optimal,0.2,1055.9268150655173,55,0,1.0
5,Bottleneck,Optimal,0.15000000000000002,1187.1296180725958,60,0,1.0
5,Bottleneck,Optimal,0.8000000000000002,1045.848193887455,54,0,1.0
5,Bottleneck,Optimal,0.2,914.0841620673209,46,0,1.0
5,Bottleneck,Optimal,0.0,824.6211251235321,42,0,1.0
5,Bottleneck,Optimal,0.0,200.0,12,0,1.0
5,Bottleneck,Optimal,0.2,311.92319299969205,18,0,1.0
5,Bottleneck,Optimal,0.0,800.0,41,0,1.0
5,Bottleneck,Optimal,0.8500000000000002,890.9979684361388,46,0,1.0
5,Bottleneck,Optimal,0.0,632.4555320336759,33,0,1.0
5,Bottleneck,Optimal,0.2,1072.874380764527,54,0,1.0
5,Bottleneck,Optimal,0.2,914.0841620673209,46,0,1.0
5,Bottleneck,Optimal,0.0,800.0,41,0,1.0
5,Bottleneck,Optimal,0.25,1028.4791760238932,52,0,1.0
5,Bottleneck,Optimal,0.0,800.0,41,0,1.0
5,Bottleneck,Optimal,0.8000000000000002,737.6040720821717,45,0,1.0
5,Bottleneck,Optimal,0.2,914.0841620673209,46,0,1.0
5,Bottleneck,Optimal,0.1,868.3572592879423,44,0,1.0
5,Bottleneck,Optimal,0.39999999999999997,1048.281046672958,53,0,1.0
5,Bottleneck,Optimal,0.15000000000000002,528.2471169605611,29,0,1.0
5,Bottleneck,Optimal,0.0,1019.803902718557,51,0,1.0
5,Bottleneck,Optimal,0.0,800.0,41,0,1.0
5,Bottleneck,Optimal,0.0,600.0,31,0,1.0
5,Bottleneck,Optimal,0.35,1200.7295964404107,61,0,1.0
5,Bottleneck,Optimal,0.49999999999999994,1114.9613916406695,57,0,1.0
5,Bottleneck,Optimal,0.0,282.842712474619,16,0,1.0
5,Bottleneck,Optimal,0.0,721.1102550927978,37,0,1.0
5,Bottleneck,Optimal,0.1,452.5029524269653,25,0,1.0
5,Bottleneck,Optimal,0.44999999999999996,867.015418338095,45,0,1.0
5,Bottleneck,Optimal,0.7500000000000001,1091.0113361288627,55,0,1.0
5,Bottleneck,Optimal,0.44999999999999996,774.8799954583454,41,0,1.0
5,Bottleneck,Optimal,0.7500000000000001,885.784902405349,46,0,1.0
5,Bottleneck,Optimal,0.0,1200.0,60,0,1.0
5,Bottleneck,Optimal,0.0,1000.0,51,0,1.0
5,Bottleneck,Optimal,0.0,200.0,12,0,1.0
5,Bottleneck,Optimal,0.3,1249.1144595441867,66,0,1.0
5,Bottleneck,Optimal,0.0,447.21359549995793,24,0,1.0
5,Bottleneck,Optimal,0.3,663.9846915805343,35,0,1.0
5,Bottleneck,Optimal,0.3,512.4417837120036,30,0,1.0
5,Bottleneck,Optimal,0.0,400.0,22,0,1.0
5,Bottleneck,Optimal,0.0,1019.803902718557,51,0,1.0
5,Bottleneck,Optimal,0.0,400.0,22,0,1.0
5,Bottleneck,Optimal,0.49999999999999994,1114.9613916406695,57,0,1.0
5,Bottleneck,Optimal,0.25,500.0280835601153,29,0,1.0
5,Bottleneck,Optimal,0.49999999999999994,658.1199943421495,35,0,1.0
5,Bottleneck,Optimal,0.0,721.1102550927978,37,0,1.0
5,Bottleneck,Optimal,0.0,600.0,31,0,1.0
5,Bottleneck,Optimal,0.0,447.21359549995793,24,0,1.0
5,Bottleneck,Optimal,0.0,632.4555320336759,33,0,1.0
5,Bottleneck,Optimal,0.0,894.4271909999159,45,0,1.0
5,Bottleneck,Optimal,0.3,835.150464761813,43,0,1.0
5,Bottleneck,Optimal,0.49999999999999994,559.4996029670853,30,0,1.0
5,Bottleneck,Optimal,0.6,779.6558299393307,41,0,1.0
5,Bottleneck,Optimal,0.0,400.0,22,0,1.0
5,Bottleneck,Optimal,0.7000000000000001,689.3839256986653,44,0,1.0
5,Bottleneck,Optimal,0.7500000000000001,852.6379802230194,44,0,1.0
5,Bottleneck,Optimal,0.0,400.0,22,0,1.0
5,Bottleneck,Optimal,0.0,400.0,22,0,1.0
5,Bottleneck,Optimal,0.3,861.5281619438033,48,0,1.0
5,Bottleneck,Optimal,0.39999999999999997,837.5290020199011,43,0,1.0
5,Bottleneck,Optimal,0.6,708.8388849836583,37,0,1.0
5,Bottleneck,Optimal,0.0,800.0,41,0,1.0
5,Bottleneck,Optimal,0.0,200.0,12,0,1.0
5,Bottleneck,Optimal,0.0,600.0,31,0,1.0
5,Bottleneck,Optimal,0.0,400.0,22,0,1.0
5,Bottleneck,Optimal,0.6,921.5233547422472,47,0,1.0
5,Bottleneck,Optimal,0.0,800.0,41,0,1.0
5,Bottleneck,Optimal,0.15000000000000002,465.8401228385969,26,0,1.0
5,Bottleneck,Optimal,0.3,835.150464761813,43,0,1.0
5,Bottleneck,Optimal,0.0,400.0,22,0,1.0
5,Bottleneck,Optimal,0.0,400.0,22,0,1.0
5,Bottleneck,Optimal,0.39999999999999997,694.7197607823684,37,0,1.0
5,Bottleneck,Optimal,0.6,1067.3920674936485,54,0,1.0
5,Bottleneck,Optimal,0.65,1101.6392454779443,55,0,1.0
5,Bottleneck,Optimal,0.7500000000000001,855.1223795254064,48,0,1.0
5,Bottleneck,Optimal,0.0,400.0,22,0,1.0
5,Bottleneck,Optimal,0.0,800.0,41,0,1.0
5,Bottleneck,Optimal,0.25,672.0266656297707,38,0,1.0
5,Bottleneck,Optimal,0.0,1000.0,51,0,1.0
5,Bottleneck,Optimal,0.1,1219.9097246972945,62,0,1.0
5,Bottleneck,Optimal,0.6,780.7039535563613,45,0,1.0
5,Bottleneck,Optimal,0.0,1000.0,51,0,1.0
5,Bottleneck,Optimal,0.0,1000.0,51,0,1.0
5,Bottleneck,Optimal,0.49999999999999994,634.7739651144717,36,0,1.0
5,Bottleneck,Optimal,0.5499999999999999,646.6553312450956,37,0,1.0
5,Bottleneck,Optimal,0.3,1061.2079012115046,54,0,1.0
5,Bottleneck,Optimal,0.35,407.66764908733717,25,0,1.0
5,Bottleneck,Optimal,0.0,600.0,31,0,1.0
5,Bottleneck,Optimal,0.0,1000.0,51,0,1.0
5,Bottleneck,Optimal,0.0,1000.0,51,0,1.0
5,Bottleneck,Optimal,0.7500000000000001,1085.3293799642952,56,0,1.0
5,Bottleneck,Optimal,0.2,315.2653509483308,19,0,1.0
5,Bottleneck,Optimal,0.3,1061.2079012115046,54,0,1.0
5,Bottleneck,Optimal,0.35,656.1768704761397,36,0,1.0
5,Bottleneck,Optimal,0.0,1000.0,51,0,1.0
5,Bottleneck,Optimal,0.0,1000.0,51,0,1.0
5,Bottleneck,Optimal,0.39999999999999997,663.5117140181155,38,0,1.0
5,Bottleneck,Optimal,0.3,694.1368655763395,37,0,1.0
5,Bottleneck,Optimal,0.8000000000000002,942.2992739164406,48,0,1.0
5,Bottleneck,Optimal,0.8000000000000002,775.909170758802,42,0,1.0
5,Bottleneck,Optimal,0.05,653.0974658579971,35,0,1.0
5,Bottleneck,Optimal,0.7500000000000001,927.17985944162,56,0,1.0
5,Bottleneck,Optimal,0.2,903.6123295558461,48,0,1.0
5,Bottleneck,Optimal,0.2,1184.991103964401,60,0,1.0
5,Bottleneck,Optimal,0.7500000000000001,830.7611135210053,51,0,1.0
5,Bottleneck,Optimal,0.15000000000000002,883.020413656749,46,0,1.0
5,Bottleneck,Optimal,0.15000000000000002,883.020413656749,46,0,1.0
5,Bottleneck,Optimal,0.0,400.0,22,0,1.0
5,Bottleneck,Optimal,0.2,331.56842331699954,19,0,1.0
5,Bottleneck,Optimal,0.0,800.0,41,0,1.0
5,Bottleneck,Optimal,0.8500000000000002,935.8367106855361,48,0,1.0
5,Bottleneck,Optimal,0.1,495.912412795793,28,0,1.0
5,Bottleneck,Optimal,0.25,1072.8975771037824,55,0,1.0
5,Bottleneck,Optimal,0.2,903.6123295558461,47,0,1.0
5,Bottleneck,Optimal,0.0,800.0,41,0,1.0
5,Bottleneck,Optimal,0.49999999999999994,729.9931289961589,44,0,1.0
5,Bottleneck,Optimal,0.0,800.0,41,0,1.0
5,Bottleneck,Optimal,0.8000000000000002,775.909170758802,43,0,1.0
5,Bottleneck,Optimal,0.2,903.6123295558461,47,0,1.0
5,Bottleneck,Optimal,0.25,924.77122477531,48,0,1.0
5,Bottleneck,Optimal,0.7500000000000001,793.5144660071187,48,0,1.0
5,Bottleneck,Optimal,0.0,632.4555320336759,33,0,1.0
5,Bottleneck,Optimal,0.0,600.0,31,0,1.0
5,Bottleneck,Optimal,0.49999999999999994,730.0563079745768,44,0,1.0
5,Bottleneck,Optimal,0.25,651.3233075965879,37,0,1.0
5,Bottleneck,Optimal,0.39999999999999997,1067.2260116448406,54,0,1.0
5,Bottleneck,Optimal,0.5499999999999999,1362.221651199754,68,0,1.0
5,Bottleneck,Optimal,0.65,735.3910524340095,51,0,1.0
5,Bottleneck,Optimal,0.0,282.842712474619,16,0,1.0
5,Bottleneck,Optimal,0.3,854.395338229719,48,0,1.0
5,Bottleneck,Optimal,0.0,600.0,31,0,1.0
5,Bottleneck,Optimal,0.0,800.0,41,0,1.0
5,Bottleneck,Optimal,0.0,600.0,31,0,1.0
5,Bottleneck,Optimal,0.7500000000000001,1007.3592581964585,51,0,1.0
5,Bottleneck,Optimal,0.65,735.3910524340095,51,0,1.0
5,Bottleneck,Optimal,0.25,1245.9574579560356,63,0,1.0
5,Bottleneck,Optimal,0.2,1040.9301653693037,53,0,1.0
5,Bottleneck,Optimal,0.0,200.0,12,0,1.0
5,Bottleneck,Optimal,0.44999999999999996,981.7447997350708,50,0,1.0
5,Bottleneck,Optimal,0.0,600.0,31,0,1.0
5,Bottleneck,Optimal,0.0,600.0,31,0,1.0
5,Bottleneck,Optimal,0.3,1053.3345088597523,54,0,1.0
5,Bottleneck,Optimal,0.25,1046.9598700510512,53,0,1.0
5,Bottleneck,Optimal,0.39999999999999997,668.0886106671857,44,0,1.0
5,Bottleneck,Optimal,0.0,447.21359549995793,24,0,1.0
5,Bottleneck,Optimal,0.8000000000000002,942.2992739164406,56,0,1.0
5,Bottleneck,Optimal,0.0,824.6211251235321,42,0,1.0
5,Bottleneck,Optimal,0.8000000000000002,1370.8980811493811,69,0,1.0
5,Bottleneck,Optimal,0.0,1400.0,70,0,1.0
5,Bottleneck,Optimal,0.0,400.0,22,0,1.0
5,Bottleneck,Optimal,0.7500000000000001,1000.0,58,0,1.0
5,Bottleneck,Optimal,0.9000000000000002,1227.6937700117123,62,0,1.0
5,Bottleneck,Optimal,0.05,738.52322526484,39,0,1.0
5,Bottleneck,Optimal,0.39999999999999997,837.5290020199011,43,0,1.0
5,Bottleneck,Optimal,0.8500000000000002,1234.117471034354,62,0,1.0
5,Bottleneck,Optimal,0.44999999999999996,699.0233342695731,37,0,1.0
5,Bottleneck,Optimal,0.6,1006.5627733063576,53,0,1.0
5,Bottleneck,Optimal,0.6,1520.080554982268,76,0,1.0
5,Bottleneck,Optimal,0.6,1339.0507270562512,67,0,1.0
5,Bottleneck,Optimal,0.5499999999999999,948.1040556014555,53,0,1.0
5,Bottleneck,Optimal,0.2,525.5076038820234,29,0,1.0
5,Bottleneck,Optimal,0.8500000000000002,1234.117471034354,62,0,1.0
5,Bottleneck,Optimal,0.2,452.8505897241598,27,0,1.0
5,Bottleneck,Optimal,0.8000000000000002,1370.8980811493811,69,0,1.0
5,Bottleneck,Optimal,0.6,1339.0507270562512,67,0,1.0
5,Bottleneck,Optimal,0.0,1019.803902718557,51,0,1.0
5,Bottleneck,Optimal,0.65,829.3204275536812,50,0,1.0
5,Bottleneck,Optimal,0.0,632.4555320336759,33,0,1.0
5,Bottleneck,Optimal,0.39999999999999997,1228.7313865470842,64,0,1.0
5,Bottleneck,Optimal,0.49999999999999994,1134.127583005308,62,0,1.0
5,Bottleneck,Optimal,0.0,447.21359549995793,24,0,1.0
5,Bottleneck,Optimal,0.39999999999999997,922.3307750377292,50,0,1.0
5,Bottleneck,Optimal,0.6,979.6465978699664,55,0,1.0
5,Bottleneck,Optimal,0.5499999999999999,816.3176755831487,42,0,1.0
5,Bottleneck,Optimal,0.49999999999999994,667.9501751367939,35,0,1.0
5,Bottleneck,Optimal,0.8500000000000002,965.9358134445683,56,0,1.0
5,Bottleneck,Optimal,0.15000000000000002,295.466365984398,18,0,1.0
5,Bottleneck,Optimal,0.44999999999999996,846.9620193364918,46,0,1.0
5,Bottleneck,Optimal,0.39999999999999997,922.3307750377292,50,0,1.0
5,Bottleneck,Optimal,0.39999999999999997,922.3307750377292,50,0,1.0
5,Bottleneck,Optimal,0.6,906.901378884144,51,0,1.0
5,Bottleneck,Optimal,0.0,400.0,22,0,1.0
5,Bottleneck,Optimal,0.8500000000000002,965.9358134445683,56,0,1.0
5,Bottleneck,Optimal,0.0,400.0,22,0,1.0
5,Bottleneck,Optimal,0.6,979.6465978699664,55,0,1.0
5,Bottleneck,Optimal,0.39999999999999997,922.3307750377292,50,0,1.0
5,Bottleneck,Optimal,0.0,447.21359549995793,24,0,1.0
5,Bottleneck,Optimal,0.2,517.2945369977791,28,0,1.0
5,Bottleneck,Optimal,0.0,600.0,31,0,1.0
5,Bottleneck,Optimal,0.3,651.0875901263862,38,0,1.0
5,Bottleneck,Optimal,0.7000000000000001,799.2290166216927,42,0,1.0
5,Bottleneck,Optimal,0.0,200.0,12,0,1.0
5,Bottleneck,Optimal,0.3,480.5021531514363,28,0,1.0
5,Bottleneck,Optimal,0.3,1029.8648331830225,55,0,1.0
5,Bottleneck,Optimal,0.39999999999999997,932.2095856327455,49,0,1.0
5,Bottleneck,Optimal,0.3,490.1508352153978,28,0,1.0
5,Bottleneck,Optimal,0.35,1025.1446626439656,55,0,1.0
5,Bottleneck,Optimal,0.0,200.0,12,0,1.0
5,Bottleneck,Optimal,0.0,800.0,41,0,1.0
5,Bottleneck,Optimal,0.15000000000000002,632.0887853096393,33,0,1.0
5,Bottleneck,Optimal,0.0,1166.19037896906,58,0,1.0
5,Bottleneck,Optimal,0.0,800.0,41,0,1.0
5,Bottleneck,Optimal,0.7500000000000001,885.784902405349,46,0,1.0
5,Bottleneck,Optimal,0.5499999999999999,885.2074325596927,45,0,1.0
5,Bottleneck,Optimal,0.49999999999999994,739.4468084410968,39,0,1.0
5,Bottleneck,Optimal,0.0,600.0,31,0,1.0
5,Bottleneck,Optimal,0.6,730.7457593135525,38,0,1.0
5,Bottleneck,Optimal,0.65,992.6164654931235,51,0,1.0
5,Bottleneck,Optimal,0.1,1001.8362231061835,52,0,1.0
5,Bottleneck,Optimal,0.0,200.0,12,0,1.0
5,Bottleneck,Optimal,0.0,400.0,22,0,1.0
5,Bottleneck,Optimal,0.7000000000000001,872.5492299344946,45,0,1.0
5,Bottleneck,Optimal,0.7000000000000001,987.55786373306,57,0,1.0
5,Bottleneck,Optimal,0.35,803.4809558790706,45,0,1.0
5,Bottleneck,Optimal,0.65,963.7513709277804,50,0,1.0
5,Bottleneck,Optimal,0.7500000000000001,855.1223795254064,45,0,1.0
5,Bottleneck,Optimal,0.35,658.9644471309642,35,0,1.0
5,Bottleneck,Optimal,0.2,1096.5259071493012,56,0,1.0
5,Bottleneck,Optimal,0.2,919.0917190982617,48,0,1.0
5,Bottleneck,Optimal,0.0,600.0,31,0,1.0
5,Bottleneck,Optimal,0.7500000000000001,855.1223795254064,50,0,1.0
5,Bottleneck,Optimal,0.5499999999999999,919.5823874785569,48,0,1.0
5,Bottleneck,Optimal,0.7000000000000001,779.6231543514223,41,0,1.0
5,Bottleneck,Optimal,0.65,992.6164654931235,51,0,1.0
5,Bottleneck,Optimal,0.2,919.0917190982617,48,0,1.0
5,Bottleneck,Optimal,0.0,200.0,12,0,1.0
5,Bottleneck,Optimal,0.5499999999999999,580.063197396863,34,0,1.0
5,Bottleneck,Optimal,0.44999999999999996,1009.6987405076616,51,0,1.0
5,Bottleneck,Optimal,0.0,800.0,41,0,1.0
5,Bottleneck,Optimal,0.0,400.0,22,0,1.0
5,Bottleneck,Optimal,0.3,1233.417134971284,64,0,1.0
5,Bottleneck,Optimal,0.25,1104.987562112089,56,0,1.0
5,Bottleneck,Optimal,0.5499999999999999,752.3884243161114,42,0,1.0
5,Bottleneck,Optimal,0.0,1200.0,60,0,1.0
5,Bottleneck,Optimal,0.0,400.0,22,0,1.0
5,Bottleneck,Optimal,0.0,400.0,22,0,1.0
5,Bottleneck,Optimal,0.0,400.0,22,0,1.0
5,Bottleneck,Optimal,0.2,927.5848040166836,47,0,1.0
5,Bottleneck,Optimal,0.0,1000.0,51,0,1.0
5,Bottleneck,Optimal,0.15000000000000002,537.0744176750626,28,0,1.0
5,Bottleneck,Optimal,0.25,1144.030650891055,58,0,1.0
5,Bottleneck,Optimal,0.0,400.0,22,0,1.0
5,Bottleneck,Optimal,0.0,400.0,22,0,1.0
5,Bottleneck,Optimal,0.39999999999999997,995.224520712844,51,0,1.0
5,Bottleneck,Optimal,0.7000000000000001,879.1470785233373,50,0,1.0
5,Bottleneck,Optimal,0.3,1117.0127306498312,58,0,1.0
5,Bottleneck,Optimal,0.39999999999999997,558.9026653776205,32,0,1.0
5,Bottleneck,Optimal,0.65,1286.5573629941764,67,0,1.0
5,Bottleneck,Optimal,0.7000000000000001,1270.0838833135656,65,0,1.0
5,Bottleneck,Optimal,0.3,904.0312038070375,47,0,1.0
5,Bottleneck,Optimal,0.7000000000000001,1106.0107536024975,56,0,1.0
5,Bottleneck,Optimal,0.49999999999999994,721.6817041818506,45,0,1.0
5,Bottleneck,Optimal,0.39999999999999997,589.2046134535948,32,0,1.0
5,Bottleneck,Optimal,0.39999999999999997,590.8899960696822,32,0,1.0
5,Bottleneck,Optimal,0.15000000000000002,968.9644773307467,49,0,1.0
5,Bottleneck,Optimal,0.7000000000000001,1283.1728821966944,66,0,1.0
5,Bottleneck,Optimal,0.44999999999999996,961.6007140953512,49,0,1.0
5,Bottleneck,Optimal,0.0,1019.803902718557,51,0,1.0
5,Bottleneck,Optimal,0.39999999999999997,590.8899960696822,32,0,1.0
5,Bottleneck,Optimal,0.39999999999999997,590.8899960696822,32,0,1.0
5,Bottleneck,Optimal,0.0,824.6211251235321,42,0,1.0
5,Bottleneck,Optimal,0.0,400.0,22,0,1.0
5,Bottleneck,Optimal,0.2,762.198138940488,40,0,1.0
5,Bottleneck,Optimal,0.6,1034.8324946639348,59,0,1.0
5,Bottleneck,Optimal,0.5499999999999999,1022.9141719374179,52,0,1.0
5,Bottleneck,Optimal,0.44999999999999996,900.9614004443795,46,0,1.0
5,Bottleneck,Optimal,0.7500000000000001,852.6379802230194,45,0,1.0
5,Bottleneck,Optimal,0.6,779.6558299393307,41,0,1.0
5,Bottleneck,Optimal,0.6,921.5233547422472,47,0,1.0
5,Bottleneck,Optimal,0.49999999999999994,735.4065922853802,38,0,1.0
5,Bottleneck,Optimal,0.0,600.0,31,0,1.0
5,Bottleneck,Optimal,0.7500000000000001,852.6379802230194,49,0,1.0
5,Bottleneck,Optimal,0.2,794.5580067465642,42,0,1.0
5,Bottleneck,Optimal,0.2,452.8505897241598,27,0,1.0
5,Bottleneck,Optimal,0.7500000000000001,1044.4974403029275,53,0,1.0
5,Bottleneck,Optimal,0.5499999999999999,994.9340587869735,51,0,1.0
5,Bottleneck,Optimal,0.0,400.0,22,0,1.0
5,Bottleneck,Optimal,0.0,600.0,31,0,1.0
5,Bottleneck,Optimal,0.6,900.8380088742708,52,0,1.0
5,Bottleneck,Optimal,0.39999999999999997,1067.2260116448406,54,0,1.0
5,Bottleneck,Optimal,0.0,447.21359549995793,24,0,1.0
5,Bottleneck,Optimal,0.0,800.0,41,0,1.0
5,Bottleneck,Optimal,0.0,400.0,22,0,1.0
5,Bottleneck,Optimal,0.0,1000.0,51,0,1.0
5,Bottleneck,Optimal,0.0,800.0,41,0,1.0
5,Bottleneck,Optimal,0.0,200.0,12,0,1.0
5,Bottleneck,Optimal,0.6,1136.4056087763938,58,0,1.0
5,Bottleneck,Optimal,0.49999999999999994,730.0563079745768,38,0,1.0
5,Bottleneck,Optimal,0.1,489.2346955506025,27,0,1.0
5,Bottleneck,Optimal,0.0,800.0,41,0,1.0
5,Bottleneck,Optimal,0.0,800.0,41,0,1.0
5,Bottleneck,Optimal,0.0,400.0,22,0,1.0
5,Bottleneck,Optimal,0.0,824.6211251235321,42,0,1.0
5,Bottleneck,Optimal,0.35,1116.622637513725,57,0,1.0
5,Bottleneck,Optimal,0.05,828.0784641312849,44,0,1.0
5,Bottleneck,Optimal,0.0,800.0,41,0,1.0
5,Bottleneck,Optimal,0.0,400.0,22,0,1.0
5,Bottleneck,Optimal,0.0,400.0,22,0,1.0
5,Bottleneck,Optimal,0.0,200.0,12,0,1.0
5,Bottleneck,Optimal,0.1,699.1378304261543,37,0,1.0
5,Bottleneck,Optimal,0.0,1000.0,51,0,1.0
5,Bottleneck,Optimal,0.0,721.1102550927978,37,0,1.0
5,Bottleneck,Optimal,0.1,929.986422705946,48,0,1.0
5,Bottleneck,Optimal,0.2,283.61406051104257,19,0,1.0
5,Bottleneck,Optimal,0.0,200.0,12,0,1.0
5,Bottleneck,Optimal,0.15000000000000002,767.9956509804989,40,0,1.0
5,Bottleneck,Optimal,0.2,299.8790437068526,18,0,1.0
5,Bottleneck,Optimal,0.0,1000.0,51,0,1.0
5,Bottleneck,Optimal,0.5499999999999999,640.0,34,0,1.0
5,Bottleneck,Optimal,0.39999999999999997,885.6654016229662,48,0,1.0
5,Bottleneck,Optimal,0.2,1087.1742649611338,55,0,1.0
5,Bottleneck,Optimal,0.2,927.5848040166836,47,0,1.0
5,Bottleneck,Optimal,0.0,800.0,41,0,1.0
5,Bottleneck,Optimal,0.5499999999999999,677.2913902908638,39,0,1.0
5,Bottleneck,Optimal,0.0,800.0,41,0,1.0
5,Bottleneck,Optimal,0.6,928.1860213634102,48,0,1.0
5,Bottleneck,Optimal,0.2,927.5848040166836,47,0,1.0
5,Bottleneck,Optimal,0.1,875.224520712844,45,0,1.0
5,Bottleneck,Optimal,0.35,845.8550433596303,45,0,1.0
5,Bottleneck,Optimal,0.0,1000.0,51,0,1.0
5,Bottleneck,Optimal,0.3,521.3447292818937,32,0,1.0
5,Bottleneck,Optimal,0.15000000000000002,691.0157045731831,37,0,1.0
5,Bottleneck,Optimal,0.25,1103.3307485804269,56,0,1.0
5,Bottleneck,Optimal,0.15000000000000002,1068.4182165133552,54,0,1.0
5,Bottleneck,Optimal,0.2,1048.650661557647,53,0,1.0
5,Bottleneck,Optimal,0.3,467.9428454762872,26,0,1.0
5,Bottleneck,Optimal,0.0,1000.0,51,0,1.0
5,Bottleneck,Optimal,0.6,871.3631019518899,46,0,1.0
5,Bottleneck,Optimal,0.0,1019.803902718557,51,0,1.0
5,Bottleneck,Optimal,0.25,1103.3307485804269,56,0,1.0
5,Bottleneck,Optimal,0.25,919.8609163125682,47,0,1.0
5,Bottleneck,Optimal,0.0,1019.803902718557,51,0,1.0
5,Bottleneck,Optimal,0.0,447.21359549995793,24,0,1.0
5,Bottleneck,Optimal,0.5499999999999999,654.840832909397,36,0,1.0
5,Bottleneck,Optimal,0.35,488.7485873205891,28,0,1.0
5,Bottleneck,Optimal,0.0,400.0,22,0,1.0
5,Bottleneck,Optimal,0.0,1019.803902718557,51,0,1.0
5,Bottleneck,Optimal,0.0,200.0,12,0,1.0
5,Bottleneck,Optimal,0.49999999999999994,1085.3207461071977,55,0,1.0
5,Bottleneck,Optimal,0.5499999999999999,654.840832909397,36,0,1.0
5,Bottleneck,Optimal,0.5499999999999999,654.840832909397,36,0,1.0
5,Bottleneck,Optimal,0.0,721.1102550927978,37,0,1.0
5,Bottleneck,Optimal,0.0,800.0,41,0,1.0
5,Bottleneck,Optimal,0.0,800.0,41,0,1.0
5,Bottleneck,Optimal,0.0,800.0,41,0,1.0
5,Bottleneck,Optimal,0.7000000000000001,1033.8338070954428,56,0,1.0
5,Bottleneck,Optimal,0.15000000000000002,285.41728776322674,18,0,1.0
5,Bottleneck,Optimal,0.65,1015.5515733378572,56,0,1.0
5,Bottleneck,Optimal,0.15000000000000002,497.6747515569409,27,0,1.0
5,Bottleneck,Optimal,0.0,800.0,41,0,1.0
5,Bottleneck,Optimal,0.0,800.0,41,0,1.0
5,Bottleneck,Optimal,0.5499999999999999,885.2074325596927,45,0,1.0
5,Bottleneck,Optimal,0.0,600.0,31,0,1.0
5,Bottleneck,Optimal,0.0,400.0,22,0,1.0
5,Bottleneck,Optimal,0.6,895.8455907762782,46,0,1.0
5,Bottleneck,Optimal,0.0,600.0,31,0,1.0
5,Bottleneck,Optimal,0.65,738.0141488889658,39,0,1.0
5,Bottleneck,Optimal,0.35,838.8142748827782,44,0,1.0
5,Bottleneck,Optimal,0.0,400.0,22,0,1.0
5,Bottleneck,Optimal,0.0,400.0,22,0,1.0
5,Bottleneck,Optimal,0.35,658.9644471309642,35,0,1.0
5,Bottleneck,Optimal,0.0,200.0,12,0,1.0
5,Bottleneck,Optimal,0.15000000000000002,1068.4182165133552,54,0,1.0
5,Bottleneck,Optimal,0.0,1000.0,51,0,1.0
5,Bottleneck,Optimal,0.1,834.9677959377593,44,0,1.0
5,Bottleneck,Optimal,0.0,1264.9110640673518,63,0,1.0
5,Bottleneck,Optimal,0.49999999999999994,448.6446680791921,25,0,1.0
5,Bottleneck,Optimal,0.0,200.0,12,0,1.0
5,Bottleneck,Optimal,0.39999999999999997,874.7148185025474,50,0,1.0
5,Bottleneck,Optimal,0.2,908.4927545670773,47,0,1.0
5,Bottleneck,Optimal,0.0,1000.0,51,0,1.0
5,Bottleneck,Optimal,0.5499999999999999,766.3020616505094,40,0,1.0
5,Bottleneck,Optimal,0.05,1085.0403754595327,56,0,1.0
5,Bottleneck,Optimal,0.0,200.0,12,0,1.0
5,Bottleneck,Optimal,0.0,200.0,12,0,1.0
5,Bottleneck,Optimal,0.6,782.1635522589306,47,0,1.0
5,Bottleneck,Optimal,0.35,1122.7601404679847,57,0,1.0
5,Bottleneck,Optimal,0.0,400.0,22,0,1.0
5,Bottleneck,Optimal,0.49999999999999994,848.5281374238571,44,0,1.0
5,Bottleneck,Optimal,0.49999999999999994,882.842712474619,45,0,1.0
5,Bottleneck,Optimal,0.49999999999999994,882.842712474619,45,0,1.0
5,Bottleneck,Optimal,0.0,600.0,31,0,1.0
5,Bottleneck,Optimal,0.65,1137.5679831914308,58,0,1.0
5,Bottleneck,Optimal,0.7000000000000001,799.2290166216927,42,0,1.0
5,Bottleneck,Optimal,0.0,1000.0,51,0,1.0
5,Bottleneck,Optimal,0.0,1000.0,51,0,1.0
5,Bottleneck,Optimal,0.7000000000000001,994.0086674501783,51,0,1.0
5,Bottleneck,Optimal,0.49999999999999994,1056.888487072772,54,0,1.0
5,Bottleneck,Optimal,0.49999999999999994,623.328153372803,34,0,1.0
5,Bottleneck,Optimal,0.7500000000000001,850.2569538185902,44,0,1.0
5,Bottleneck,Optimal,0.6,932.2168951732524,48,0,1.0
5,Bottleneck,Optimal,0.65,1132.2729966148331,57,0,1.0
5,Bottleneck,Optimal,0.35,1103.3890151130468,56,0,1.0
5,Bottleneck,Optimal,0.0,200.0,12,0,1.0
5,Bottleneck,Optimal,0.3,244.75293665245368,18,0,1.0
5,Bottleneck,Optimal,0.25,937.6836869029028,48,0,1.0
5,Bottleneck,Optimal,0.3,947.3467708220197,48,0,1.0
