Time,Connectivity,Reachability
0.00,1,1.00
0.17,1,1.00
0.33,1,1.00
0.50,1,1.00
0.67,1,1.00
0.83,0,0.80
1.00,0,0.80
1.17,0,0.80
1.33,0,0.80
1.50,0,0.80
1.67,0,0.80
1.83,0,0.80
2.00,0,0.80
2.17,0,0.80
2.33,0,0.80
2.50,0,0.80
2.67,0,0.80
2.83,0,0.80
3.00,0,0.80
3.17,0,0.80
3.33,0,0.80
3.50,0,0.80
3.67,0,0.80
3.83,0,0.49
4.00,0,0.49
4.17,0,0.49
4.33,0,0.49
4.50,0,0.49
4.67,0,0.49
4.83,0,0.49
5.00,0,0.49
5.17,0,0.49
5.33,0,0.49
5.50,0,0.49
5.67,0,0.49
5.83,0,0.49
6.00,0,0.49
6.17,0,0.49
6.33,0,0.49
6.50,0,0.49
6.67,0,0.49
6.83,0,0.49
7.00,0,0.49
7.17,0,0.49
7.33,0,0.49
7.50,0,0.49
7.67,0,0.49
7.83,0,0.49
8.00,0,0.49
8.17,0,0.49
8.33,0,0.49
8.50,0,0.49
8.67,0,0.22
8.83,0,0.22
9.00,0,0.22
9.17,0,0.22
9.33,0,0.22
9.50,0,0.22
9.67,0,0.22
9.83,0,0.22
10.00,0,0.22
10.17,0,0.22
10.33,0,0.22
10.50,0,0.22
10.67,0,0.22
10.83,0,0.22
11.00,0,0.22
11.17,0,0.22
11.33,0,0.22
11.50,0,0.22
11.67,0,0.22
11.83,0,0.22
12.00,0,0.22
12.17,0,0.22
12.33,0,0.22
12.50,0,0.22
12.67,0,0.22
12.83,0,0.22
13.00,0,0.22
13.17,0,0.22
13.33,0,0.22
13.50,0,0.22
13.67,0,0.22
13.83,0,0.22
14.00,0,0.22
14.17,0,0.22
14.33,0,0.22
14.50,0,0.22
14.67,0,0.22
14.83,0,0.22
15.00,0,0.22
15.17,0,0.22
15.33,0,0.22
15.50,0,0.22
15.67,0,0.22
15.83,0,0.22
16.00,0,0.22
16.17,0,0.22
16.33,0,0.31
16.50,0,0.31
16.67,0,0.31
16.83,0,0.31
17.00,0,0.31
17.17,0,0.31
17.33,0,0.31
17.50,0,0.31
17.67,0,0.31
17.83,0,0.31
18.00,0,0.31
18.17,0,0.31
18.33,0,0.31
18.50,0,0.31
18.67,0,0.31
18.83,0,0.31
19.00,0,0.31
19.17,0,0.31
19.33,0,0.31
19.50,0,0.53
19.67,1,1.00
19.83,1,1.00
20.00,1,1.00
20.00,1,1.00
20.17,1,1.00
20.33,1,1.00
20.50,1,1.00
20.67,1,1.00
20.83,1,1.00
21.00,1,1.00
21.17,1,1.00
21.33,1,1.00
21.50,1,1.00
21.67,1,1.00
21.83,1,1.00
22.00,1,1.00
22.17,1,1.00
22.33,1,1.00
22.50,1,1.00
22.67,1,1.00
22.83,1,1.00
23.00,1,1.00
23.17,1,1.00
23.33,1,1.00
23.50,1,1.00
23.67,1,1.00
23.83,1,1.00
24.00,1,1.00
24.17,1,1.00
24.33,1,1.00
24.50,1,1.00
24.67,1,1.00
24.83,1,1.00
25.00,0,0.53
25.17,0,0.53
25.33,0,0.53
25.50,0,0.53
25.67,0,0.53
25.83,0,0.53
26.00,0,0.53
26.17,0,0.53
26.33,0,0.53
26.50,0,0.53
26.67,0,0.53
26.83,0,0.53
27.00,0,0.53
27.17,0,0.53
27.33,0,0.53
27.50,0,0.53
27.67,0,0.53
27.83,0,0.53
28.00,0,0.53
28.17,0,0.53
28.33,0,0.53
28.50,0,0.53
28.67,0,0.53
28.83,0,0.27
29.00,0,0.27
29.17,0,0.27
29.33,0,0.27
29.50,0,0.27
29.67,0,0.27
29.83,0,0.27
30.00,0,0.27
30.17,0,0.27
30.33,0,0.18
30.50,0,0.18
30.67,0,0.18
30.83,0,0.18
31.00,0,0.18
31.17,0,0.18
31.33,0,0.18
31.50,0,0.18
31.67,0,0.18
31.83,0,0.18
32.00,0,0.18
32.17,0,0.18
32.33,0,0.18
32.50,0,0.18
32.67,0,0.18
32.83,0,0.18
33.00,0,0.18
33.17,0,0.18
33.33,0,0.18
33.50,0,0.18
33.67,0,0.18
33.83,0,0.18
34.00,0,0.18
34.17,0,0.18
34.33,0,0.18
34.50,0,0.18
34.67,0,0.18
34.83,0,0.18
35.00,0,0.18
35.17,0,0.18
35.33,0,0.18
35.50,0,0.18
35.67,0,0.18
35.83,0,0.18
36.00,0,0.18
36.17,0,0.18
36.33,0,0.18
36.50,0,0.18
36.67,0,0.18
36.83,0,0.18
37.00,0,0.18
37.17,0,0.18
37.33,0,0.18
37.50,0,0.18
37.67,0,0.18
37.83,0,0.18
38.00,0,0.18
38.17,0,0.27
38.33,0,0.27
38.50,0,0.27
38.67,0,0.27
38.83,0,0.27
39.00,0,0.27
39.17,0,0.27
39.33,0,0.27
39.50,0,0.27
39.67,0,0.53
39.83,1,1.00
40.00,1,1.00
40.00,1,1.00
40.17,1,1.00
40.33,1,1.00
40.50,1,1.00
40.67,0,0.53
40.83,0,0.53
41.00,0,0.53
41.17,0,0.53
41.33,0,0.53
41.50,0,0.53
41.67,0,0.53
41.83,0,0.53
42.00,0,0.27
42.17,0,0.27
42.33,0,0.27
42.50,0,0.27
42.67,0,0.27
42.83,0,0.27
43.00,0,0.27
43.17,0,0.27
43.33,0,0.27
43.50,0,0.27
43.67,0,0.27
43.83,0,0.18
44.00,0,0.18
44.17,0,0.18
44.33,0,0.18
44.50,0,0.18
44.67,0,0.18
44.83,0,0.18
45.00,0,0.18
45.17,0,0.18
45.33,0,0.18
45.50,0,0.18
45.67,0,0.18
45.83,0,0.18
46.00,0,0.18
46.17,0,0.18
46.33,0,0.18
46.50,0,0.18
46.67,0,0.18
46.83,0,0.18
47.00,0,0.18
47.17,0,0.18
47.33,0,0.18
47.50,0,0.18
47.67,0,0.18
47.83,0,0.18
48.00,0,0.18
48.17,0,0.36
48.33,0,0.36
48.50,0,0.36
48.67,0,0.36
48.83,0,0.36
49.00,0,0.36
49.17,0,0.36
49.33,0,0.36
49.50,0,0.36
49.67,0,0.36
49.83,0,0.49
50.00,0,0.49
50.17,0,0.49
50.33,0,0.49
50.50,0,0.49
50.67,0,0.49
50.83,0,0.49
51.00,0,0.49
51.17,0,0.49
51.33,0,0.49
51.50,0,0.49
51.67,0,0.49
51.83,0,0.49
52.00,0,0.22
52.17,0,0.22
52.33,0,0.22
52.50,0,0.22
52.67,0,0.22
52.83,0,0.22
53.00,0,0.22
53.17,0,0.22
53.33,0,0.22
53.50,0,0.22
53.67,0,0.22
53.83,0,0.22
54.00,0,0.22
54.17,0,0.22
54.33,0,0.22
54.50,0,0.22
54.67,0,0.22
54.83,0,0.22
55.00,0,0.22
55.17,0,0.22
55.33,0,0.22
55.50,0,0.22
55.67,0,0.22
55.83,0,0.22
56.00,0,0.22
56.17,0,0.22
56.33,0,0.22
56.50,0,0.22
56.67,0,0.22
56.83,0,0.22
57.00,0,0.22
57.17,0,0.22
57.33,0,0.22
57.50,0,0.22
57.67,0,0.22
57.83,0,0.22
58.00,0,0.22
58.17,0,0.22
58.33,0,0.22
58.50,0,0.22
58.67,0,0.22
58.83,0,0.22
59.00,0,0.22
59.17,0,0.22
59.33,0,0.22
59.50,0,0.31
59.67,0,0.31
59.83,1,1.00
60.00,1,1.00
60.00,1,1.00
60.17,1,1.00
60.33,1,1.00
60.50,0,0.47
60.67,0,0.47
60.83,0,0.47
61.00,0,0.47
61.17,0,0.47
61.33,0,0.47
61.50,0,0.47
61.67,0,0.47
61.83,0,0.47
62.00,0,0.47
62.17,0,0.47
62.33,0,0.47
62.50,0,0.47
62.67,0,0.47
62.83,0,0.47
63.00,0,0.47
63.17,0,0.47
63.33,0,0.47
63.50,0,0.47
63.67,0,0.47
63.83,0,0.36
64.00,0,0.36
64.17,0,0.36
64.33,0,0.36
64.50,0,0.36
64.67,0,0.36
64.83,0,0.36
65.00,0,0.36
65.17,0,0.36
65.33,0,0.36
65.50,0,0.36
65.67,0,0.36
65.83,0,0.36
66.00,0,0.36
66.17,0,0.36
66.33,0,0.36
66.50,0,0.36
66.67,0,0.36
66.83,0,0.36
67.00,0,0.36
67.17,0,0.36
67.33,0,0.36
67.50,0,0.36
67.67,0,0.36
67.83,0,0.22
68.00,0,0.22
68.17,0,0.22
68.33,0,0.22
68.50,0,0.22
68.67,0,0.22
68.83,0,0.22
69.00,0,0.22
69.17,0,0.22
69.33,0,0.22
69.50,0,0.22
69.67,0,0.22
69.83,0,0.22
70.00,0,0.22
70.17,0,0.22
70.33,0,0.22
70.50,0,0.22
70.67,0,0.22
70.83,0,0.22
71.00,0,0.22
71.17,0,0.22
71.33,0,0.22
71.50,0,0.22
71.67,0,0.22
71.83,0,0.22
72.00,0,0.22
72.17,0,0.22
72.33,0,0.22
72.50,0,0.22
72.67,0,0.22
72.83,0,0.22
73.00,0,0.22
73.17,0,0.22
73.33,0,0.22
73.50,0,0.22
73.67,0,0.22
73.83,0,0.22
74.00,0,0.22
74.17,0,0.22
74.33,0,0.22
74.50,0,0.22
74.67,0,0.22
74.83,0,0.22
75.00,0,0.22
75.17,0,0.22
75.33,0,0.22
75.50,0,0.22
75.67,0,0.22
75.83,0,0.49
76.00,0,0.49
76.17,0,0.49
76.33,0,0.64
76.50,0,0.64
76.67,0,0.64
76.83,0,0.64
77.00,0,0.64
77.17,0,0.64
77.33,0,0.64
77.50,0,0.64
77.67,0,0.64
77.83,0,0.64
78.00,0,0.64
78.17,0,0.64
78.33,0,0.64
78.50,0,0.64
78.67,0,0.64
78.83,0,0.64
79.00,0,0.64
79.17,0,0.64
79.33,1,1.00
79.50,1,1.00
79.67,1,1.00
79.83,1,1.00
80.00,1,1.00
80.00,1,1.00
80.17,1,1.00
80.33,1,1.00
80.50,0,0.80
80.67,0,0.80
80.83,0,0.49
81.00,0,0.49
81.17,0,0.49
81.33,0,0.49
81.50,0,0.49
81.67,0,0.49
81.83,0,0.49
82.00,0,0.49
82.17,0,0.49
82.33,0,0.49
82.50,0,0.49
82.67,0,0.49
82.83,0,0.49
83.00,0,0.49
83.17,0,0.49
83.33,0,0.49
83.50,0,0.49
83.67,0,0.49
83.83,0,0.49
84.00,0,0.49
84.17,0,0.49
84.33,0,0.49
84.50,0,0.49
84.67,0,0.49
84.83,0,0.49
85.00,0,0.49
85.17,0,0.49
85.33,0,0.49
85.50,0,0.49
85.67,0,0.49
85.83,0,0.49
86.00,0,0.49
86.17,0,0.27
86.33,0,0.27
86.50,0,0.27
86.67,0,0.27
86.83,0,0.27
87.00,0,0.27
87.17,0,0.27
87.33,0,0.27
87.50,0,0.27
87.67,0,0.27
87.83,0,0.24
88.00,0,0.24
88.17,0,0.24
88.33,0,0.24
88.50,0,0.24
88.67,0,0.24
88.83,0,0.16
89.00,0,0.16
89.17,0,0.16
89.33,0,0.16
89.50,0,0.16
89.67,0,0.16
89.83,0,0.16
90.00,0,0.16
90.17,0,0.16
90.33,0,0.16
90.50,0,0.16
90.67,0,0.16
90.83,0,0.16
91.00,0,0.16
91.17,0,0.16
91.33,0,0.24
91.50,0,0.24
91.67,0,0.24
91.83,0,0.24
92.00,0,0.24
92.17,0,0.24
92.33,0,0.24
92.50,0,0.24
92.67,0,0.24
92.83,0,0.24
93.00,0,0.24
93.17,0,0.24
93.33,0,0.24
93.50,0,0.24
93.67,0,0.24
93.83,0,0.24
94.00,0,0.24
94.17,0,0.24
94.33,0,0.24
94.50,0,0.24
94.67,0,0.24
94.83,0,0.24
95.00,0,0.24
95.17,0,0.24
95.33,0,0.24
95.50,0,0.24
95.67,0,0.24
95.83,0,0.24
96.00,0,0.24
96.17,0,0.24
96.33,0,0.24
96.50,0,0.24
96.67,0,0.24
96.83,0,0.24
97.00,0,0.24
97.17,0,0.24
97.33,0,0.24
97.50,0,0.24
97.67,0,0.24
97.83,0,0.24
98.00,0,0.24
98.17,0,0.24
98.33,0,0.24
98.50,0,0.24
98.67,0,0.24
98.83,0,0.24
99.00,0,0.24
99.17,0,0.24
99.33,0,0.62
99.50,0,0.80
99.67,1,1.00
99.83,1,1.00
100.00,1,1.00
100.00,1,1.00
100.17,1,1.00
100.33,1,1.00
100.50,1,1.00
100.67,1,1.00
100.83,1,1.00
101.00,1,1.00
101.17,1,1.00
101.33,1,1.00
101.50,1,1.00
101.67,1,1.00
101.83,1,1.00
102.00,1,1.00
102.17,1,1.00
102.33,1,1.00
102.50,1,1.00
102.67,1,1.00
102.83,1,1.00
103.00,1,1.00
103.17,1,1.00
103.33,1,1.00
103.50,1,1.00
103.67,1,1.00
103.83,0,0.64
104.00,0,0.64
104.17,0,0.64
104.33,0,0.64
104.50,0,0.64
104.67,0,0.64
104.83,0,0.64
105.00,0,0.64
105.17,0,0.64
105.33,0,0.64
105.50,0,0.64
105.67,0,0.64
105.83,0,0.64
106.00,0,0.64
106.17,0,0.64
106.33,0,0.64
106.50,0,0.64
106.67,0,0.64
106.83,0,0.64
107.00,0,0.64
107.17,0,0.64
107.33,0,0.64
107.50,0,0.64
107.67,0,0.64
107.83,0,0.64
108.00,0,0.64
108.17,0,0.64
108.33,0,0.64
108.50,0,0.64
108.67,0,0.31
108.83,0,0.31
109.00,0,0.31
109.17,0,0.31
109.33,0,0.31
109.50,0,0.31
109.67,0,0.64
109.83,0,0.64
110.00,0,0.64
110.17,0,0.64
110.33,0,0.64
110.50,0,0.64
110.67,0,0.64
110.83,0,0.64
111.00,0,0.64
111.17,0,0.64
111.33,0,0.64
111.50,0,0.64
111.67,0,0.64
111.83,0,0.64
112.00,0,0.64
112.17,0,0.64
112.33,0,0.64
112.50,0,0.64
112.67,0,0.64
112.83,0,0.64
113.00,0,0.64
113.17,0,0.64
113.33,0,0.64
113.50,0,0.64
113.67,0,0.64
113.83,0,0.64
114.00,0,0.64
114.17,0,0.64
114.33,0,0.64
114.50,0,0.64
114.67,0,0.64
114.83,0,0.64
115.00,0,0.64
115.17,0,0.64
115.33,0,0.64
115.50,0,0.64
115.67,0,0.64
115.83,0,0.64
116.00,0,0.64
116.17,0,0.64
116.33,1,1.00
116.50,1,1.00
116.67,1,1.00
116.83,1,1.00
117.00,1,1.00
117.17,1,1.00
117.33,1,1.00
117.50,1,1.00
117.67,1,1.00
117.83,1,1.00
118.00,1,1.00
118.17,1,1.00
118.33,1,1.00
118.50,1,1.00
118.67,1,1.00
118.83,1,1.00
119.00,1,1.00
119.17,1,1.00
119.33,1,1.00
119.50,1,1.00
119.67,1,1.00
119.83,1,1.00
120.00,1,1.00
120.00,1,1.00
120.17,1,1.00
120.33,0,0.80
120.50,0,0.80
120.67,0,0.80
120.83,0,0.80
121.00,0,0.80
121.17,0,0.80
121.33,0,0.62
121.50,0,0.62
121.67,0,0.62
121.83,0,0.62
122.00,0,0.62
122.17,0,0.62
122.33,0,0.62
122.50,0,0.62
122.67,0,0.62
122.83,0,0.62
123.00,0,0.62
123.17,0,0.62
123.33,0,0.62
123.50,0,0.62
123.67,0,0.62
123.83,0,0.62
124.00,0,0.62
124.17,0,0.62
124.33,0,0.16
124.50,0,0.16
124.67,0,0.16
124.83,0,0.16
125.00,0,0.16
125.17,0,0.16
125.33,0,0.16
125.50,0,0.16
125.67,0,0.16
125.83,0,0.16
126.00,0,0.16
126.17,0,0.16
126.33,0,0.16
126.50,0,0.16
126.67,0,0.16
126.83,0,0.16
127.00,0,0.16
127.17,0,0.16
127.33,0,0.16
127.50,0,0.16
127.67,0,0.16
127.83,0,0.16
128.00,0,0.16
128.17,0,0.16
128.33,0,0.16
128.50,0,0.16
128.67,0,0.16
128.83,0,0.16
129.00,0,0.16
129.17,0,0.16
129.33,0,0.16
129.50,0,0.16
129.67,0,0.16
129.83,0,0.16
130.00,0,0.16
130.17,0,0.16
130.33,0,0.16
130.50,0,0.16
130.67,0,0.16
130.83,0,0.16
131.00,0,0.16
131.17,0,0.16
131.33,0,0.16
131.50,0,0.16
131.67,0,0.16
131.83,0,0.16
132.00,0,0.16
132.17,0,0.36
132.33,0,0.36
132.50,0,0.36
132.67,0,0.36
132.83,0,0.36
133.00,0,0.36
133.17,0,0.18
133.33,0,0.18
133.50,0,0.18
133.67,0,0.18
133.83,0,0.18
134.00,0,0.18
134.17,0,0.18
134.33,0,0.18
134.50,0,0.18
134.67,0,0.11
134.83,0,0.11
135.00,0,0.11
135.17,0,0.11
135.33,0,0.11
135.50,0,0.11
135.67,0,0.11
135.83,0,0.11
136.00,0,0.11
136.17,0,0.11
136.33,0,0.16
136.50,0,0.16
136.67,0,0.16
136.83,0,0.16
137.00,0,0.16
137.17,0,0.16
137.33,0,0.16
137.50,0,0.16
137.67,0,0.16
137.83,0,0.16
138.00,0,0.16
138.17,0,0.16
138.33,0,0.16
138.50,0,0.16
138.67,0,0.16
138.83,0,0.16
139.00,0,0.16
139.17,0,0.16
139.33,0,0.29
139.50,0,0.80
139.67,1,1.00
139.83,1,1.00
140.00,1,1.00
140.00,1,1.00
140.17,1,1.00
140.33,1,1.00
140.50,1,1.00
140.67,1,1.00
140.83,0,0.64
141.00,0,0.64
141.17,0,0.64
141.33,0,0.64
141.50,0,0.64
141.67,0,0.64
141.83,0,0.64
142.00,0,0.64
142.17,0,0.64
142.33,0,0.64
142.50,0,0.64
142.67,0,0.64
142.83,0,0.64
143.00,0,0.64
143.17,0,0.64
143.33,0,0.64
143.50,0,0.64
143.67,0,0.64
143.83,0,0.13
144.00,0,0.13
144.17,0,0.13
144.33,0,0.13
144.50,0,0.13
144.67,0,0.13
144.83,0,0.13
145.00,0,0.13
145.17,0,0.13
145.33,0,0.13
145.50,0,0.13
145.67,0,0.13
145.83,0,0.13
146.00,0,0.13
146.17,0,0.13
146.33,0,0.13
146.50,0,0.13
146.67,0,0.13
146.83,0,0.13
147.00,0,0.13
147.17,0,0.13
147.33,0,0.13
147.50,0,0.13
147.67,0,0.13
147.83,0,0.13
148.00,0,0.13
148.17,0,0.13
148.33,0,0.13
148.50,0,0.13
148.67,0,0.13
148.83,0,0.13
149.00,0,0.13
149.17,0,0.13
149.33,0,0.13
149.50,0,0.13
149.67,0,0.13
149.83,0,0.13
150.00,0,0.13
150.17,0,0.13
150.33,0,0.13
150.50,0,0.13
150.67,0,0.13
150.83,0,0.13
151.00,0,0.13
151.17,0,0.13
151.33,0,0.22
151.50,0,0.22
151.67,0,0.22
151.83,0,0.22
152.00,0,0.22
152.17,0,0.22
152.33,0,0.22
152.50,0,0.22
152.67,0,0.22
152.83,0,0.22
153.00,0,0.22
153.17,0,0.22
153.33,0,0.22
153.50,0,0.22
153.67,0,0.22
153.83,0,0.22
154.00,0,0.22
154.17,0,0.22
154.33,0,0.22
154.50,0,0.22
154.67,0,0.22
154.83,0,0.22
155.00,0,0.22
155.17,0,0.22
155.33,0,0.22
155.50,0,0.22
155.67,0,0.22
155.83,0,0.22
156.00,0,0.22
156.17,0,0.22
156.33,0,0.22
156.50,0,0.22
156.67,0,0.22
156.83,0,0.22
157.00,0,0.22
157.17,0,0.22
157.33,0,0.22
157.50,0,0.22
157.67,0,0.22
157.83,0,0.22
158.00,0,0.22
158.17,0,0.31
158.33,0,0.31
158.50,0,0.31
158.67,0,0.31
158.83,0,0.31
159.00,0,0.31
159.17,0,0.31
159.33,0,0.31
159.50,0,0.31
159.67,1,1.00
159.83,1,1.00
160.00,1,1.00
180.00,1,1.00
180.17,1,1.00
180.33,1,1.00
180.50,0,0.80
180.67,0,0.80
180.83,0,0.80
181.00,0,0.80
181.17,0,0.80
181.33,0,0.80
181.50,0,0.80
181.67,0,0.80
181.83,0,0.80
182.00,0,0.80
182.17,0,0.80
182.33,0,0.80
182.50,0,0.80
182.67,0,0.80
182.83,0,0.80
183.00,0,0.80
183.17,0,0.80
183.33,0,0.80
183.50,0,0.80
183.67,0,0.80
183.83,0,0.80
184.00,0,0.80
184.17,0,0.80
184.33,0,0.80
184.50,0,0.80
184.67,0,0.80
184.83,0,0.80
185.00,0,0.80
185.17,0,0.80
185.33,0,0.80
185.50,0,0.80
185.67,0,0.80
185.83,0,0.80
186.00,0,0.80
186.17,0,0.80
186.33,0,0.80
186.50,0,0.80
186.67,0,0.80
186.83,0,0.80
187.00,0,0.80
187.17,0,0.80
187.33,0,0.80
187.50,0,0.80
187.67,0,0.80
187.83,0,0.49
188.00,0,0.49
188.17,0,0.49
188.33,0,0.49
188.50,0,0.49
188.67,0,0.49
188.83,0,0.36
189.00,0,0.36
189.17,0,0.36
189.33,0,0.36
189.50,0,0.36
189.67,0,0.36
189.83,0,0.36
190.00,0,0.36
190.17,0,0.36
190.33,0,0.36
190.50,0,0.36
190.67,0,0.36
190.83,0,0.36
191.00,0,0.36
191.17,0,0.36
191.33,0,0.36
191.50,0,0.36
191.67,0,0.36
191.83,0,0.36
192.00,0,0.36
192.17,0,0.36
192.33,0,0.36
192.50,0,0.36
192.67,0,0.36
192.83,0,0.36
193.00,0,0.36
193.17,0,0.36
193.33,0,0.36
193.50,0,0.36
193.67,0,0.36
193.83,0,0.36
194.00,0,0.36
194.17,0,0.36
194.33,0,0.36
194.50,0,0.36
194.67,0,0.36
194.83,0,0.36
195.00,0,0.36
195.17,0,0.36
195.33,0,0.36
195.50,0,0.36
195.67,0,0.36
195.83,0,0.36
196.00,0,0.36
196.17,0,0.36
196.33,0,0.40
196.50,0,0.40
196.67,0,0.40
196.83,0,0.40
197.00,0,0.40
197.17,0,0.40
197.33,0,0.40
197.50,0,0.40
197.67,0,0.40
197.83,0,0.40
198.00,0,0.40
198.17,0,0.40
198.33,0,0.40
198.50,0,0.40
198.67,0,0.40
198.83,0,0.40
199.00,0,0.40
199.17,0,0.40
199.33,0,0.40
199.50,0,0.80
199.67,1,1.00
199.83,1,1.00
200.00,1,1.00
200.00,1,1.00
200.17,1,1.00
200.33,1,1.00
200.50,1,1.00
200.67,0,0.64
200.83,0,0.64
201.00,0,0.64
201.17,0,0.64
201.33,0,0.64
201.50,0,0.64
201.67,0,0.64
201.83,0,0.64
202.00,0,0.64
202.17,0,0.64
202.33,0,0.64
202.50,0,0.64
202.67,0,0.64
202.83,0,0.64
203.00,0,0.64
203.17,0,0.64
203.33,0,0.64
203.50,0,0.64
203.67,0,0.64
203.83,0,0.64
204.00,0,0.64
204.17,0,0.64
204.33,0,0.64
204.50,0,0.64
204.67,0,0.64
204.83,0,0.64
205.00,0,0.64
205.17,0,0.64
205.33,0,0.64
205.50,0,0.64
205.67,0,0.64
205.83,0,0.64
206.00,0,0.64
206.17,0,0.64
206.33,0,0.64
206.50,0,0.64
206.67,0,0.64
206.83,0,0.64
207.00,0,0.64
207.17,0,0.64
207.33,0,0.64
207.50,0,0.64
207.67,0,0.64
207.83,0,0.64
208.00,0,0.64
208.17,0,0.64
208.33,0,0.64
208.50,0,0.64
208.67,0,0.38
208.83,0,0.38
209.00,0,0.38
209.17,0,0.38
209.33,0,0.38
209.50,0,0.38
209.67,0,0.38
209.83,0,0.38
210.00,0,0.38
210.17,0,0.38
210.33,0,0.38
210.50,0,0.38
210.67,0,0.38
210.83,0,0.38
211.00,0,0.38
211.17,0,0.38
211.33,0,0.38
211.50,0,0.38
211.67,0,0.38
211.83,0,0.38
212.00,0,0.38
212.17,0,0.38
212.33,0,0.38
212.50,0,0.38
212.67,0,0.38
212.83,0,0.38
213.00,0,0.38
213.17,0,0.38
213.33,0,0.38
213.50,0,0.38
213.67,0,0.38
213.83,0,0.38
214.00,0,0.38
214.17,0,0.38
214.33,0,0.38
214.50,0,0.38
214.67,0,0.38
214.83,0,0.38
215.00,0,0.38
215.17,0,0.38
215.33,0,0.38
215.50,0,0.38
215.67,0,0.38
215.83,0,0.38
216.00,0,0.38
216.17,0,0.38
216.33,0,0.38
216.50,0,0.38
216.67,0,0.38
216.83,0,0.38
217.00,0,0.38
217.17,0,0.38
217.33,0,0.38
217.50,0,0.38
217.67,0,0.38
217.83,0,0.38
218.00,0,0.38
218.17,0,0.64
218.33,0,0.64
218.50,0,0.64
218.67,0,0.64
218.83,0,0.64
219.00,0,0.64
219.17,0,0.64
219.33,1,1.00
219.50,1,1.00
219.67,1,1.00
219.83,1,1.00
220.00,1,1.00
220.00,1,1.00
220.17,1,1.00
220.33,1,1.00
220.50,1,1.00
220.67,1,1.00
220.83,0,0.64
221.00,0,0.64
221.17,0,0.64
221.33,0,0.64
221.50,0,0.64
221.67,0,0.64
221.83,0,0.64
222.00,0,0.64
222.17,0,0.64
222.33,0,0.64
222.50,0,0.64
222.67,0,0.64
222.83,0,0.64
223.00,0,0.64
223.17,0,0.64
223.33,0,0.64
223.50,0,0.64
223.67,0,0.64
223.83,0,0.64
224.00,0,0.64
224.17,0,0.64
224.33,0,0.64
224.50,0,0.64
224.67,0,0.64
224.83,0,0.64
225.00,0,0.64
225.17,0,0.64
225.33,0,0.64
225.50,0,0.64
225.67,0,0.64
225.83,0,0.64
226.00,0,0.64
226.17,0,0.64
226.33,0,0.64
226.50,0,0.64
226.67,0,0.64
226.83,0,0.64
227.00,0,0.64
227.17,0,0.64
227.33,0,0.64
227.50,0,0.64
227.67,0,0.64
227.83,0,0.64
228.00,0,0.64
228.17,0,0.64
228.33,0,0.64
228.50,0,0.64
228.67,0,0.64
228.83,0,0.64
229.00,0,0.64
229.17,0,0.64
229.33,0,0.64
229.50,0,0.64
229.67,0,0.64
229.83,0,0.64
230.00,0,0.64
230.17,0,0.64
230.33,0,0.64
230.50,0,0.64
230.67,0,0.64
230.83,0,0.64
231.00,0,0.64
231.17,0,0.64
231.33,0,0.64
231.50,0,0.64
231.67,0,0.64
231.83,0,0.64
232.00,0,0.64
232.17,0,0.64
232.33,1,1.00
232.50,1,1.00
232.67,1,1.00
232.83,1,1.00
233.00,1,1.00
233.17,1,1.00
233.33,1,1.00
233.50,1,1.00
233.67,1,1.00
233.83,1,1.00
234.00,1,1.00
234.17,1,1.00
234.33,1,1.00
234.50,1,1.00
234.67,1,1.00
234.83,1,1.00
235.00,1,1.00
235.17,1,1.00
235.33,1,1.00
235.50,1,1.00
235.67,1,1.00
235.83,1,1.00
236.00,1,1.00
236.17,1,1.00
236.33,1,1.00
236.50,1,1.00
236.67,1,1.00
236.83,1,1.00
237.00,1,1.00
237.17,1,1.00
237.33,1,1.00
237.50,1,1.00
237.67,1,1.00
237.83,1,1.00
238.00,1,1.00
238.17,1,1.00
238.33,1,1.00
238.50,1,1.00
238.67,1,1.00
238.83,1,1.00
239.00,1,1.00
239.17,1,1.00
239.33,1,1.00
239.50,1,1.00
239.67,1,1.00
239.83,1,1.00
240.00,1,1.00
240.00,1,1.00
240.17,1,1.00
240.33,1,1.00
240.50,1,1.00
240.67,1,1.00
240.83,0,0.80
241.00,0,0.80
241.17,0,0.80
241.33,0,0.80
241.50,0,0.80
241.67,0,0.80
241.83,0,0.80
242.00,0,0.80
242.17,0,0.80
242.33,0,0.80
242.50,0,0.80
242.67,0,0.80
242.83,0,0.80
243.00,0,0.80
243.17,0,0.80
243.33,0,0.80
243.50,0,0.80
243.67,0,0.80
243.83,0,0.49
244.00,0,0.49
244.17,0,0.49
244.33,0,0.49
244.50,0,0.49
244.67,0,0.49
244.83,0,0.49
245.00,0,0.49
245.17,0,0.49
245.33,0,0.49
245.50,0,0.49
245.67,0,0.49
245.83,0,0.49
246.00,0,0.49
246.17,0,0.49
246.33,0,0.49
246.50,0,0.49
246.67,0,0.49
246.83,0,0.49
247.00,0,0.49
247.17,0,0.49
247.33,0,0.49
247.50,0,0.49
247.67,0,0.49
247.83,0,0.49
248.00,0,0.49
248.17,0,0.49
248.33,0,0.49
248.50,0,0.49
248.67,0,0.49
248.83,0,0.49
249.00,0,0.49
249.17,0,0.49
249.33,0,0.49
249.50,0,0.49
249.67,0,0.49
249.83,0,0.49
250.00,0,0.49
250.17,0,0.49
250.33,0,0.49
250.50,0,0.49
250.67,0,0.49
250.83,0,0.49
251.00,0,0.49
251.17,0,0.49
251.33,0,0.49
251.50,0,0.49
251.67,0,0.49
251.83,0,0.49
252.00,0,0.49
252.17,0,0.49
252.33,0,0.49
252.50,0,0.49
252.67,0,0.49
252.83,0,0.49
253.00,0,0.49
253.17,0,0.49
253.33,0,0.49
253.50,0,0.49
253.67,0,0.49
253.83,0,0.49
254.00,0,0.49
254.17,0,0.49
254.33,0,0.49
254.50,0,0.49
254.67,0,0.49
254.83,0,0.49
255.00,0,0.49
255.17,0,0.49
255.33,0,0.49
255.50,0,0.49
255.67,0,0.49
255.83,0,0.49
256.00,0,0.49
256.17,0,0.49
256.33,0,0.49
256.50,0,0.49
256.67,0,0.49
256.83,0,0.49
257.00,0,0.49
257.17,0,0.49
257.33,0,0.49
257.50,0,0.49
257.67,0,0.49
257.83,0,0.49
258.00,0,0.49
258.17,0,0.49
258.33,0,0.49
258.50,0,0.49
258.67,0,0.49
258.83,0,0.49
259.00,0,0.49
259.17,0,0.49
259.33,1,1.00
259.50,1,1.00
259.67,1,1.00
259.83,1,1.00
260.00,1,1.00
260.00,1,1.00
260.17,1,1.00
260.33,1,1.00
260.50,1,1.00
260.67,1,1.00
260.83,1,1.00
261.00,1,1.00
261.17,1,1.00
261.33,1,1.00
261.50,1,1.00
261.67,1,1.00
261.83,1,1.00
262.00,1,1.00
262.17,1,1.00
262.33,1,1.00
262.50,1,1.00
262.67,1,1.00
262.83,1,1.00
263.00,1,1.00
263.17,1,1.00
263.33,1,1.00
263.50,1,1.00
263.67,1,1.00
263.83,0,0.36
264.00,0,0.36
264.17,0,0.36
264.33,0,0.36
264.50,0,0.36
264.67,0,0.36
264.83,0,0.36
265.00,0,0.36
265.17,0,0.36
265.33,0,0.36
265.50,0,0.36
265.67,0,0.36
265.83,0,0.36
266.00,0,0.36
266.17,0,0.36
266.33,0,0.36
266.50,0,0.36
266.67,0,0.36
266.83,0,0.36
267.00,0,0.36
267.17,0,0.36
267.33,0,0.36
267.50,0,0.36
267.67,0,0.36
267.83,0,0.36
268.00,0,0.36
268.17,0,0.36
268.33,0,0.36
268.50,0,0.36
268.67,0,0.36
268.83,0,0.36
269.00,0,0.36
269.17,0,0.36
269.33,0,0.36
269.50,0,0.36
269.67,0,0.36
269.83,0,0.36
270.00,0,0.36
270.17,0,0.36
270.33,0,0.36
270.50,0,0.36
270.67,0,0.36
270.83,0,0.36
271.00,0,0.36
271.17,0,0.36
271.33,0,0.36
271.50,0,0.36
271.67,0,0.36
271.83,0,0.36
272.00,0,0.36
272.17,0,0.36
272.33,0,0.36
272.50,0,0.36
272.67,0,0.36
272.83,0,0.36
273.00,0,0.36
273.17,0,0.36
273.33,0,0.36
273.50,0,0.36
273.67,0,0.36
273.83,0,0.36
274.00,0,0.36
274.17,0,0.36
274.33,0,0.36
274.50,0,0.36
274.67,0,0.36
274.83,0,0.36
275.00,0,0.36
275.17,0,0.36
275.33,0,0.36
275.50,0,0.36
275.67,0,0.36
275.83,0,0.36
276.00,0,0.36
276.17,0,0.36
276.33,0,0.80
276.50,0,0.80
276.67,0,0.80
276.83,0,0.80
277.00,0,0.80
277.17,0,0.80
277.33,0,0.80
277.50,0,0.80
277.67,0,0.80
277.83,0,0.80
278.00,0,0.80
278.17,0,0.80
278.33,0,0.80
278.50,0,0.80
278.67,0,0.80
278.83,0,0.80
279.00,0,0.80
279.17,0,0.80
279.33,0,0.80
279.50,0,0.80
279.67,1,1.00
279.83,1,1.00
280.00,1,1.00
280.00,1,1.00
280.17,1,1.00
280.33,1,1.00
280.50,1,1.00
280.67,1,1.00
280.83,1,1.00
281.00,1,1.00
281.17,1,1.00
281.33,1,1.00
281.50,1,1.00
281.67,1,1.00
281.83,1,1.00
282.00,0,0.49
282.17,0,0.49
282.33,0,0.49
282.50,0,0.49
282.67,0,0.49
282.83,0,0.49
283.00,0,0.49
283.17,0,0.49
283.33,0,0.49
283.50,0,0.49
283.67,0,0.49
283.83,0,0.36
284.00,0,0.36
284.17,0,0.36
284.33,0,0.36
284.50,0,0.36
284.67,0,0.36
284.83,0,0.36
285.00,0,0.36
285.17,0,0.36
285.33,0,0.36
285.50,0,0.36
285.67,0,0.36
285.83,0,0.36
286.00,0,0.36
286.17,0,0.24
286.33,0,0.24
286.50,0,0.24
286.67,0,0.24
286.83,0,0.24
287.00,0,0.24
287.17,0,0.24
287.33,0,0.24
287.50,0,0.24
287.67,0,0.24
287.83,0,0.24
288.00,0,0.24
288.17,0,0.24
288.33,0,0.24
288.50,0,0.24
288.67,0,0.24
288.83,0,0.24
289.00,0,0.24
289.17,0,0.24
289.33,0,0.24
289.50,0,0.24
289.67,0,0.36
289.83,0,0.36
290.00,0,0.36
290.17,0,0.36
290.33,0,0.36
290.50,0,0.16
290.67,0,0.16
290.83,0,0.16
291.00,0,0.16
291.17,0,0.16
291.33,0,0.16
291.50,0,0.22
291.67,0,0.22
291.83,0,0.22
292.00,0,0.22
292.17,0,0.22
292.33,0,0.22
292.50,0,0.22
292.67,0,0.22
292.83,0,0.22
293.00,0,0.22
293.17,0,0.22
293.33,0,0.22
293.50,0,0.22
293.67,0,0.22
293.83,0,0.22
294.00,0,0.22
294.17,0,0.22
294.33,0,0.22
294.50,0,0.22
294.67,0,0.22
294.83,0,0.22
295.00,0,0.22
295.17,0,0.22
295.33,0,0.22
295.50,0,0.22
295.67,0,0.22
295.83,0,0.22
296.00,0,0.22
296.17,0,0.22
296.33,0,0.22
296.50,0,0.22
296.67,0,0.22
296.83,0,0.22
297.00,0,0.22
297.17,0,0.22
297.33,0,0.22
297.50,0,0.22
297.67,0,0.22
297.83,0,0.22
298.00,0,0.22
298.17,0,0.22
298.33,0,0.22
298.50,0,0.22
298.67,0,0.22
298.83,0,0.22
299.00,0,0.22
299.17,0,0.22
299.33,0,0.22
299.50,0,0.22
299.67,0,0.29
299.83,1,1.00
300.00,1,1.00
300.00,1,1.00
300.17,1,1.00
300.33,1,1.00
300.50,1,1.00
300.67,1,1.00
300.83,1,1.00
301.00,1,1.00
301.17,1,1.00
301.33,1,1.00
301.50,1,1.00
301.67,1,1.00
301.83,1,1.00
302.00,1,1.00
302.17,1,1.00
302.33,1,1.00
302.50,1,1.00
302.67,1,1.00
302.83,1,1.00
303.00,1,1.00
303.17,1,1.00
303.33,1,1.00
303.50,1,1.00
303.67,1,1.00
303.83,0,0.53
304.00,0,0.31
304.17,0,0.31
304.33,0,0.31
304.50,0,0.31
304.67,0,0.31
304.83,0,0.31
305.00,0,0.31
305.17,0,0.31
305.33,0,0.31
305.50,0,0.31
305.67,0,0.31
305.83,0,0.31
306.00,0,0.31
306.17,0,0.31
306.33,0,0.31
306.50,0,0.31
306.67,0,0.31
306.83,0,0.31
307.00,0,0.31
307.17,0,0.31
307.33,0,0.31
307.50,0,0.31
307.67,0,0.31
307.83,0,0.31
308.00,0,0.31
308.17,0,0.31
308.33,0,0.31
308.50,0,0.31
308.67,0,0.31
308.83,0,0.22
309.00,0,0.22
309.17,0,0.22
309.33,0,0.22
309.50,0,0.22
309.67,0,0.22
309.83,0,0.22
310.00,0,0.22
310.17,0,0.22
310.33,0,0.22
310.50,0,0.22
310.67,0,0.22
310.83,0,0.22
311.00,0,0.22
311.17,0,0.22
311.33,0,0.22
311.50,0,0.22
311.67,0,0.22
311.83,0,0.22
312.00,0,0.22
312.17,0,0.22
312.33,0,0.22
312.50,0,0.22
312.67,0,0.22
312.83,0,0.22
313.00,0,0.22
313.17,0,0.22
313.33,0,0.22
313.50,0,0.22
313.67,0,0.22
313.83,0,0.22
314.00,0,0.22
314.17,0,0.22
314.33,0,0.22
314.50,0,0.22
314.67,0,0.22
314.83,0,0.22
315.00,0,0.22
315.17,0,0.22
315.33,0,0.22
315.50,0,0.22
315.67,0,0.22
315.83,0,0.22
316.00,0,0.22
316.17,0,0.22
316.33,0,0.49
316.50,0,0.49
316.67,0,0.49
316.83,0,0.49
317.00,0,0.49
317.17,0,0.49
317.33,0,0.49
317.50,0,0.49
317.67,0,0.49
317.83,0,0.49
318.00,0,0.49
318.17,0,0.49
318.33,0,0.49
318.50,0,0.49
318.67,0,0.49
318.83,0,0.49
319.00,0,0.49
319.17,0,0.49
319.33,0,0.64
319.50,0,0.64
319.67,0,0.64
319.83,1,1.00
320.00,1,1.00
320.00,1,1.00
320.17,1,1.00
320.33,1,1.00
320.50,0,0.64
320.67,0,0.64
320.83,0,0.64
321.00,0,0.64
321.17,0,0.64
321.33,0,0.64
321.50,0,0.64
321.67,0,0.64
321.83,0,0.64
322.00,0,0.64
322.17,0,0.64
322.33,0,0.64
322.50,0,0.64
322.67,0,0.64
322.83,0,0.64
323.00,0,0.64
323.17,0,0.64
323.33,0,0.64
323.50,0,0.64
323.67,0,0.64
323.83,0,0.31
324.00,0,0.31
324.17,0,0.31
324.33,0,0.31
324.50,0,0.31
324.67,0,0.31
324.83,0,0.31
325.00,0,0.31
325.17,0,0.31
325.33,0,0.31
325.50,0,0.31
325.67,0,0.31
325.83,0,0.31
326.00,0,0.31
326.17,0,0.31
326.33,0,0.31
326.50,0,0.31
326.67,0,0.31
326.83,0,0.31
327.00,0,0.31
327.17,0,0.31
327.33,0,0.31
327.50,0,0.31
327.67,0,0.31
327.83,0,0.31
328.00,0,0.31
328.17,0,0.31
328.33,0,0.31
328.50,0,0.31
328.67,0,0.31
328.83,0,0.31
329.00,0,0.31
329.17,0,0.31
329.33,0,0.31
329.50,0,0.31
329.67,0,0.31
329.83,0,0.31
330.00,0,0.31
330.17,0,0.31
330.33,0,0.31
330.50,0,0.18
330.67,0,0.18
330.83,0,0.18
331.00,0,0.18
331.17,0,0.18
331.33,0,0.18
331.50,0,0.18
331.67,0,0.18
331.83,0,0.18
332.00,0,0.18
332.17,0,0.18
332.33,0,0.31
332.50,0,0.31
332.67,0,0.31
332.83,0,0.31
333.00,0,0.31
333.17,0,0.31
333.33,0,0.31
333.50,0,0.31
333.67,0,0.31
333.83,0,0.31
334.00,0,0.31
334.17,0,0.31
334.33,0,0.31
334.50,0,0.31
334.67,0,0.31
334.83,0,0.31
335.00,0,0.31
335.17,0,0.31
335.33,0,0.31
335.50,0,0.31
335.67,0,0.31
335.83,0,0.31
336.00,0,0.31
336.17,0,0.31
336.33,0,0.64
336.50,0,0.64
336.67,0,0.64
336.83,0,0.64
337.00,0,0.64
337.17,0,0.64
337.33,0,0.64
337.50,0,0.64
337.67,0,0.64
337.83,0,0.64
338.00,0,0.64
338.17,0,0.64
338.33,0,0.64
338.50,0,0.64
338.67,0,0.64
338.83,0,0.64
339.00,0,0.64
339.17,0,0.64
339.33,1,1.00
339.50,1,1.00
339.67,1,1.00
339.83,1,1.00
340.00,1,1.00
340.00,1,1.00
340.17,1,1.00
340.33,1,1.00
340.50,1,1.00
340.67,1,1.00
340.83,0,0.80
341.00,0,0.80
341.17,0,0.80
341.33,0,0.80
341.50,0,0.80
341.67,0,0.80
341.83,0,0.80
342.00,0,0.80
342.17,0,0.80
342.33,0,0.80
342.50,0,0.80
342.67,0,0.80
342.83,0,0.80
343.00,0,0.80
343.17,0,0.80
343.33,0,0.80
343.50,0,0.80
343.67,0,0.80
343.83,0,0.22
344.00,0,0.22
344.17,0,0.22
344.33,0,0.18
344.50,0,0.18
344.67,0,0.18
344.83,0,0.18
345.00,0,0.18
345.17,0,0.18
345.33,0,0.18
345.50,0,0.18
345.67,0,0.18
345.83,0,0.18
346.00,0,0.18
346.17,0,0.18
346.33,0,0.18
346.50,0,0.18
346.67,0,0.18
346.83,0,0.18
347.00,0,0.18
347.17,0,0.18
347.33,0,0.18
347.50,0,0.18
347.67,0,0.18
347.83,0,0.18
348.00,0,0.18
348.17,0,0.18
348.33,0,0.18
348.50,0,0.18
348.67,0,0.09
348.83,0,0.09
349.00,0,0.09
349.17,0,0.09
349.33,0,0.09
349.50,0,0.09
349.67,0,0.09
349.83,0,0.09
350.00,0,0.09
350.17,0,0.09
350.33,0,0.09
350.50,0,0.09
350.67,0,0.09
350.83,0,0.09
351.00,0,0.09
351.17,0,0.09
351.33,0,0.09
351.50,0,0.18
351.67,0,0.18
351.83,0,0.18
352.00,0,0.18
352.17,0,0.18
352.33,0,0.18
352.50,0,0.18
352.67,0,0.18
352.83,0,0.18
353.00,0,0.18
353.17,0,0.18
353.33,0,0.18
353.50,0,0.18
353.67,0,0.18
353.83,0,0.18
354.00,0,0.18
354.17,0,0.18
354.33,0,0.18
354.50,0,0.18
354.67,0,0.18
354.83,0,0.18
355.00,0,0.18
355.17,0,0.18
355.33,0,0.18
355.50,0,0.18
355.67,0,0.36
355.83,0,0.36
356.00,0,0.36
356.17,0,0.36
356.33,0,0.40
356.50,0,0.40
356.67,0,0.40
356.83,0,0.40
357.00,0,0.40
357.17,0,0.40
357.33,0,0.40
357.50,0,0.40
357.67,0,0.40
357.83,0,0.40
358.00,0,0.40
358.17,0,0.40
358.33,0,0.40
358.50,0,0.40
358.67,0,0.40
358.83,0,0.40
359.00,0,0.40
359.17,0,0.40
359.33,0,0.53
359.50,0,0.53
359.67,1,1.00
359.83,1,1.00
360.00,1,1.00
360.00,1,1.00
360.17,1,1.00
360.33,1,1.00
360.50,0,0.64
360.67,0,0.64
360.83,0,0.64
361.00,0,0.64
361.17,0,0.64
361.33,0,0.64
361.50,0,0.64
361.67,0,0.64
361.83,0,0.64
362.00,0,0.64
362.17,0,0.64
362.33,0,0.64
362.50,0,0.64
362.67,0,0.64
362.83,0,0.64
363.00,0,0.64
363.17,0,0.64
363.33,0,0.64
363.50,0,0.64
363.67,0,0.64
363.83,0,0.64
364.00,0,0.49
364.17,0,0.49
364.33,0,0.49
364.50,0,0.49
364.67,0,0.49
364.83,0,0.49
365.00,0,0.49
365.17,0,0.49
365.33,0,0.49
365.50,0,0.49
365.67,0,0.49
365.83,0,0.49
366.00,0,0.49
366.17,0,0.49
366.33,0,0.49
366.50,0,0.49
366.67,0,0.49
366.83,0,0.49
367.00,0,0.49
367.17,0,0.49
367.33,0,0.49
367.50,0,0.49
367.67,0,0.49
367.83,0,0.49
368.00,0,0.49
368.17,0,0.64
368.33,0,0.64
368.50,0,0.64
368.67,0,0.64
368.83,0,0.64
369.00,0,0.64
369.17,0,0.64
369.33,0,0.64
369.50,0,0.64
369.67,0,0.64
369.83,0,0.64
370.00,0,0.64
370.17,0,0.64
370.33,0,0.64
370.50,0,0.64
370.67,0,0.64
370.83,0,0.64
371.00,0,0.64
371.17,0,0.64
371.33,0,0.64
371.50,0,0.64
371.67,0,0.64
371.83,0,0.64
372.00,0,0.64
372.17,0,0.64
372.33,0,0.64
372.50,0,0.64
372.67,0,0.64
372.83,0,0.64
373.00,0,0.64
373.17,0,0.64
373.33,0,0.64
373.50,0,0.64
373.67,0,0.64
373.83,0,0.64
374.00,0,0.64
374.17,0,0.64
374.33,0,0.64
374.50,0,0.64
374.67,0,0.64
374.83,0,0.64
375.00,0,0.64
375.17,0,0.64
375.33,0,0.64
375.50,0,0.64
375.67,0,0.64
375.83,0,0.64
376.00,0,0.64
376.17,0,0.64
376.33,0,0.64
376.50,0,0.64
376.67,0,0.64
376.83,0,0.64
377.00,0,0.64
377.17,0,0.64
377.33,0,0.64
377.50,0,0.64
377.67,0,0.64
377.83,0,0.64
378.00,0,0.64
378.17,0,0.64
378.33,0,0.64
378.50,0,0.64
378.67,0,0.64
378.83,0,0.64
379.00,0,0.64
379.17,0,0.64
379.33,0,0.64
379.50,0,0.64
379.67,1,1.00
379.83,1,1.00
380.00,1,1.00
380.00,1,1.00
380.17,1,1.00
380.33,1,1.00
380.50,0,0.64
380.67,0,0.64
380.83,0,0.38
381.00,0,0.38
381.17,0,0.38
381.33,0,0.38
381.50,0,0.38
381.67,0,0.38
381.83,0,0.38
382.00,0,0.27
382.17,0,0.27
382.33,0,0.27
382.50,0,0.27
382.67,0,0.27
382.83,0,0.27
383.00,0,0.27
383.17,0,0.27
383.33,0,0.27
383.50,0,0.27
383.67,0,0.27
383.83,0,0.18
384.00,0,0.18
384.17,0,0.18
384.33,0,0.18
384.50,0,0.18
384.67,0,0.18
384.83,0,0.18
385.00,0,0.18
385.17,0,0.18
385.33,0,0.18
385.50,0,0.18
385.67,0,0.18
385.83,0,0.18
386.00,0,0.18
386.17,0,0.18
386.33,0,0.18
386.50,0,0.18
386.67,0,0.18
386.83,0,0.18
387.00,0,0.18
387.17,0,0.18
387.33,0,0.18
387.50,0,0.18
387.67,0,0.18
387.83,0,0.18
388.00,0,0.18
388.17,0,0.36
388.33,0,0.36
388.50,0,0.36
388.67,0,0.36
388.83,0,0.36
389.00,0,0.36
389.17,0,0.36
389.33,0,0.36
389.50,0,0.36
389.67,0,0.36
389.83,0,0.36
390.00,0,0.36
390.17,0,0.36
390.33,0,0.36
390.50,0,0.36
390.67,0,0.36
390.83,0,0.36
391.00,0,0.36
391.17,0,0.36
391.33,0,0.36
391.50,0,0.36
391.67,0,0.36
391.83,0,0.36
392.00,0,0.18
392.17,0,0.18
392.33,0,0.18
392.50,0,0.18
392.67,0,0.18
392.83,0,0.18
393.00,0,0.18
393.17,0,0.18
393.33,0,0.18
393.50,0,0.18
393.67,0,0.18
393.83,0,0.18
394.00,0,0.18
394.17,0,0.18
394.33,0,0.18
394.50,0,0.18
394.67,0,0.18
394.83,0,0.18
395.00,0,0.18
395.17,0,0.18
395.33,0,0.18
395.50,0,0.18
395.67,0,0.18
395.83,0,0.18
396.00,0,0.18
396.17,0,0.18
396.33,0,0.64
396.50,0,0.64
396.67,0,0.64
396.83,0,0.64
397.00,0,0.64
397.17,0,0.64
397.33,0,0.64
397.50,0,0.64
397.67,0,0.64
397.83,0,0.64
398.00,0,0.64
398.17,0,0.64
398.33,0,0.64
398.50,0,0.64
398.67,0,0.64
398.83,0,0.64
399.00,0,0.64
399.17,0,0.64
399.33,0,0.64
399.50,1,1.00
399.67,1,1.00
399.83,1,1.00
400.00,1,1.00
400.00,1,1.00
400.17,1,1.00
400.33,1,1.00
400.50,0,0.29
400.67,0,0.29
400.83,0,0.29
401.00,0,0.29
401.17,0,0.29
401.33,0,0.29
401.50,0,0.29
401.67,0,0.29
401.83,0,0.29
402.00,0,0.29
402.17,0,0.29
402.33,0,0.29
402.50,0,0.29
402.67,0,0.29
402.83,0,0.29
403.00,0,0.29
403.17,0,0.29
403.33,0,0.29
403.50,0,0.29
403.67,0,0.29
403.83,0,0.13
404.00,0,0.13
404.17,0,0.13
404.33,0,0.13
404.50,0,0.13
404.67,0,0.13
404.83,0,0.13
405.00,0,0.13
405.17,0,0.13
405.33,0,0.13
405.50,0,0.13
405.67,0,0.13
405.83,0,0.13
406.00,0,0.13
406.17,0,0.13
406.33,0,0.13
406.50,0,0.13
406.67,0,0.13
406.83,0,0.13
407.00,0,0.13
407.17,0,0.13
407.33,0,0.13
407.50,0,0.13
407.67,0,0.13
407.83,0,0.13
408.00,0,0.13
408.17,0,0.13
408.33,0,0.13
408.50,0,0.13
408.67,0,0.13
408.83,0,0.13
409.00,0,0.13
409.17,0,0.13
409.33,0,0.13
409.50,0,0.13
409.67,0,0.13
409.83,0,0.13
410.00,0,0.13
410.17,0,0.13
410.33,0,0.13
410.50,0,0.13
410.67,0,0.13
410.83,0,0.13
411.00,0,0.13
411.17,0,0.13
411.33,0,0.13
411.50,0,0.13
411.67,0,0.13
411.83,0,0.13
412.00,0,0.13
412.17,0,0.13
412.33,0,0.13
412.50,0,0.13
412.67,0,0.13
412.83,0,0.13
413.00,0,0.13
413.17,0,0.13
413.33,0,0.13
413.50,0,0.13
413.67,0,0.13
413.83,0,0.13
414.00,0,0.13
414.17,0,0.13
414.33,0,0.13
414.50,0,0.13
414.67,0,0.13
414.83,0,0.13
415.00,0,0.13
415.17,0,0.13
415.33,0,0.13
415.50,0,0.13
415.67,0,0.13
415.83,0,0.13
416.00,0,0.13
416.17,0,0.13
416.33,0,0.22
416.50,0,0.22
416.67,0,0.22
416.83,0,0.22
417.00,0,0.22
417.17,0,0.22
417.33,0,0.22
417.50,0,0.22
417.67,0,0.22
417.83,0,0.22
418.00,0,0.22
418.17,0,0.22
418.33,0,0.22
418.50,0,0.22
418.67,0,0.22
418.83,0,0.22
419.00,0,0.22
419.17,0,0.22
419.33,0,0.22
419.50,0,0.22
419.67,1,1.00
419.83,1,1.00
420.00,1,1.00
420.00,1,1.00
420.17,1,1.00
420.33,1,1.00
420.50,1,1.00
420.67,1,1.00
420.83,0,0.64
421.00,0,0.64
421.17,0,0.64
421.33,0,0.64
421.50,0,0.64
421.67,0,0.64
421.83,0,0.64
422.00,0,0.64
422.17,0,0.64
422.33,0,0.64
422.50,0,0.64
422.67,0,0.64
422.83,0,0.64
423.00,0,0.64
423.17,0,0.64
423.33,0,0.64
423.50,0,0.64
423.67,0,0.64
423.83,0,0.49
424.00,0,0.49
424.17,0,0.49
424.33,0,0.49
424.50,0,0.49
424.67,0,0.49
424.83,0,0.49
425.00,0,0.49
425.17,0,0.49
425.33,0,0.49
425.50,0,0.49
425.67,0,0.49
425.83,0,0.49
426.00,0,0.49
426.17,0,0.49
426.33,0,0.49
426.50,0,0.49
426.67,0,0.49
426.83,0,0.49
427.00,0,0.49
427.17,0,0.49
427.33,0,0.49
427.50,0,0.49
427.67,0,0.49
427.83,0,0.49
428.00,0,0.49
428.17,0,0.49
428.33,0,0.49
428.50,0,0.49
428.67,0,0.49
428.83,0,0.49
429.00,0,0.49
429.17,0,0.49
429.33,0,0.49
429.50,0,0.49
429.67,0,0.49
429.83,0,0.49
430.00,0,0.49
430.17,0,0.49
430.33,0,0.49
430.50,0,0.49
430.67,0,0.49
430.83,0,0.49
431.00,0,0.49
431.17,0,0.49
431.33,0,0.49
431.50,0,0.49
431.67,0,0.49
431.83,0,0.49
432.00,0,0.49
432.17,0,0.49
432.33,0,0.49
432.50,0,0.49
432.67,0,0.49
432.83,0,0.49
433.00,0,0.49
433.17,0,0.49
433.33,0,0.49
433.50,0,0.49
433.67,0,0.49
433.83,0,0.49
434.00,0,0.49
434.17,0,0.49
434.33,0,0.49
434.50,0,0.49
434.67,0,0.49
434.83,0,0.49
435.00,0,0.49
435.17,0,0.49
435.33,0,0.49
435.50,0,0.49
435.67,0,0.49
435.83,0,0.49
436.00,0,0.49
436.17,0,0.49
436.33,0,0.64
436.50,0,0.64
436.67,0,0.64
436.83,0,0.64
437.00,0,0.64
437.17,0,0.64
437.33,0,0.64
437.50,0,0.64
437.67,0,0.64
437.83,0,0.64
438.00,0,0.64
438.17,0,0.64
438.33,0,0.64
438.50,0,0.64
438.67,0,0.64
438.83,0,0.64
439.00,0,0.64
439.17,0,0.64
439.33,0,0.64
439.50,0,0.64
439.67,1,1.00
439.83,1,1.00
440.00,1,1.00
440.00,1,1.00
440.17,1,1.00
440.33,1,1.00
440.50,0,0.64
440.67,0,0.64
440.83,0,0.64
441.00,0,0.64
441.17,0,0.64
441.33,0,0.64
441.50,0,0.64
441.67,0,0.64
441.83,0,0.64
442.00,0,0.64
442.17,0,0.64
442.33,0,0.64
442.50,0,0.64
442.67,0,0.64
442.83,0,0.64
443.00,0,0.64
443.17,0,0.64
443.33,0,0.64
443.50,0,0.64
443.67,0,0.64
443.83,0,0.64
444.00,0,0.38
444.17,0,0.38
444.33,0,0.27
444.50,0,0.27
444.67,0,0.27
444.83,0,0.27
445.00,0,0.27
445.17,0,0.27
445.33,0,0.27
445.50,0,0.27
445.67,0,0.27
445.83,0,0.27
446.00,0,0.27
446.17,0,0.13
446.33,0,0.13
446.50,0,0.13
446.67,0,0.13
446.83,0,0.13
447.00,0,0.13
447.17,0,0.13
447.33,0,0.13
447.50,0,0.13
447.67,0,0.13
447.83,0,0.13
448.00,0,0.13
448.17,0,0.27
448.33,0,0.27
448.50,0,0.27
448.67,0,0.27
448.83,0,0.27
449.00,0,0.27
449.17,0,0.27
449.33,0,0.27
449.50,0,0.27
449.67,0,0.27
449.83,0,0.27
450.00,0,0.27
450.17,0,0.27
450.33,0,0.27
450.50,0,0.27
450.67,0,0.27
450.83,0,0.27
451.00,0,0.27
451.17,0,0.27
451.33,0,0.31
451.50,0,0.53
451.67,0,0.53
451.83,0,0.53
452.00,0,0.31
452.17,0,0.31
452.33,0,0.31
452.50,0,0.31
452.67,0,0.31
452.83,0,0.31
453.00,0,0.31
453.17,0,0.31
453.33,0,0.31
453.50,0,0.31
453.67,0,0.31
453.83,0,0.31
454.00,0,0.31
454.17,0,0.31
454.33,0,0.31
454.50,0,0.31
454.67,0,0.31
454.83,0,0.31
455.00,0,0.31
455.17,0,0.31
455.33,0,0.31
455.50,0,0.31
455.67,0,0.31
455.83,0,0.31
456.00,0,0.31
456.17,0,0.31
456.33,0,0.31
456.50,0,0.31
456.67,0,0.31
456.83,0,0.31
457.00,0,0.31
457.17,0,0.31
457.33,0,0.31
457.50,0,0.31
457.67,0,0.31
457.83,0,0.31
458.00,0,0.31
458.17,0,0.31
458.33,0,0.31
458.50,0,0.31
458.67,0,0.31
458.83,0,0.31
459.00,0,0.31
459.17,0,0.31
459.33,0,0.64
459.50,1,1.00
459.67,1,1.00
459.83,1,1.00
460.00,1,1.00
460.00,1,1.00
460.17,1,1.00
460.33,1,1.00
460.50,0,0.80
460.67,0,0.80
460.83,0,0.80
461.00,0,0.80
461.17,0,0.80
461.33,0,0.80
461.50,0,0.80
461.67,0,0.80
461.83,0,0.80
462.00,0,0.80
462.17,0,0.80
462.33,0,0.80
462.50,0,0.80
462.67,0,0.80
462.83,0,0.80
463.00,0,0.80
463.17,0,0.80
463.33,0,0.80
463.50,0,0.80
463.67,0,0.80
463.83,0,0.62
464.00,0,0.62
464.17,0,0.62
464.33,0,0.62
464.50,0,0.62
464.67,0,0.62
464.83,0,0.62
465.00,0,0.62
465.17,0,0.62
465.33,0,0.62
465.50,0,0.62
465.67,0,0.62
465.83,0,0.62
466.00,0,0.62
466.17,0,0.62
466.33,0,0.62
466.50,0,0.62
466.67,0,0.62
466.83,0,0.62
467.00,0,0.62
467.17,0,0.62
467.33,0,0.62
467.50,0,0.62
467.67,0,0.62
467.83,0,0.62
468.00,0,0.62
468.17,0,0.62
468.33,0,0.62
468.50,0,0.62
468.67,0,0.62
468.83,0,0.62
469.00,0,0.62
469.17,0,0.62
469.33,0,0.62
469.50,0,0.62
469.67,0,0.62
469.83,0,0.62
470.00,0,0.62
470.17,0,0.62
470.33,0,0.62
470.50,0,0.62
470.67,0,0.62
470.83,0,0.62
471.00,0,0.62
471.17,0,0.62
471.33,0,0.62
471.50,0,0.62
471.67,0,0.62
471.83,0,0.62
472.00,0,0.62
472.17,0,0.62
472.33,0,0.62
472.50,0,0.62
472.67,0,0.62
472.83,0,0.62
473.00,0,0.62
473.17,0,0.62
473.33,0,0.62
473.50,0,0.62
473.67,0,0.62
473.83,0,0.62
474.00,0,0.62
474.17,0,0.62
474.33,0,0.62
474.50,0,0.62
474.67,0,0.62
474.83,0,0.62
475.00,0,0.62
475.17,0,0.62
475.33,0,0.62
475.50,0,0.62
475.67,0,0.62
475.83,0,0.62
476.00,0,0.62
476.17,0,0.62
476.33,0,0.62
476.50,0,0.62
476.67,0,0.62
476.83,0,0.62
477.00,0,0.62
477.17,0,0.62
477.33,0,0.62
477.50,0,0.62
477.67,0,0.62
477.83,0,0.62
478.00,0,0.62
478.17,0,0.62
478.33,0,0.62
478.50,0,0.62
478.67,0,0.62
478.83,0,0.62
479.00,0,0.62
479.17,0,0.62
479.33,0,0.64
479.50,1,1.00
479.67,1,1.00
479.83,1,1.00
480.00,1,1.00
480.00,1,1.00
480.17,1,1.00
480.33,1,1.00
480.50,0,0.80
480.67,0,0.80
480.83,0,0.80
481.00,0,0.80
481.17,0,0.80
481.33,0,0.80
481.50,0,0.80
481.67,0,0.80
481.83,0,0.80
482.00,0,0.80
482.17,0,0.80
482.33,0,0.80
482.50,0,0.80
482.67,0,0.80
482.83,0,0.80
483.00,0,0.80
483.17,0,0.80
483.33,0,0.80
483.50,0,0.80
483.67,0,0.80
483.83,0,0.80
484.00,0,0.80
484.17,0,0.80
484.33,0,0.80
484.50,0,0.80
484.67,0,0.80
484.83,0,0.80
485.00,0,0.80
485.17,0,0.80
485.33,0,0.80
485.50,0,0.80
485.67,0,0.80
485.83,0,0.80
486.00,0,0.80
486.17,0,0.80
486.33,0,0.80
486.50,0,0.80
486.67,0,0.80
486.83,0,0.80
487.00,0,0.80
487.17,0,0.80
487.33,0,0.80
487.50,0,0.80
487.67,0,0.80
487.83,0,0.80
488.00,0,0.80
488.17,0,0.80
488.33,0,0.80
488.50,0,0.80
488.67,0,0.80
488.83,0,0.80
489.00,0,0.80
489.17,0,0.80
489.33,0,0.80
489.50,0,0.80
489.67,0,0.80
489.83,0,0.80
490.00,0,0.80
490.17,0,0.80
490.33,0,0.80
490.50,0,0.80
490.67,0,0.80
490.83,0,0.80
491.00,0,0.80
491.17,0,0.80
491.33,0,0.80
491.50,0,0.80
491.67,0,0.80
491.83,0,0.80
492.00,0,0.80
492.17,0,0.80
492.33,0,0.80
492.50,0,0.80
492.67,0,0.80
492.83,0,0.80
493.00,0,0.80
493.17,0,0.80
493.33,0,0.80
493.50,0,0.80
493.67,0,0.80
493.83,0,0.80
494.00,0,0.80
494.17,0,0.80
494.33,0,0.80
494.50,0,0.80
494.67,0,0.80
494.83,0,0.80
495.00,0,0.80
495.17,0,0.80
495.33,0,0.80
495.50,0,0.80
495.67,0,0.80
495.83,0,0.80
496.00,0,0.80
496.17,0,0.80
496.33,1,1.00
496.50,1,1.00
496.67,1,1.00
496.83,1,1.00
497.00,1,1.00
497.17,1,1.00
497.33,1,1.00
497.50,1,1.00
497.67,1,1.00
497.83,1,1.00
498.00,1,1.00
498.17,1,1.00
498.33,1,1.00
498.50,1,1.00
498.67,1,1.00
498.83,1,1.00
499.00,1,1.00
499.17,1,1.00
499.33,1,1.00
499.50,1,1.00
499.67,1,1.00
499.83,1,1.00
500.00,1,1.00
500.00,1,1.00
500.17,1,1.00
500.33,1,1.00
500.50,1,1.00
500.67,1,1.00
500.83,0,0.64
501.00,0,0.64
501.17,0,0.64
501.33,0,0.64
501.50,0,0.64
501.67,0,0.64
501.83,0,0.64
502.00,0,0.64
502.17,0,0.64
502.33,0,0.64
502.50,0,0.64
502.67,0,0.64
502.83,0,0.64
503.00,0,0.64
503.17,0,0.64
503.33,0,0.64
503.50,0,0.64
503.67,0,0.64
503.83,0,0.64
504.00,0,0.64
504.17,0,0.64
504.33,0,0.64
504.50,0,0.64
504.67,0,0.64
504.83,0,0.64
505.00,0,0.64
505.17,0,0.64
505.33,0,0.64
505.50,0,0.64
505.67,0,0.64
505.83,0,0.64
506.00,0,0.64
506.17,0,0.64
506.33,0,0.64
506.50,0,0.64
506.67,0,0.64
506.83,0,0.64
507.00,0,0.64
507.17,0,0.64
507.33,0,0.64
507.50,0,0.64
507.67,0,0.64
507.83,0,0.29
508.00,0,0.29
508.17,0,0.29
508.33,0,0.29
508.50,0,0.29
508.67,0,0.29
508.83,0,0.29
509.00,0,0.29
509.17,0,0.29
509.33,0,0.29
509.50,0,0.29
509.67,0,0.29
509.83,0,0.29
510.00,0,0.29
510.17,0,0.29
510.33,0,0.29
510.50,0,0.29
510.67,0,0.29
510.83,0,0.29
511.00,0,0.29
511.17,0,0.29
511.33,0,0.29
511.50,0,0.29
511.67,0,0.29
511.83,0,0.29
512.00,0,0.29
512.17,0,0.29
512.33,0,0.47
512.50,0,0.47
512.67,0,0.47
512.83,0,0.47
513.00,0,0.47
513.17,0,0.47
513.33,0,0.47
513.50,0,0.47
513.67,0,0.47
513.83,0,0.47
514.00,0,0.47
514.17,0,0.38
514.33,0,0.38
514.50,0,0.38
514.67,0,0.38
514.83,0,0.38
515.00,0,0.38
515.17,0,0.38
515.33,0,0.38
515.50,0,0.38
515.67,0,0.38
515.83,0,0.38
516.00,0,0.38
516.17,0,0.38
516.33,0,0.47
516.50,0,0.47
516.67,0,0.47
516.83,0,0.47
517.00,0,0.47
517.17,0,0.47
517.33,0,0.47
517.50,0,0.47
517.67,0,0.47
517.83,0,0.47
518.00,0,0.47
518.17,0,0.47
518.33,0,0.47
518.50,0,0.47
518.67,0,0.47
518.83,0,0.47
519.00,0,0.47
519.17,0,0.47
519.33,0,0.47
519.50,0,0.47
519.67,1,1.00
519.83,1,1.00
520.00,1,1.00
520.00,1,1.00
520.17,1,1.00
520.33,1,1.00
520.50,0,0.36
520.67,0,0.36
520.83,0,0.36
521.00,0,0.36
521.17,0,0.36
521.33,0,0.36
521.50,0,0.36
521.67,0,0.36
521.83,0,0.36
522.00,0,0.36
522.17,0,0.36
522.33,0,0.36
522.50,0,0.36
522.67,0,0.36
522.83,0,0.36
523.00,0,0.36
523.17,0,0.36
523.33,0,0.36
523.50,0,0.36
523.67,0,0.36
523.83,0,0.36
524.00,0,0.36
524.17,0,0.36
524.33,0,0.36
524.50,0,0.36
524.67,0,0.36
524.83,0,0.36
525.00,0,0.36
525.17,0,0.36
525.33,0,0.36
525.50,0,0.36
525.67,0,0.36
525.83,0,0.36
526.00,0,0.36
526.17,0,0.36
526.33,0,0.36
526.50,0,0.36
526.67,0,0.36
526.83,0,0.36
527.00,0,0.36
527.17,0,0.36
527.33,0,0.36
527.50,0,0.36
527.67,0,0.36
527.83,0,0.36
528.00,0,0.36
528.17,0,0.36
528.33,0,0.36
528.50,0,0.36
528.67,0,0.36
528.83,0,0.36
529.00,0,0.36
529.17,0,0.36
529.33,0,0.36
529.50,0,0.36
529.67,0,0.36
529.83,0,0.36
530.00,0,0.36
530.17,0,0.36
530.33,0,0.36
530.50,0,0.36
530.67,0,0.36
530.83,0,0.36
531.00,0,0.36
531.17,0,0.36
531.33,0,0.36
531.50,0,0.36
531.67,0,0.36
531.83,0,0.36
532.00,0,0.36
532.17,0,0.36
532.33,0,0.36
532.50,0,0.36
532.67,0,0.36
532.83,0,0.36
533.00,0,0.36
533.17,0,0.36
533.33,0,0.36
533.50,0,0.36
533.67,0,0.36
533.83,0,0.36
534.00,0,0.36
534.17,0,0.36
534.33,0,0.36
534.50,0,0.36
534.67,0,0.36
534.83,0,0.36
535.00,0,0.36
535.17,0,0.36
535.33,0,0.36
535.50,0,0.36
535.67,0,0.36
535.83,0,0.36
536.00,0,0.36
536.17,0,0.36
536.33,0,0.40
536.50,0,0.40
536.67,0,0.40
536.83,0,0.40
537.00,0,0.40
537.17,0,0.40
537.33,0,0.40
537.50,0,0.40
537.67,0,0.40
537.83,0,0.40
538.00,0,0.40
538.17,0,0.40
538.33,0,0.40
538.50,0,0.40
538.67,0,0.40
538.83,0,0.40
539.00,0,0.40
539.17,0,0.40
539.33,0,0.40
539.50,0,0.40
539.67,0,0.80
539.83,1,1.00
540.00,1,1.00
540.00,1,1.00
540.17,1,1.00
540.33,1,1.00
540.50,1,1.00
540.67,1,1.00
540.83,1,1.00
541.00,1,1.00
541.17,1,1.00
541.33,1,1.00
541.50,1,1.00
541.67,1,1.00
541.83,1,1.00
542.00,1,1.00
542.17,1,1.00
542.33,1,1.00
542.50,1,1.00
542.67,1,1.00
542.83,1,1.00
543.00,1,1.00
543.17,1,1.00
543.33,1,1.00
543.50,1,1.00
543.67,1,1.00
543.83,0,0.80
544.00,0,0.80
544.17,0,0.80
544.33,0,0.80
544.50,0,0.80
544.67,0,0.80
544.83,0,0.80
545.00,0,0.80
545.17,0,0.80
545.33,0,0.80
545.50,0,0.80
545.67,0,0.80
545.83,0,0.80
546.00,0,0.80
546.17,0,0.80
546.33,0,0.80
546.50,0,0.80
546.67,0,0.80
546.83,0,0.80
547.00,0,0.80
547.17,0,0.80
547.33,0,0.80
547.50,0,0.80
547.67,0,0.80
547.83,0,0.80
548.00,0,0.80
548.17,0,0.80
548.33,0,0.80
548.50,0,0.80
548.67,0,0.80
548.83,0,0.80
549.00,0,0.80
549.17,0,0.80
549.33,0,0.80
549.50,0,0.80
549.67,0,0.80
549.83,0,0.80
550.00,0,0.80
550.17,0,0.80
550.33,0,0.80
550.50,0,0.80
550.67,0,0.80
550.83,0,0.80
551.00,0,0.80
551.17,0,0.80
551.33,1,1.00
551.50,1,1.00
551.67,1,1.00
551.83,1,1.00
552.00,0,0.47
552.17,0,0.47
552.33,0,0.47
552.50,0,0.47
552.67,0,0.47
552.83,0,0.47
553.00,0,0.47
553.17,0,0.47
553.33,0,0.47
553.50,0,0.47
553.67,0,0.47
553.83,0,0.47
554.00,0,0.47
554.17,0,0.47
554.33,0,0.47
554.50,0,0.47
554.67,0,0.47
554.83,0,0.47
555.00,0,0.47
555.17,0,0.47
555.33,0,0.47
555.50,0,0.47
555.67,0,0.47
555.83,0,0.47
556.00,0,0.47
556.17,0,0.47
556.33,0,0.47
556.50,0,0.47
556.67,0,0.47
556.83,0,0.47
557.00,0,0.47
557.17,0,0.47
557.33,0,0.47
557.50,0,0.47
557.67,0,0.47
557.83,0,0.47
558.00,0,0.47
558.17,1,1.00
558.33,1,1.00
558.50,1,1.00
558.67,1,1.00
558.83,1,1.00
559.00,1,1.00
559.17,1,1.00
559.33,1,1.00
559.50,1,1.00
559.67,1,1.00
559.83,1,1.00
560.00,1,1.00
560.00,1,1.00
560.17,1,1.00
560.33,0,0.53
560.50,0,0.53
560.67,0,0.53
560.83,0,0.53
561.00,0,0.53
561.17,0,0.53
561.33,0,0.53
561.50,0,0.53
561.67,0,0.53
561.83,0,0.53
562.00,0,0.53
562.17,0,0.53
562.33,0,0.53
562.50,0,0.53
562.67,0,0.53
562.83,0,0.53
563.00,0,0.53
563.17,0,0.53
563.33,0,0.53
563.50,0,0.53
563.67,0,0.53
563.83,0,0.53
564.00,0,0.53
564.17,0,0.53
564.33,0,0.53
564.50,0,0.53
564.67,0,0.53
564.83,0,0.53
565.00,0,0.53
565.17,0,0.53
565.33,0,0.53
565.50,0,0.53
565.67,0,0.53
565.83,0,0.53
566.00,0,0.53
566.17,0,0.53
566.33,0,0.53
566.50,0,0.53
566.67,0,0.53
566.83,0,0.53
567.00,0,0.53
567.17,0,0.53
567.33,0,0.53
567.50,0,0.53
567.67,0,0.53
567.83,0,0.53
568.00,0,0.53
568.17,0,0.53
568.33,0,0.53
568.50,0,0.53
568.67,0,0.27
568.83,0,0.27
569.00,0,0.27
569.17,0,0.27
569.33,0,0.27
569.50,0,0.27
569.67,0,0.27
569.83,0,0.27
570.00,0,0.27
570.17,0,0.27
570.33,0,0.27
570.50,0,0.27
570.67,0,0.27
570.83,0,0.27
571.00,0,0.27
571.17,0,0.47
571.33,0,0.47
571.50,0,0.47
571.67,0,0.47
571.83,0,0.47
572.00,0,0.47
572.17,0,0.47
572.33,0,0.47
572.50,0,0.47
572.67,0,0.47
572.83,0,0.47
573.00,0,0.47
573.17,0,0.47
573.33,0,0.47
573.50,0,0.47
573.67,0,0.47
573.83,0,0.47
574.00,0,0.29
574.17,0,0.22
574.33,0,0.22
574.50,0,0.22
574.67,0,0.22
574.83,0,0.22
575.00,0,0.22
575.17,0,0.22
575.33,0,0.22
575.50,0,0.22
575.67,0,0.22
575.83,0,0.22
576.00,0,0.22
576.17,0,0.22
576.33,0,0.29
576.50,0,0.29
576.67,0,0.29
576.83,0,0.29
577.00,0,0.29
577.17,0,0.29
577.33,0,0.29
577.50,0,0.29
577.67,0,0.29
577.83,0,0.29
578.00,0,0.29
578.17,0,0.29
578.33,0,0.29
578.50,0,0.29
578.67,0,0.29
578.83,0,0.29
579.00,0,0.29
579.17,0,0.29
579.33,0,0.64
579.50,0,0.64
579.67,0,0.64
579.83,1,1.00
580.00,1,1.00
580.00,1,1.00
580.17,1,1.00
580.33,1,1.00
580.50,0,0.80
580.67,0,0.80
580.83,0,0.29
581.00,0,0.29
581.17,0,0.29
581.33,0,0.29
581.50,0,0.29
581.67,0,0.29
581.83,0,0.29
582.00,0,0.29
582.17,0,0.29
582.33,0,0.29
582.50,0,0.29
582.67,0,0.29
582.83,0,0.29
583.00,0,0.29
583.17,0,0.29
583.33,0,0.29
583.50,0,0.29
583.67,0,0.29
583.83,0,0.29
584.00,0,0.29
584.17,0,0.29
584.33,0,0.29
584.50,0,0.29
584.67,0,0.29
584.83,0,0.29
585.00,0,0.29
585.17,0,0.29
585.33,0,0.29
585.50,0,0.29
585.67,0,0.29
585.83,0,0.29
586.00,0,0.29
586.17,0,0.29
586.33,0,0.29
586.50,0,0.29
586.67,0,0.29
586.83,0,0.29
587.00,0,0.29
587.17,0,0.29
587.33,0,0.29
587.50,0,0.29
587.67,0,0.29
587.83,0,0.29
588.00,0,0.29
588.17,0,0.29
588.33,0,0.29
588.50,0,0.29
588.67,0,0.29
588.83,0,0.29
589.00,0,0.29
589.17,0,0.29
589.33,0,0.29
589.50,0,0.29
589.67,0,0.29
589.83,0,0.29
590.00,0,0.29
590.17,0,0.29
590.33,0,0.29
590.50,0,0.29
590.67,0,0.29
590.83,0,0.29
591.00,0,0.29
591.17,0,0.29
591.33,0,0.29
591.50,0,0.29
591.67,0,0.29
591.83,0,0.29
592.00,0,0.29
592.17,0,0.29
592.33,0,0.29
592.50,0,0.29
592.67,0,0.29
592.83,0,0.29
593.00,0,0.29
593.17,0,0.29
593.33,0,0.29
593.50,0,0.29
593.67,0,0.29
593.83,0,0.29
594.00,0,0.29
594.17,0,0.29
594.33,0,0.29
594.50,0,0.29
594.67,0,0.29
594.83,0,0.29
595.00,0,0.29
595.17,0,0.29
595.33,0,0.29
595.50,0,0.29
595.67,0,0.29
595.83,0,0.29
596.00,0,0.29
596.17,0,0.29
596.33,0,0.29
596.50,0,0.29
596.67,0,0.29
596.83,0,0.29
597.00,0,0.29
597.17,0,0.29
597.33,0,0.29
597.50,0,0.29
597.67,0,0.29
597.83,0,0.29
598.00,0,0.29
598.17,0,0.29
598.33,0,0.29
598.50,0,0.29
598.67,0,0.29
598.83,0,0.29
599.00,0,0.29
599.17,0,0.29
599.33,0,0.40
599.50,0,0.40
599.67,0,0.47
599.83,1,1.00
600.00,1,1.00
