10,Min Sum,Optimal,0.35,1750.7423716874741,88,0,1.0
10,Min Sum,Optimal,0.49999999999999994,1393.8283075741274,72,0,1.0
10,Min Sum,Optimal,0.35,1214.8681433392287,64,0,1.0
10,Min Sum,Optimal,0.65,1001.8369495812858,60,0,1.0
10,Min Sum,Optimal,0.6,2453.4163408116433,122,0,1.0
10,Min Sum,Optimal,0.65,1615.0061965359855,88,0,1.0
10,Min Sum,Optimal,0.44999999999999996,1534.4386659218512,88,0,1.0
10,Min Sum,Optimal,0.35,949.8788216906314,52,0,1.0
10,Min Sum,Optimal,0.65,1585.3784735186523,93,0,1.0
10,Min Sum,Optimal,0.65,1951.2418016062234,97,0,1.0
10,Min Sum,Optimal,0.5499999999999999,1558.4086071262668,83,0,1.0
10,Min Sum,Optimal,0.49999999999999994,1434.3289383562321,81,0,1.0
10,Min Sum,Optimal,0.8000000000000002,1728.0089787994264,94,0,1.0
10,Min Sum,Optimal,0.5499999999999999,1582.8732146125717,79,0,1.0
10,Min Sum,Optimal,0.5499999999999999,1187.9563361280618,79,0,1.0
10,Min Sum,Optimal,0.39999999999999997,925.5453234584143,59,0,1.0
10,Min Sum,Optimal,0.5499999999999999,1376.1146540683985,76,0,1.0
10,Min Sum,Optimal,0.7500000000000001,1643.467724621752,82,0,1.0
10,Min Sum,Optimal,0.49999999999999994,1507.498143257693,81,0,1.0
10,Min Sum,Optimal,0.44999999999999996,1345.8730515462428,75,0,1.0
10,Min Sum,Optimal,0.65,1581.7904659467306,82,0,1.0
10,Min Sum,Optimal,0.6,1668.880018593258,83,0,1.0
10,Min Sum,Optimal,0.49999999999999994,1293.187629463367,77,0,1.0
10,Min Sum,Optimal,0.44999999999999996,1463.162952102279,79,0,1.0
10,Min Sum,Optimal,0.15000000000000002,1219.997667016569,61,0,1.0
10,Min Sum,Optimal,0.65,1664.9929593899549,91,0,1.0
10,Min Sum,Optimal,0.5499999999999999,2139.156358096503,111,0,1.0
10,Min Sum,Optimal,0.8500000000000002,1367.1184171479613,70,0,1.0
10,Min Sum,Optimal,0.3,1172.6618283725393,66,0,1.0
10,Min Sum,Optimal,0.44999999999999996,1346.174325013195,68,0,1.0
10,Min Sum,Optimal,0.7000000000000001,1883.0490319685841,100,0,1.0
10,Min Sum,Optimal,0.8000000000000002,2116.2325799359405,105,0,1.0
10,Min Sum,Optimal,0.49999999999999994,1034.915344374389,57,0,1.0
10,Min Sum,Optimal,0.65,1558.4221319872636,91,0,1.0
10,Min Sum,Optimal,0.65,1166.7118328731667,78,0,1.0
10,Min Sum,Optimal,0.6,1679.597503149952,85,0,1.0
10,Min Sum,Optimal,0.44999999999999996,1144.7232219240552,69,0,1.0
10,Min Sum,Optimal,0.65,2164.1905085705903,115,0,1.0
10,Min Sum,Optimal,0.5499999999999999,973.352614015161,49,0,1.0
10,Min Sum,Optimal,0.3,1368.821282810316,76,0,1.0
10,Min Sum,Optimal,0.6,1627.2691544974273,83,0,1.0
10,Min Sum,Optimal,0.7500000000000001,1079.727693562285,59,0,1.0
10,Min Sum,Optimal,0.39999999999999997,774.0269144708238,40,0,1.0
10,Min Sum,Optimal,0.35,1410.058073989735,78,0,1.0
10,Min Sum,Optimal,0.65,1699.3371308988776,98,0,1.0
10,Min Sum,Optimal,0.35,719.6690248902607,47,0,1.0
10,Min Sum,Optimal,0.5499999999999999,1359.8337710833925,81,0,1.0
10,Min Sum,Optimal,0.6,1450.978941199284,72,0,1.0
10,Min Sum,Optimal,0.5499999999999999,1019.3927575133026,52,0,1.0
10,Min Sum,Optimal,0.35,1478.9283604492684,75,0,1.0
10,Min Sum,Optimal,0.39999999999999997,713.8343852108707,42,0,1.0
10,Min Sum,Optimal,0.5499999999999999,1362.0186509675068,77,0,1.0
10,Min Sum,Optimal,0.3,1423.313046584565,85,0,1.0
10,Min Sum,Optimal,0.6,2203.5226602275256,109,0,1.0
10,Min Sum,Optimal,0.6,2016.853571304688,103,0,1.0
10,Min Sum,Optimal,0.39999999999999997,1481.03938273857,87,0,1.0
10,Min Sum,Optimal,0.65,1507.2873578763065,91,0,1.0
10,Min Sum,Optimal,0.6,1367.8152731525429,68,0,1.0
10,Min Sum,Optimal,0.49999999999999994,1159.2917272855752,70,0,1.0
10,Min Sum,Optimal,0.6,1569.3422031649843,78,0,1.0
10,Min Sum,Optimal,0.5499999999999999,1348.9459311737482,76,0,1.0
10,Min Sum,Optimal,0.65,1536.837154494896,91,0,1.0
10,Min Sum,Optimal,0.25,1436.358499798308,75,0,1.0
10,Min Sum,Optimal,0.44999999999999996,1525.3155875520438,89,0,1.0
10,Min Sum,Optimal,0.2,1207.6564276254567,67,0,1.0
10,Min Sum,Optimal,0.49999999999999994,1364.7374818966061,86,0,1.0
10,Min Sum,Optimal,0.7000000000000001,1842.694996317112,102,0,1.0
10,Min Sum,Optimal,0.8000000000000002,1441.287545464022,77,0,1.0
10,Min Sum,Optimal,0.6,1145.1880468043557,67,0,1.0
10,Min Sum,Optimal,0.7500000000000001,1375.1531113414367,82,0,1.0
10,Min Sum,Optimal,0.39999999999999997,754.0707080561707,43,0,1.0
10,Min Sum,Optimal,0.5499999999999999,1379.5687989571436,76,0,1.0
10,Min Sum,Optimal,0.6,1299.4130165591835,70,0,1.0
10,Min Sum,Optimal,0.7000000000000001,1838.8619890758996,99,0,1.0
10,Min Sum,Optimal,0.35,1724.0862972442674,97,0,1.0
10,Min Sum,Optimal,0.7000000000000001,1379.9138624911973,79,0,1.0
10,Min Sum,Optimal,0.9000000000000002,2712.9758325956323,136,0,1.0
10,Min Sum,Optimal,0.65,2084.9782536464973,105,0,1.0
10,Min Sum,Optimal,0.7500000000000001,1341.6191888175754,83,0,1.0
10,Min Sum,Optimal,0.8500000000000002,2464.99152565304,121,0,1.0
10,Min Sum,Optimal,0.65,1226.2928159260946,68,0,1.0
10,Min Sum,Optimal,0.44999999999999996,1453.9795240122107,82,0,1.0
10,Min Sum,Optimal,0.6,1584.341179570987,95,0,1.0
10,Min Sum,Optimal,0.44999999999999996,1651.554120877286,86,0,1.0
10,Min Sum,Optimal,0.3,1645.7480833804766,89,0,1.0
10,Min Sum,Optimal,0.8000000000000002,2446.3060108540067,129,0,1.0
10,Min Sum,Optimal,0.5499999999999999,942.0389312753666,50,0,1.0
10,Min Sum,Optimal,0.6,1719.6436427524543,93,0,1.0
10,Min Sum,Optimal,0.5499999999999999,1511.7999700843034,80,0,1.0
10,Min Sum,Optimal,0.8500000000000002,3042.885231073034,150,0,1.0
10,Min Sum,Optimal,0.25,1316.1049958161188,76,0,1.0
10,Min Sum,Optimal,0.8500000000000002,2650.690586568123,131,0,1.0
10,Min Sum,Optimal,0.44999999999999996,1220.6455058555266,79,0,1.0
10,Min Sum,Optimal,0.39999999999999997,1683.581146227719,89,0,1.0
10,Min Sum,Optimal,0.8500000000000002,2364.6991301253074,125,0,1.0
10,Min Sum,Optimal,0.65,1295.184588446336,68,0,1.0
10,Min Sum,Optimal,0.7000000000000001,1961.5262320727907,97,0,1.0
10,Min Sum,Optimal,0.49999999999999994,1272.6053720825153,79,0,1.0
10,Min Sum,Optimal,0.44999999999999996,2357.3784164422714,117,0,1.0
10,Min Sum,Optimal,0.5499999999999999,1742.7774844413366,87,0,1.0
10,Min Sum,Optimal,0.1,1634.1364708995075,81,0,1.0
10,Min Sum,Optimal,0.8500000000000002,2197.9636542097905,117,0,1.0
10,Min Sum,Optimal,0.7500000000000001,2686.8588610846514,134,0,1.0
10,Min Sum,Optimal,0.5499999999999999,1245.2610304197103,67,0,1.0
10,Min Sum,Optimal,0.6,1222.9306011520089,75,0,1.0
10,Min Sum,Optimal,0.6,936.348086958453,49,0,1.0
10,Min Sum,Optimal,0.7000000000000001,2157.046836014156,107,0,1.0
10,Min Sum,Optimal,0.9000000000000002,3172.5519090902994,155,0,1.0
10,Min Sum,Optimal,0.8000000000000002,2664.129894426618,145,0,1.0
10,Min Sum,Optimal,0.49999999999999994,1433.8675510270664,93,0,1.0
10,Min Sum,Optimal,0.7500000000000001,2109.5281433691434,104,0,1.0
10,Min Sum,Optimal,0.39999999999999997,1053.2623513371245,58,0,1.0
10,Min Sum,Optimal,0.7000000000000001,1145.4964835745582,73,0,1.0
10,Min Sum,Optimal,0.8500000000000002,1734.238140360887,87,0,1.0
10,Min Sum,Optimal,0.49999999999999994,1096.3566004155186,63,0,1.0
10,Min Sum,Optimal,0.49999999999999994,1453.3355058579223,75,0,1.0
10,Min Sum,Optimal,0.44999999999999996,1298.2451630504029,67,0,1.0
10,Min Sum,Optimal,0.6,1831.058090741898,91,0,1.0
10,Min Sum,Optimal,0.44999999999999996,518.9327103571891,32,0,1.0
10,Min Sum,Optimal,0.8500000000000002,2693.57923030897,140,0,1.0
10,Min Sum,Optimal,0.65,2070.970560347834,105,0,1.0
10,Min Sum,Optimal,0.44999999999999996,1779.482125521443,96,0,1.0
10,Min Sum,Optimal,0.2,1501.6824221401416,80,0,1.0
10,Min Sum,Optimal,0.7500000000000001,2245.50764459752,113,0,1.0
10,Min Sum,Optimal,0.44999999999999996,1382.9275967246035,73,0,1.0
10,Min Sum,Optimal,0.7500000000000001,2097.2234204138085,106,0,1.0
10,Min Sum,Optimal,0.39999999999999997,1447.7986424930386,76,0,1.0
10,Min Sum,Optimal,0.65,2281.7995781591276,115,0,1.0
10,Min Sum,Optimal,0.7000000000000001,1294.0457797826157,73,0,1.0
10,Min Sum,Optimal,0.3,1184.2457798136256,60,0,1.0
10,Min Sum,Optimal,0.7000000000000001,1902.1736978741562,108,0,1.0
10,Min Sum,Optimal,0.65,1076.649963219403,62,0,1.0
10,Min Sum,Optimal,0.65,1511.0402261903832,99,0,1.0
10,Min Sum,Optimal,0.25,1395.2111076610681,75,0,1.0
10,Min Sum,Optimal,0.25,820.7272953317668,42,0,1.0
10,Min Sum,Optimal,0.44999999999999996,1188.8825266888493,66,0,1.0
10,Min Sum,Optimal,0.7500000000000001,2369.3581399929803,117,0,1.0
10,Min Sum,Optimal,0.39999999999999997,960.8512039861553,59,0,1.0
10,Min Sum,Optimal,0.5499999999999999,1389.7421970249304,87,0,1.0
10,Min Sum,Optimal,0.7000000000000001,2297.4033460689493,115,0,1.0
10,Min Sum,Optimal,0.5499999999999999,1458.0213675930336,81,0,1.0
10,Min Sum,Optimal,0.5499999999999999,1139.2517736285145,59,0,1.0
10,Min Sum,Optimal,0.8000000000000002,1352.7086289296126,76,0,1.0
10,Min Sum,Optimal,0.3,987.6796702155962,54,0,1.0
10,Min Sum,Optimal,0.7500000000000001,1189.5337334461142,71,0,1.0
10,Min Sum,Optimal,0.8000000000000002,2243.620156720677,111,0,1.0
10,Min Sum,Optimal,0.6,1775.958503636947,89,0,1.0
10,Min Sum,Optimal,0.39999999999999997,934.281825615838,51,0,1.0
10,Min Sum,Optimal,0.65,1231.5027132662299,64,0,1.0
10,Min Sum,Optimal,0.49999999999999994,547.2355110254324,41,0,1.0
10,Min Sum,Optimal,0.5499999999999999,1019.8717985520016,52,0,1.0
10,Min Sum,Optimal,0.7000000000000001,1514.6058286766674,79,0,1.0
10,Min Sum,Optimal,0.15000000000000002,1233.3699815043296,64,0,1.0
10,Min Sum,Optimal,0.6,1123.3841183143925,58,0,1.0
10,Min Sum,Optimal,0.44999999999999996,1070.5444007406413,54,0,1.0
10,Min Sum,Optimal,0.7000000000000001,962.6980838895331,57,0,1.0
10,Min Sum,Optimal,0.65,1547.671928767154,84,0,1.0
10,Min Sum,Optimal,0.8000000000000002,2382.7651174206053,132,0,1.0
10,Min Sum,Optimal,0.44999999999999996,1175.52971708261,66,0,1.0
10,Min Sum,Optimal,0.65,1158.9776061704406,76,0,1.0
10,Min Sum,Optimal,0.7500000000000001,2275.3558586232994,113,0,1.0
10,Min Sum,Optimal,0.44999999999999996,1406.5083513142922,75,0,1.0
10,Min Sum,Optimal,0.8000000000000002,1815.6768662494146,104,0,1.0
10,Min Sum,Optimal,0.3,932.4126050102369,58,0,1.0
10,Min Sum,Optimal,0.3,1559.8567964847798,88,0,1.0
10,Min Sum,Optimal,0.8000000000000002,1655.4068165248036,98,0,1.0
10,Min Sum,Optimal,0.35,1309.581925374228,72,0,1.0
10,Min Sum,Optimal,0.39999999999999997,977.1939623259386,65,0,1.0
10,Min Sum,Optimal,0.8000000000000002,2140.0831656350265,106,0,1.0
10,Min Sum,Optimal,0.65,1559.4306015700895,88,0,1.0
10,Min Sum,Optimal,0.39999999999999997,1115.223587337211,65,0,1.0
10,Min Sum,Optimal,0.7500000000000001,1535.8170587614559,76,0,1.0
10,Min Sum,Optimal,0.44999999999999996,1374.593491765857,70,0,1.0
10,Min Sum,Optimal,0.7500000000000001,2315.251808847207,116,0,1.0
10,Min Sum,Optimal,0.8000000000000002,2364.894449392019,121,0,1.0
10,Min Sum,Optimal,0.65,1966.3184694655204,105,0,1.0
10,Min Sum,Optimal,0.7000000000000001,1386.1138741462075,79,0,1.0
10,Min Sum,Optimal,0.3,1458.6951226989052,76,0,1.0
10,Min Sum,Optimal,0.8500000000000002,1626.3086819273747,93,0,1.0
10,Min Sum,Optimal,0.5499999999999999,1651.1199297160929,90,0,1.0
10,Min Sum,Optimal,0.7500000000000001,2129.1507910904047,116,0,1.0
10,Min Sum,Optimal,0.3,950.6726275332342,58,0,1.0
10,Min Sum,Optimal,0.7500000000000001,1347.92489013513,68,0,1.0
10,Min Sum,Optimal,0.6,1159.5884504600565,68,0,1.0
10,Min Sum,Optimal,0.6,1764.5213092673791,93,0,1.0
10,Min Sum,Optimal,0.6,1921.6443736091564,103,0,1.0
10,Min Sum,Optimal,0.7500000000000001,1022.9576706196958,63,0,1.0
10,Min Sum,Optimal,0.65,1805.03227961937,105,0,1.0
10,Min Sum,Optimal,0.6,2186.930223939695,113,0,1.0
10,Min Sum,Optimal,0.44999999999999996,1041.5814415263376,58,0,1.0
10,Min Sum,Optimal,0.3,1303.4054450063388,67,0,1.0
10,Min Sum,Optimal,0.65,1624.290770600128,96,0,1.0
10,Min Sum,Optimal,0.6,2029.2741141307047,100,0,1.0
10,Min Sum,Optimal,0.44999999999999996,1473.47808382341,74,0,1.0
10,Min Sum,Optimal,0.7000000000000001,1593.6492452138837,80,0,1.0
10,Min Sum,Optimal,0.7000000000000001,2424.2755233143853,136,0,1.0
10,Min Sum,Optimal,0.65,2061.0399644011086,106,0,1.0
10,Min Sum,Optimal,0.6,2493.1066683864315,127,0,1.0
10,Min Sum,Optimal,0.6,1702.3607565933498,99,0,1.0
10,Min Sum,Optimal,0.49999999999999994,1173.119782694266,77,0,1.0
10,Min Sum,Optimal,0.8000000000000002,2236.8448609555603,119,0,1.0
10,Min Sum,Optimal,0.8000000000000002,1903.9180633707042,106,0,1.0
10,Min Sum,Optimal,0.7500000000000001,2656.3896709730084,137,0,1.0
10,Min Sum,Optimal,0.7000000000000001,1559.8924514599303,79,0,1.0
10,Min Sum,Optimal,0.44999999999999996,1137.1039798247853,83,0,1.0
10,Min Sum,Optimal,0.65,2059.229338303271,123,0,1.0
10,Min Sum,Optimal,0.65,1225.0921990245624,83,0,1.0
10,Min Sum,Optimal,0.7500000000000001,2595.885157853254,132,0,1.0
10,Min Sum,Optimal,0.39999999999999997,1181.3896889774987,64,0,1.0
10,Min Sum,Optimal,0.5499999999999999,1283.2340873837875,83,0,1.0
10,Min Sum,Optimal,0.49999999999999994,1429.050999412027,90,0,1.0
10,Min Sum,Optimal,0.3,1508.8433322661442,82,0,1.0
10,Min Sum,Optimal,0.49999999999999994,1420.8350486955965,87,0,1.0
10,Min Sum,Optimal,0.65,1617.0138335538181,97,0,1.0
10,Min Sum,Optimal,0.8500000000000002,2657.1976849221637,140,0,1.0
10,Min Sum,Optimal,0.5499999999999999,1097.3787310327532,65,0,1.0
10,Min Sum,Optimal,0.65,2113.288109034223,110,0,1.0
10,Min Sum,Optimal,0.35,1545.3297643754936,90,0,1.0
10,Min Sum,Optimal,0.65,2128.734230695261,111,0,1.0
10,Min Sum,Optimal,0.44999999999999996,1036.8119276922007,59,0,1.0
10,Min Sum,Optimal,0.9500000000000003,3356.7188508666895,169,0,1.0
10,Min Sum,Optimal,0.25,876.3010542372101,52,0,1.0
10,Min Sum,Optimal,0.65,1444.7170018533811,77,0,1.0
10,Min Sum,Optimal,0.3,1710.4101106039773,91,0,1.0
10,Min Sum,Optimal,0.6,1924.2429020968439,102,0,1.0
10,Min Sum,Optimal,0.7000000000000001,1113.7635494900637,59,0,1.0
10,Min Sum,Optimal,0.7000000000000001,821.350614840485,53,0,1.0
10,Min Sum,Optimal,0.49999999999999994,1959.7796677715555,104,0,1.0
10,Min Sum,Optimal,0.65,1216.3718015883424,65,0,1.0
10,Min Sum,Optimal,0.15000000000000002,1172.363495308694,67,0,1.0
10,Min Sum,Optimal,0.65,1680.5328881344217,100,0,1.0
10,Min Sum,Optimal,0.8000000000000002,1482.295768465553,79,0,1.0
10,Min Sum,Optimal,0.44999999999999996,990.3367052429464,61,0,1.0
10,Min Sum,Optimal,0.39999999999999997,1267.1793609510662,85,0,1.0
10,Min Sum,Optimal,0.6,2218.001572691405,119,0,1.0
10,Min Sum,Optimal,0.7500000000000001,2043.2327070989945,108,0,1.0
10,Min Sum,Optimal,0.7500000000000001,2131.786367195295,120,0,1.0
10,Min Sum,Optimal,0.9000000000000002,2452.339465929973,131,0,1.0
10,Min Sum,Optimal,0.7000000000000001,1374.0580965908985,69,0,1.0
10,Min Sum,Optimal,0.5499999999999999,1551.1530268262113,98,0,1.0
10,Min Sum,Optimal,0.49999999999999994,936.0427812035509,53,0,1.0
10,Min Sum,Optimal,0.8500000000000002,2094.473682362006,115,0,1.0
10,Min Sum,Optimal,0.35,667.0101989875932,41,0,1.0
10,Min Sum,Optimal,0.39999999999999997,1805.645566969783,94,0,1.0
10,Min Sum,Optimal,0.6,1134.5710441154492,71,0,1.0
10,Min Sum,Optimal,0.65,1029.5063417761353,62,0,1.0
10,Min Sum,Optimal,0.8000000000000002,2236.0175650668416,113,0,1.0
10,Min Sum,Optimal,0.49999999999999994,1223.6737182929367,65,0,1.0
10,Min Sum,Optimal,0.2,893.1932887306336,46,0,1.0
10,Min Sum,Optimal,0.49999999999999994,1651.8575347976448,83,0,1.0
10,Min Sum,Optimal,0.7000000000000001,1101.1258359176395,65,0,1.0
10,Min Sum,Optimal,0.6,1354.9429048151878,81,0,1.0
10,Min Sum,Optimal,0.7000000000000001,1298.0131308997447,70,0,1.0
10,Min Sum,Optimal,0.9000000000000002,2591.0445582345383,134,0,1.0
10,Min Sum,Optimal,0.7500000000000001,1736.247833480294,104,0,1.0
10,Min Sum,Optimal,0.7500000000000001,1687.6317683935672,90,0,1.0
10,Min Sum,Optimal,0.44999999999999996,1681.1537416414026,88,0,1.0
10,Min Sum,Optimal,0.2,1311.227166055845,70,0,1.0
10,Min Sum,Optimal,0.65,1787.1307297743697,91,0,1.0
10,Min Sum,Optimal,0.35,1291.9169156429857,68,0,1.0
10,Min Sum,Optimal,0.6,1610.5864071816477,91,0,1.0
10,Min Sum,Optimal,0.5499999999999999,1306.780816344669,78,0,1.0
10,Min Sum,Optimal,0.7000000000000001,1953.5550902133396,99,0,1.0
10,Min Sum,Optimal,0.25,1164.4221358680984,67,0,1.0
10,Min Sum,Optimal,0.65,923.7685914077657,58,0,1.0
10,Min Sum,Optimal,0.15000000000000002,502.8056531233036,27,0,1.0
10,Min Sum,Optimal,0.5499999999999999,908.4217303528553,55,0,1.0
10,Min Sum,Optimal,0.6,1329.1575057494374,70,0,1.0
10,Min Sum,Optimal,0.49999999999999994,1859.1028241082972,95,0,1.0
10,Min Sum,Optimal,0.65,2313.5685720821784,118,0,1.0
10,Min Sum,Optimal,0.5499999999999999,1182.572302960354,64,0,1.0
10,Min Sum,Optimal,0.44999999999999996,657.3309599693303,49,0,1.0
10,Min Sum,Optimal,0.49999999999999994,1758.99849106197,91,0,1.0
10,Min Sum,Optimal,0.49999999999999994,1185.323543415517,67,0,1.0
10,Min Sum,Optimal,0.5499999999999999,1879.065711791819,93,0,1.0
10,Min Sum,Optimal,0.3,1478.4588856863118,81,0,1.0
10,Min Sum,Optimal,0.65,1674.8572858114442,90,0,1.0
10,Min Sum,Optimal,0.7500000000000001,1766.4684655994502,98,0,1.0
10,Min Sum,Optimal,0.7000000000000001,1926.8960626654532,117,0,1.0
10,Min Sum,Optimal,0.6,2046.9079227332393,104,0,1.0
10,Min Sum,Optimal,0.7000000000000001,1120.0180571437481,65,0,1.0
10,Min Sum,Optimal,0.3,1711.4897912254403,85,0,1.0
10,Min Sum,Optimal,0.44999999999999996,943.8259723534576,51,0,1.0
10,Min Sum,Optimal,0.7500000000000001,2165.576762172427,113,0,1.0
10,Min Sum,Optimal,0.7000000000000001,1750.2316071312166,88,0,1.0
10,Min Sum,Optimal,0.49999999999999994,1775.162924868033,92,0,1.0
10,Min Sum,Optimal,0.7000000000000001,1671.346893313068,88,0,1.0
10,Min Sum,Optimal,0.05,1284.879638137044,66,0,1.0
10,Min Sum,Optimal,0.39999999999999997,1264.6174862277244,67,0,1.0
10,Min Sum,Optimal,0.8500000000000002,1715.1433208062845,100,0,1.0
10,Min Sum,Optimal,0.5499999999999999,1504.1826687134217,83,0,1.0
10,Min Sum,Optimal,0.7000000000000001,1051.039898724866,60,0,1.0
10,Min Sum,Optimal,0.6,2644.984298249157,134,0,1.0
10,Min Sum,Optimal,0.25,1332.840978957852,74,0,1.0
10,Min Sum,Optimal,0.7000000000000001,1373.418970536925,87,0,1.0
10,Min Sum,Optimal,0.5499999999999999,1051.8175518609382,64,0,1.0
10,Min Sum,Optimal,0.8000000000000002,1081.7269667872795,69,0,1.0
10,Min Sum,Optimal,0.35,1264.3148816910068,72,0,1.0
10,Min Sum,Optimal,0.35,1489.8658723424087,82,0,1.0
10,Min Sum,Optimal,0.7000000000000001,1802.3100164280816,92,0,1.0
10,Min Sum,Optimal,0.5499999999999999,1215.0068732666743,66,0,1.0
10,Min Sum,Optimal,0.65,1949.1325869090551,102,0,1.0
10,Min Sum,Optimal,0.65,2126.226229007033,108,0,1.0
10,Min Sum,Optimal,0.7500000000000001,1976.5754917600516,108,0,1.0
10,Min Sum,Optimal,0.7000000000000001,1353.0823749730716,72,0,1.0
10,Min Sum,Optimal,0.5499999999999999,1672.309489021455,96,0,1.0
10,Min Sum,Optimal,0.8500000000000002,2226.958830467189,123,0,1.0
10,Min Sum,Optimal,0.8000000000000002,2135.0443325548877,107,0,1.0
10,Min Sum,Optimal,0.6,1650.7094623444234,84,0,1.0
10,Min Sum,Optimal,0.6,1203.6687874919153,69,0,1.0
10,Min Sum,Optimal,0.49999999999999994,1497.5182089213429,83,0,1.0
10,Min Sum,Optimal,0.49999999999999994,1628.1508646001942,83,0,1.0
10,Min Sum,Optimal,0.25,1730.6878982637145,88,0,1.0
10,Min Sum,Optimal,0.39999999999999997,1496.706056350598,75,0,1.0
10,Min Sum,Optimal,0.6,2063.6113533044613,108,0,1.0
10,Min Sum,Optimal,0.7500000000000001,1834.341553943195,93,0,1.0
10,Min Sum,Optimal,0.65,2313.089573998418,117,0,1.0
10,Min Sum,Optimal,0.49999999999999994,849.9334673782437,48,0,1.0
10,Min Sum,Optimal,0.8000000000000002,2760.895837096821,137,0,1.0
10,Min Sum,Optimal,0.7500000000000001,1438.3191623510907,90,0,1.0
10,Min Sum,Optimal,0.49999999999999994,1477.6883271057989,74,0,1.0
10,Min Sum,Optimal,0.65,1378.2201745197888,69,0,1.0
10,Min Sum,Optimal,0.65,2622.043610096623,129,0,1.0
10,Min Sum,Optimal,0.5499999999999999,1686.32380645979,84,0,1.0
10,Min Sum,Optimal,0.25,972.2974909195625,50,0,1.0
10,Min Sum,Optimal,0.65,1412.3193764218083,79,0,1.0
10,Min Sum,Optimal,0.7500000000000001,1362.0558687938333,80,0,1.0
10,Min Sum,Optimal,0.44999999999999996,870.1657403758414,48,0,1.0
10,Min Sum,Optimal,0.35,1011.1403283923399,60,0,1.0
10,Min Sum,Optimal,0.7500000000000001,2005.3684994318362,99,0,1.0
10,Min Sum,Optimal,0.5499999999999999,910.5405848391254,66,0,1.0
10,Min Sum,Optimal,0.65,1253.1795851046602,71,0,1.0
10,Min Sum,Optimal,0.8000000000000002,2360.9830453764407,122,0,1.0
10,Min Sum,Optimal,0.7500000000000001,1178.9892096295848,60,0,1.0
10,Min Sum,Optimal,0.7500000000000001,1540.5453830031565,85,0,1.0
10,Min Sum,Optimal,0.44999999999999996,1398.408111297041,74,0,1.0
10,Min Sum,Optimal,0.3,1243.3055301907352,76,0,1.0
10,Min Sum,Optimal,0.8000000000000002,2078.859897928999,111,0,1.0
10,Min Sum,Optimal,0.8500000000000002,2811.416818081062,146,0,1.0
10,Min Sum,Optimal,0.7500000000000001,1689.6208114280803,89,0,1.0
10,Min Sum,Optimal,0.1,969.4214996820717,53,0,1.0
10,Min Sum,Optimal,0.7000000000000001,1558.8185296181227,85,0,1.0
10,Min Sum,Optimal,0.44999999999999996,1652.0333813499403,82,0,1.0
10,Min Sum,Optimal,0.8000000000000002,2239.0363070040244,112,0,1.0
10,Min Sum,Optimal,0.5499999999999999,2041.6480528057632,105,0,1.0
10,Min Sum,Optimal,0.44999999999999996,1349.6147893968136,80,0,1.0
10,Min Sum,Optimal,0.8500000000000002,2341.914181975341,123,0,1.0
10,Min Sum,Optimal,0.5499999999999999,1999.123588665913,107,0,1.0
10,Min Sum,Optimal,0.65,1798.7070254660975,98,0,1.0
10,Min Sum,Optimal,0.65,1380.2757990816503,71,0,1.0
10,Min Sum,Optimal,0.8500000000000002,2163.457773045532,113,0,1.0
10,Min Sum,Optimal,0.8000000000000002,925.9573570908198,66,0,1.0
10,Min Sum,Optimal,0.65,1965.9622244158427,102,0,1.0
10,Min Sum,Optimal,0.49999999999999994,1034.0357905488813,61,0,1.0
10,Min Sum,Optimal,0.7500000000000001,2061.4287824639378,103,0,1.0
10,Min Sum,Optimal,0.35,1921.8898863182299,108,0,1.0
10,Min Sum,Optimal,0.25,1073.8259120609578,55,0,1.0
10,Min Sum,Optimal,0.5499999999999999,1569.5732868051045,91,0,1.0
10,Min Sum,Optimal,0.8000000000000002,1753.2214245034556,96,0,1.0
10,Min Sum,Optimal,0.5499999999999999,1504.7286931293816,75,0,1.0
10,Min Sum,Optimal,0.49999999999999994,1095.6479810199412,60,0,1.0
10,Min Sum,Optimal,0.9000000000000002,2615.4245248570533,137,0,1.0
10,Min Sum,Optimal,0.7000000000000001,1241.862986328044,77,0,1.0
10,Min Sum,Optimal,0.39999999999999997,1243.6359916795,70,0,1.0
10,Min Sum,Optimal,0.35,1270.203267997831,70,0,1.0
10,Min Sum,Optimal,0.8500000000000002,3186.259761069709,162,0,1.0
10,Min Sum,Optimal,0.39999999999999997,1424.876730966594,75,0,1.0
10,Min Sum,Optimal,0.7500000000000001,1303.9775670836727,72,0,1.0
10,Min Sum,Optimal,0.65,2194.5162193278675,120,0,1.0
10,Min Sum,Optimal,0.8500000000000002,2124.3755309489884,109,0,1.0
10,Min Sum,Optimal,0.7500000000000001,2893.924788888446,142,0,1.0
10,Min Sum,Optimal,0.7500000000000001,2351.3679176348514,116,0,1.0
10,Min Sum,Optimal,0.15000000000000002,1341.0305297624245,68,0,1.0
10,Min Sum,Optimal,0.39999999999999997,1497.9376422856292,78,0,1.0
10,Min Sum,Optimal,0.5499999999999999,2017.5930534417257,107,0,1.0
10,Min Sum,Optimal,0.39999999999999997,914.3450158140972,54,0,1.0
10,Min Sum,Optimal,0.44999999999999996,765.4226981714835,44,0,1.0
10,Min Sum,Optimal,0.8000000000000002,2438.639996848447,122,0,1.0
10,Min Sum,Optimal,0.7000000000000001,2146.158113912277,112,0,1.0
10,Min Sum,Optimal,0.5499999999999999,1839.8611848063274,98,0,1.0
10,Min Sum,Optimal,0.44999999999999996,1105.5670333945943,60,0,1.0
10,Min Sum,Optimal,0.7500000000000001,2205.8400051661856,110,0,1.0
10,Min Sum,Optimal,0.5499999999999999,1249.1207963210286,63,0,1.0
10,Min Sum,Optimal,0.35,1720.2538949127875,87,0,1.0
10,Min Sum,Optimal,0.7500000000000001,2394.33550465197,125,0,1.0
10,Min Sum,Optimal,0.49999999999999994,1240.291560247069,65,0,1.0
10,Min Sum,Optimal,0.39999999999999997,1074.9494618052981,63,0,1.0
10,Min Sum,Optimal,0.39999999999999997,1231.4914721537104,72,0,1.0
10,Min Sum,Optimal,0.7000000000000001,1914.8096000407006,104,0,1.0
10,Min Sum,Optimal,0.7000000000000001,1620.6438205133527,81,0,1.0
10,Min Sum,Optimal,0.35,1216.5252297901463,71,0,1.0
10,Min Sum,Optimal,0.7500000000000001,1829.742542140361,95,0,1.0
10,Min Sum,Optimal,0.39999999999999997,943.3530549073384,61,0,1.0
10,Min Sum,Optimal,0.6,1363.1980116973727,73,0,1.0
10,Min Sum,Optimal,0.7500000000000001,2440.2412895850575,121,0,1.0
10,Min Sum,Optimal,0.6,1534.694128836085,85,0,1.0
10,Min Sum,Optimal,0.7000000000000001,1123.3583508599465,57,0,1.0
10,Min Sum,Optimal,0.7500000000000001,2266.632212467962,129,0,1.0
10,Min Sum,Optimal,0.8000000000000002,2491.523719900539,134,0,1.0
10,Min Sum,Optimal,0.8000000000000002,1848.5838949788222,106,0,1.0
10,Min Sum,Optimal,0.49999999999999994,1652.7326650932794,85,0,1.0
10,Min Sum,Optimal,0.2,1177.863982792747,66,0,1.0
10,Min Sum,Optimal,0.35,546.5439143826939,31,0,1.0
10,Min Sum,Optimal,0.5499999999999999,2303.990551286476,116,0,1.0
10,Min Sum,Optimal,0.39999999999999997,1323.9951646951877,75,0,1.0
10,Min Sum,Optimal,0.44999999999999996,926.5665967224925,61,0,1.0
10,Min Sum,Optimal,0.65,2005.341653581535,108,0,1.0
10,Min Sum,Optimal,0.65,2458.7261557062957,121,0,1.0
10,Min Sum,Optimal,0.65,1839.628363672884,91,0,1.0
10,Min Sum,Optimal,0.8000000000000002,1328.0823834640896,76,0,1.0
10,Min Sum,Optimal,0.44999999999999996,1134.3973097198077,72,0,1.0
10,Min Sum,Optimal,0.7000000000000001,1430.0559133230881,76,0,1.0
10,Min Sum,Optimal,0.7000000000000001,2477.931429151592,129,0,1.0
10,Min Sum,Optimal,0.65,1247.5972358324655,77,0,1.0
10,Min Sum,Optimal,0.39999999999999997,1063.379406092896,63,0,1.0
10,Min Sum,Optimal,0.65,1175.4006951569786,75,0,1.0
10,Min Sum,Optimal,0.6,1227.882464678678,70,0,1.0
10,Min Sum,Optimal,0.5499999999999999,1107.7815445016877,72,0,1.0
10,Min Sum,Optimal,0.65,1797.8501778840064,89,0,1.0
10,Min Sum,Optimal,0.7000000000000001,2347.645215981039,123,0,1.0
10,Min Sum,Optimal,0.7500000000000001,1307.3026980384302,72,0,1.0
10,Min Sum,Optimal,0.7000000000000001,1342.204658523172,79,0,1.0
10,Min Sum,Optimal,0.44999999999999996,1145.6683198828582,71,0,1.0
10,Min Sum,Optimal,0.44999999999999996,1762.3909709267114,103,0,1.0
10,Min Sum,Optimal,0.2,602.7594963626665,33,0,1.0
10,Min Sum,Optimal,0.7000000000000001,2978.5169584281293,148,0,1.0
10,Min Sum,Optimal,0.8500000000000002,2923.9329354220745,151,0,1.0
10,Min Sum,Optimal,0.8000000000000002,3051.4049036525166,150,0,1.0
10,Min Sum,Optimal,0.6,1853.2300938909086,92,0,1.0
10,Min Sum,Optimal,0.39999999999999997,1595.6002476324368,82,0,1.0
10,Min Sum,Optimal,0.5499999999999999,1958.7937017446202,97,0,1.0
10,Min Sum,Optimal,0.6,1336.0556993248044,67,0,1.0
10,Min Sum,Optimal,0.8500000000000002,1966.6771700477973,100,0,1.0
10,Min Sum,Optimal,0.44999999999999996,1141.551317137707,62,0,1.0
10,Min Sum,Optimal,0.7000000000000001,1498.786927885646,77,0,1.0
10,Min Sum,Optimal,0.7500000000000001,1660.379668880194,90,0,1.0
10,Min Sum,Optimal,0.49999999999999994,1314.2387481739897,70,0,1.0
10,Min Sum,Optimal,0.5499999999999999,1569.007965615831,87,0,1.0
10,Min Sum,Optimal,0.39999999999999997,1253.7633060625144,69,0,1.0
10,Min Sum,Optimal,0.5499999999999999,1544.5307803639157,77,0,1.0
10,Min Sum,Optimal,0.39999999999999997,1031.0839713977412,58,0,1.0
10,Min Sum,Optimal,0.8000000000000002,2034.3765849013728,107,0,1.0
10,Min Sum,Optimal,0.49999999999999994,1212.4105347714828,61,0,1.0
10,Min Sum,Optimal,0.15000000000000002,940.654950995276,51,0,1.0
10,Min Sum,Optimal,0.6,1705.901739487822,87,0,1.0
10,Min Sum,Optimal,0.6,2108.5495012733227,107,0,1.0
10,Min Sum,Optimal,0.44999999999999996,1422.2894596033818,88,0,1.0
10,Min Sum,Optimal,0.7000000000000001,2090.139601008421,104,0,1.0
10,Min Sum,Optimal,0.5499999999999999,1732.3595204567062,108,0,1.0
10,Min Sum,Optimal,0.8000000000000002,1318.4193685780433,71,0,1.0
10,Min Sum,Optimal,0.65,1320.0173959071076,87,0,1.0
10,Min Sum,Optimal,0.8000000000000002,1954.817791069986,106,0,1.0
10,Min Sum,Optimal,0.6,1947.9880625098638,101,0,1.0
10,Min Sum,Optimal,0.44999999999999996,1427.249098309575,86,0,1.0
10,Min Sum,Optimal,0.5499999999999999,1578.445504921893,99,0,1.0
10,Min Sum,Optimal,0.35,1395.357982967568,73,0,1.0
10,Min Sum,Optimal,0.49999999999999994,1357.967841282269,69,0,1.0
10,Min Sum,Optimal,0.7500000000000001,1387.0652817016291,75,0,1.0
10,Min Sum,Optimal,0.35,854.4449357557451,47,0,1.0
10,Min Sum,Optimal,0.7000000000000001,1075.7954986174211,63,0,1.0
10,Min Sum,Optimal,0.9000000000000002,2699.772241377723,144,0,1.0
10,Min Sum,Optimal,0.35,1353.0374222677501,73,0,1.0
10,Min Sum,Optimal,0.8500000000000002,2037.7516537045822,109,0,1.0
10,Min Sum,Optimal,0.5499999999999999,2107.2340365241857,106,0,1.0
10,Min Sum,Optimal,0.5499999999999999,1248.3141346427826,72,0,1.0
10,Min Sum,Optimal,0.2,948.030387345832,55,0,1.0
10,Min Sum,Optimal,0.8500000000000002,1337.539403678983,75,0,1.0
10,Min Sum,Optimal,0.3,1168.8357842490677,59,0,1.0
10,Min Sum,Optimal,0.39999999999999997,1625.003376971014,82,0,1.0
10,Min Sum,Optimal,0.7000000000000001,1854.5855162924386,103,0,1.0
10,Min Sum,Optimal,0.35,631.8849275179869,39,0,1.0
10,Min Sum,Optimal,0.8000000000000002,1179.6671749546404,64,0,1.0
10,Min Sum,Optimal,0.8000000000000002,1759.0891587312076,90,0,1.0
10,Min Sum,Optimal,0.8000000000000002,2180.3794108509514,110,0,1.0
10,Min Sum,Optimal,0.7000000000000001,1161.2995934612147,62,0,1.0
10,Min Sum,Optimal,0.6,1246.0602792886987,66,0,1.0
10,Min Sum,Optimal,0.8000000000000002,2136.9165921194617,114,0,1.0
10,Min Sum,Optimal,0.49999999999999994,1264.0739087032962,64,0,1.0
10,Min Sum,Optimal,0.25,989.8329746167758,54,0,1.0
10,Min Sum,Optimal,0.65,2294.707192375074,113,0,1.0
10,Min Sum,Optimal,0.39999999999999997,1228.855640028803,66,0,1.0
10,Min Sum,Optimal,0.44999999999999996,1103.4797137163514,63,0,1.0
10,Min Sum,Optimal,0.5499999999999999,2142.5418615833487,106,0,1.0
10,Min Sum,Optimal,0.39999999999999997,1366.1921926512587,69,0,1.0
10,Min Sum,Optimal,0.44999999999999996,1346.494512060365,74,0,1.0
10,Min Sum,Optimal,0.5499999999999999,956.2185770525823,60,0,1.0
10,Min Sum,Optimal,0.3,852.3068046969955,51,0,1.0
10,Min Sum,Optimal,0.7000000000000001,1987.7260685451233,106,0,1.0
10,Min Sum,Optimal,0.8500000000000002,2662.1339599067323,139,0,1.0
10,Min Sum,Optimal,0.7000000000000001,1738.7392354084059,86,0,1.0
10,Min Sum,Optimal,0.5499999999999999,584.2435093007998,35,0,1.0
10,Min Sum,Optimal,0.8000000000000002,1588.9219488581962,96,0,1.0
10,Min Sum,Optimal,0.5499999999999999,1543.4253262425543,83,0,1.0
10,Min Sum,Optimal,0.7500000000000001,1684.5725694452422,86,0,1.0
10,Min Sum,Optimal,0.7000000000000001,2424.3556370335573,119,0,1.0
10,Min Sum,Optimal,0.8000000000000002,1870.6267531761519,106,0,1.0
10,Min Sum,Optimal,0.7000000000000001,2160.0153788052207,106,0,1.0
10,Min Sum,Optimal,0.65,1198.8636114899628,69,0,1.0
10,Min Sum,Optimal,0.7500000000000001,1951.4108971975493,100,0,1.0
10,Min Sum,Optimal,0.7000000000000001,2315.1378553773566,131,0,1.0
10,Min Sum,Optimal,0.8500000000000002,1951.4139023498249,112,0,1.0
10,Min Sum,Optimal,0.65,1829.2396933444384,96,0,1.0
10,Min Sum,Optimal,0.2,1087.6160488773671,56,0,1.0
10,Min Sum,Optimal,0.5499999999999999,1516.4114819113104,86,0,1.0
10,Min Sum,Optimal,0.7000000000000001,1666.553111292531,97,0,1.0
10,Min Sum,Optimal,0.49999999999999994,1994.5572355260995,114,0,1.0
10,Min Sum,Optimal,0.6,1828.212405748936,91,0,1.0
10,Min Sum,Optimal,0.39999999999999997,1052.9714361673487,60,0,1.0
10,Min Sum,Optimal,0.65,1433.2481904248734,85,0,1.0
10,Min Sum,Optimal,0.35,1371.0878574241717,77,0,1.0
10,Min Sum,Optimal,0.39999999999999997,975.2538226510669,68,0,1.0
10,Min Sum,Optimal,0.65,2097.0208725820794,115,0,1.0
10,Min Sum,Optimal,0.39999999999999997,1050.8941909696969,55,0,1.0
10,Min Sum,Optimal,0.65,1265.4830464358142,66,0,1.0
10,Min Sum,Optimal,0.6,1235.754724660866,72,0,1.0
10,Min Sum,Optimal,0.6,1202.4226620547888,65,0,1.0
10,Min Sum,Optimal,0.8000000000000002,2412.3325187226083,118,0,1.0
10,Min Sum,Optimal,0.39999999999999997,1789.3325083780892,89,0,1.0
10,Min Sum,Optimal,0.6,1702.6109996866671,87,0,1.0
10,Min Sum,Optimal,0.8500000000000002,1820.3468703516667,92,0,1.0
10,Min Sum,Optimal,0.8500000000000002,2464.911330661592,121,0,1.0
10,Min Sum,Optimal,0.65,2244.542651328688,111,0,1.0
10,Min Sum,Optimal,0.44999999999999996,1199.7454433412197,63,0,1.0
10,Min Sum,Optimal,0.7500000000000001,1733.7164363024158,95,0,1.0
10,Min Sum,Optimal,0.7000000000000001,2190.4214599036627,118,0,1.0
10,Min Sum,Optimal,0.7000000000000001,1597.2241829140996,80,0,1.0
10,Min Sum,Optimal,0.7500000000000001,1433.4373797423248,73,0,1.0
10,Min Sum,Optimal,0.44999999999999996,1181.6297099459912,60,0,1.0
10,Min Sum,Optimal,0.5499999999999999,1272.3996756500228,79,0,1.0
10,Min Sum,Optimal,0.65,1663.594294213852,88,0,1.0
10,Min Sum,Optimal,0.49999999999999994,1891.9451100362162,97,0,1.0
10,Min Sum,Optimal,0.65,2599.9293948159175,142,0,1.0
10,Min Sum,Optimal,0.65,1429.56164887356,72,0,1.0
10,Min Sum,Optimal,0.7000000000000001,1142.2089442812314,58,0,1.0
10,Min Sum,Optimal,0.65,912.2070310970951,59,0,1.0
10,Min Sum,Optimal,0.5499999999999999,1662.268131482544,84,0,1.0
10,Min Sum,Optimal,0.5499999999999999,983.5482371076323,53,0,1.0
10,Min Sum,Optimal,0.7500000000000001,2099.3447986322726,115,0,1.0
10,Min Sum,Optimal,0.35,1540.7635943033583,77,0,1.0
10,Min Sum,Optimal,0.7000000000000001,1536.365426288069,92,0,1.0
10,Min Sum,Optimal,0.6,1660.4767920926088,87,0,1.0
10,Min Sum,Optimal,0.7500000000000001,1575.4239027858625,85,0,1.0
10,Min Sum,Optimal,0.7000000000000001,1596.8171809374057,84,0,1.0
10,Min Sum,Optimal,0.49999999999999994,1413.4122350233015,74,0,1.0
10,Min Sum,Optimal,0.6,1701.883740658826,85,0,1.0
10,Min Sum,Optimal,0.6,1701.023444868902,88,0,1.0
10,Min Sum,Optimal,0.5499999999999999,2244.53184360912,111,0,1.0
10,Min Sum,Optimal,0.5499999999999999,1242.4508921664699,74,0,1.0
10,Min Sum,Optimal,0.7000000000000001,1943.0317813697418,98,0,1.0
10,Min Sum,Optimal,0.7500000000000001,1494.722917860066,77,0,1.0
10,Min Sum,Optimal,0.5499999999999999,815.1129556456351,47,0,1.0
10,Min Sum,Optimal,0.7500000000000001,2147.766116946081,111,0,1.0
10,Min Sum,Optimal,0.65,1655.3783496576898,91,0,1.0
10,Min Sum,Optimal,0.7500000000000001,1452.637865186473,79,0,1.0
10,Min Sum,Optimal,0.65,1371.262525442844,75,0,1.0
10,Min Sum,Optimal,0.7000000000000001,1878.1299764203554,93,0,1.0
10,Min Sum,Optimal,0.7500000000000001,1371.1207127421285,68,0,1.0
10,Min Sum,Optimal,0.44999999999999996,958.7290418817528,60,0,1.0
10,Min Sum,Optimal,0.65,1425.2173798161166,71,0,1.0
10,Min Sum,Optimal,0.7500000000000001,2495.4602723590297,126,0,1.0
10,Min Sum,Optimal,0.8500000000000002,2093.78236512199,114,0,1.0
10,Min Sum,Optimal,0.65,1339.6166663334384,77,0,1.0
10,Min Sum,Optimal,0.7500000000000001,2882.659059742735,142,0,1.0
10,Min Sum,Optimal,0.44999999999999996,1237.4741520897333,66,0,1.0
10,Min Sum,Optimal,0.7000000000000001,2154.67936812863,112,0,1.0
10,Min Sum,Optimal,0.49999999999999994,2240.466066929566,111,0,1.0
10,Min Sum,Optimal,0.7000000000000001,1505.7055445864173,81,0,1.0
10,Min Sum,Optimal,0.5499999999999999,1455.7558370753782,84,0,1.0
10,Min Sum,Optimal,0.65,1441.9125026989695,81,0,1.0
10,Min Sum,Optimal,0.35,922.8846660901304,50,0,1.0
10,Min Sum,Optimal,0.7500000000000001,1802.9997398987293,98,0,1.0
10,Min Sum,Optimal,0.6,1998.3415997513398,109,0,1.0
10,Min Sum,Optimal,0.44999999999999996,1085.3101928749986,55,0,1.0
10,Min Sum,Optimal,0.8500000000000002,1359.3553716795063,69,0,1.0
10,Min Sum,Optimal,0.05,1181.2354358513755,61,0,1.0
10,Min Sum,Optimal,0.9000000000000002,1050.8646847465798,77,0,1.0
10,Min Sum,Optimal,0.25,1083.2576200817366,58,0,1.0
10,Min Sum,Optimal,0.65,2037.9593559906384,106,0,1.0
10,Min Sum,Optimal,0.49999999999999994,860.7304607076321,60,0,1.0
10,Min Sum,Optimal,0.8000000000000002,2178.5459801637844,124,0,1.0
10,Min Sum,Optimal,0.49999999999999994,1954.1636550037188,105,0,1.0
10,Min Sum,Optimal,0.7500000000000001,960.620522978835,66,0,1.0
10,Min Sum,Optimal,0.65,2052.2510274507667,102,0,1.0
10,Min Sum,Optimal,0.2,1515.984182712571,77,0,1.0
10,Min Sum,Optimal,0.5499999999999999,1883.7942605615108,99,0,1.0
10,Min Sum,Optimal,0.7500000000000001,1695.7680233308492,86,0,1.0
10,Min Sum,Optimal,0.6,1503.9483826171331,100,0,1.0
10,Min Sum,Optimal,0.44999999999999996,1150.5634167503015,69,0,1.0
10,Min Sum,Optimal,0.7500000000000001,2711.8456947728027,136,0,1.0
10,Min Sum,Optimal,0.6,1798.7620535077958,95,0,1.0
10,Min Sum,Optimal,0.8000000000000002,1453.480409877941,76,0,1.0
10,Min Sum,Optimal,0.7500000000000001,1351.0768118150042,76,0,1.0
10,Min Sum,Optimal,0.3,1432.5305292461662,77,0,1.0
10,Min Sum,Optimal,0.39999999999999997,805.6539130990388,59,0,1.0
10,Min Sum,Optimal,0.65,1560.7499572846882,85,0,1.0
10,Min Sum,Optimal,0.6,633.3723201460743,42,0,1.0
10,Min Sum,Optimal,0.7000000000000001,1529.1239390736478,101,0,1.0
10,Min Sum,Optimal,0.65,2185.654210470588,112,0,1.0
10,Min Sum,Optimal,0.8000000000000002,1303.7989599422158,84,0,1.0
10,Min Sum,Optimal,0.7500000000000001,2180.782016200942,116,0,1.0
10,Min Sum,Optimal,0.7500000000000001,1963.9456952595913,101,0,1.0
10,Min Sum,Optimal,0.6,1315.5498555858362,72,0,1.0
10,Min Sum,Optimal,0.44999999999999996,1635.9717809208546,95,0,1.0
10,Min Sum,Optimal,0.7500000000000001,1137.995575361644,77,0,1.0
10,Min Sum,Optimal,0.15000000000000002,546.299979527825,31,0,1.0
10,Min Sum,Optimal,0.7000000000000001,2852.9803428126734,140,0,1.0
10,Min Sum,Optimal,0.7000000000000001,1374.6163182496289,72,0,1.0
10,Min Sum,Optimal,0.8000000000000002,1719.4696645182687,86,0,1.0
10,Min Sum,Optimal,0.9000000000000002,1980.1014675084002,104,0,1.0
10,Min Sum,Optimal,0.35,1017.9280824777873,56,0,1.0
10,Min Sum,Optimal,0.44999999999999996,1553.9866809940486,81,0,1.0
10,Min Sum,Optimal,0.35,1715.8429343247171,92,0,1.0
10,Min Sum,Optimal,0.7500000000000001,1463.8402334751756,75,0,1.0
10,Min Sum,Optimal,0.49999999999999994,1172.1859480960804,70,0,1.0
10,Min Sum,Optimal,0.6,1537.912313470189,77,0,1.0
10,Min Sum,Optimal,0.7500000000000001,3203.672263184638,163,0,1.0
10,Min Sum,Optimal,0.2,1249.8654926243557,67,0,1.0
10,Min Sum,Optimal,0.9000000000000002,2918.681317348486,143,0,1.0
10,Min Sum,Optimal,0.7500000000000001,2919.0777789150943,157,0,1.0
10,Min Sum,Optimal,0.7500000000000001,2333.2466481473803,132,0,1.0
10,Min Sum,Optimal,0.3,1126.1801712022298,63,0,1.0
10,Min Sum,Optimal,0.39999999999999997,1171.052456770183,77,0,1.0
10,Min Sum,Optimal,0.7500000000000001,1949.0615182263987,96,0,1.0
10,Min Sum,Optimal,0.5499999999999999,1108.8402394552638,71,0,1.0
10,Min Sum,Optimal,0.7000000000000001,1597.9106683100154,93,0,1.0
10,Min Sum,Optimal,0.44999999999999996,1008.9775063679479,60,0,1.0
10,Min Sum,Optimal,0.8000000000000002,2101.4237866128537,114,0,1.0
10,Min Sum,Optimal,0.2,844.843741594839,44,0,1.0
10,Min Sum,Optimal,0.35,1134.7299424618193,70,0,1.0
10,Min Sum,Optimal,0.5499999999999999,1826.972136460769,91,0,1.0
10,Min Sum,Optimal,0.7500000000000001,1741.6051133959277,92,0,1.0
10,Min Sum,Optimal,0.65,1372.2222374943085,78,0,1.0
10,Min Sum,Optimal,0.8000000000000002,1712.1977027589764,98,0,1.0
10,Min Sum,Optimal,0.6,1841.0843502719972,93,0,1.0
10,Min Sum,Optimal,0.3,1285.5471417220774,71,0,1.0
10,Min Sum,Optimal,0.7000000000000001,1669.8186114665493,92,0,1.0
10,Min Sum,Optimal,0.7500000000000001,1576.4584359091555,82,0,1.0
10,Min Sum,Optimal,0.6,2074.758349173005,107,0,1.0
10,Min Sum,Optimal,0.7500000000000001,2181.614110822791,112,0,1.0
10,Min Sum,Optimal,0.8000000000000002,2130.3449579042463,117,0,1.0
10,Min Sum,Optimal,0.7000000000000001,1080.5574344514957,65,0,1.0
10,Min Sum,Optimal,0.5499999999999999,1363.1975619444827,79,0,1.0
10,Min Sum,Optimal,0.8000000000000002,1939.9641441261683,107,0,1.0
10,Min Sum,Optimal,0.8000000000000002,1884.9029718456936,104,0,1.0
10,Min Sum,Optimal,0.35,1868.2729586514765,93,0,1.0
10,Min Sum,Optimal,0.39999999999999997,885.8364563445778,45,0,1.0
10,Min Sum,Optimal,0.35,1626.3632344593827,81,0,1.0
10,Min Sum,Optimal,0.5499999999999999,1906.7009000151352,95,0,1.0
10,Min Sum,Optimal,0.7000000000000001,1109.3471180680503,61,0,1.0
10,Min Sum,Optimal,0.8000000000000002,1935.1802014943908,111,0,1.0
10,Min Sum,Optimal,0.65,2085.0937069483884,110,0,1.0
10,Min Sum,Optimal,0.3,1274.1678099081046,71,0,1.0
10,Min Sum,Optimal,0.2,836.289241875024,49,0,1.0
10,Min Sum,Optimal,0.65,1886.4596786671511,108,0,1.0
10,Min Sum,Optimal,0.49999999999999994,1326.4021597733959,70,0,1.0
10,Min Sum,Optimal,0.3,956.2174421916795,59,0,1.0
10,Min Sum,Optimal,0.65,1077.9521894310274,55,0,1.0
10,Min Sum,Optimal,0.25,597.7286783305879,42,0,1.0
10,Min Sum,Optimal,0.44999999999999996,1114.8888159650166,58,0,1.0
10,Min Sum,Optimal,0.49999999999999994,1367.966457386436,89,0,1.0
10,Min Sum,Optimal,0.49999999999999994,2203.268841983065,110,0,1.0
10,Min Sum,Optimal,0.6,1634.1804755346357,87,0,1.0
10,Min Sum,Optimal,0.39999999999999997,1156.3445999913797,67,0,1.0
10,Min Sum,Optimal,0.35,1041.5676894682313,55,0,1.0
10,Min Sum,Optimal,0.6,1789.711914891509,99,0,1.0
10,Min Sum,Optimal,0.8500000000000002,1099.1906452043636,61,0,1.0
10,Min Sum,Optimal,0.39999999999999997,1490.371630534144,87,0,1.0
10,Min Sum,Optimal,0.49999999999999994,1255.8506389809004,74,0,1.0
10,Min Sum,Optimal,0.39999999999999997,1620.4263395736114,82,0,1.0
10,Min Sum,Optimal,0.35,1660.2780246638458,83,0,1.0
10,Min Sum,Optimal,0.5499999999999999,1542.1405914168092,79,0,1.0
10,Min Sum,Optimal,0.8500000000000002,2337.713804150849,118,0,1.0
10,Min Sum,Optimal,0.1,835.1694769904902,46,0,1.0
10,Min Sum,Optimal,0.5499999999999999,1918.8880690774954,95,0,1.0
10,Min Sum,Optimal,0.6,2055.8280565253644,113,0,1.0
10,Min Sum,Optimal,0.7000000000000001,1331.435919365637,81,0,1.0
10,Min Sum,Optimal,0.8500000000000002,1219.9489460731866,87,0,1.0
10,Min Sum,Optimal,0.7500000000000001,2613.6331687003976,129,0,1.0
10,Min Sum,Optimal,0.5499999999999999,1734.7742910872523,92,0,1.0
10,Min Sum,Optimal,0.6,2170.2490231342617,111,0,1.0
10,Min Sum,Optimal,0.5499999999999999,1739.6637824384015,97,0,1.0
10,Min Sum,Optimal,0.65,1481.9946054844506,80,0,1.0
10,Min Sum,Optimal,0.7500000000000001,1510.8657961993822,79,0,1.0
10,Min Sum,Optimal,0.7000000000000001,1612.411996312704,80,0,1.0
10,Min Sum,Optimal,0.65,997.8518919957006,55,0,1.0
10,Min Sum,Optimal,0.6,1961.5814405286412,98,0,1.0
10,Min Sum,Optimal,0.7000000000000001,1245.8191980004108,64,0,1.0
10,Min Sum,Optimal,0.7000000000000001,1242.1473523508826,70,0,1.0
10,Min Sum,Optimal,0.49999999999999994,1693.9898454116608,84,0,1.0
10,Min Sum,Optimal,0.35,862.7858799619041,45,0,1.0
10,Min Sum,Optimal,0.7500000000000001,1300.4585760003738,66,0,1.0
10,Min Sum,Optimal,0.49999999999999994,1753.2129373310222,93,0,1.0
10,Min Sum,Optimal,0.39999999999999997,1254.5595456720278,63,0,1.0
10,Min Sum,Optimal,0.49999999999999994,1264.610902183035,77,0,1.0
10,Min Sum,Optimal,0.65,1352.1219422626214,73,0,1.0
10,Min Sum,Optimal,0.5499999999999999,1569.7681515125064,85,0,1.0
10,Min Sum,Optimal,0.39999999999999997,1058.6133276339303,69,0,1.0
10,Min Sum,Optimal,0.7500000000000001,2530.302177755291,127,0,1.0
10,Min Sum,Optimal,0.5499999999999999,1513.514425611098,94,0,1.0
10,Min Sum,Optimal,0.7000000000000001,1928.7489063779853,96,0,1.0
10,Min Sum,Optimal,0.8500000000000002,2204.257299162118,110,0,1.0
10,Min Sum,Optimal,0.7500000000000001,2904.8990114759463,151,0,1.0
10,Min Sum,Optimal,0.8500000000000002,1589.9768166921076,84,0,1.0
10,Min Sum,Optimal,0.5499999999999999,2081.352738023538,102,0,1.0
10,Min Sum,Optimal,0.65,1861.6517369517633,96,0,1.0
10,Min Sum,Optimal,0.7500000000000001,2671.2227103533996,144,0,1.0
10,Min Sum,Optimal,0.65,1851.1727339334439,95,0,1.0
10,Min Sum,Optimal,0.65,1374.63894228038,98,0,1.0
10,Min Sum,Optimal,0.8000000000000002,2319.795889352741,116,0,1.0
10,Min Sum,Optimal,0.7500000000000001,1345.0995917363437,82,0,1.0
10,Min Sum,Optimal,0.35,1647.0707043973064,90,0,1.0
10,Min Sum,Optimal,0.5499999999999999,690.7724325455656,45,0,1.0
10,Min Sum,Optimal,0.2,1184.250590337785,68,0,1.0
10,Min Sum,Optimal,0.44999999999999996,1373.38776299083,84,0,1.0
10,Min Sum,Optimal,0.6,1920.6024966330892,97,0,1.0
10,Min Sum,Optimal,0.44999999999999996,1082.671877619058,71,0,1.0
10,Min Sum,Optimal,0.8000000000000002,1763.0987374336362,93,0,1.0
10,Min Sum,Optimal,0.8500000000000002,2067.393259207076,116,0,1.0
10,Min Sum,Optimal,0.65,1620.7873777604548,87,0,1.0
10,Min Sum,Optimal,0.8000000000000002,1949.3029957018214,109,0,1.0
10,Min Sum,Optimal,0.6,1494.8503299588833,75,0,1.0
10,Min Sum,Optimal,0.3,1425.6724721584394,87,0,1.0
10,Min Sum,Optimal,0.6,1772.9896506493642,90,0,1.0
10,Min Sum,Optimal,0.44999999999999996,1476.1011822917615,82,0,1.0
10,Min Sum,Optimal,0.7500000000000001,1780.5286963992826,90,0,1.0
10,Min Sum,Optimal,0.44999999999999996,1258.170300644576,66,0,1.0
10,Min Sum,Optimal,0.1,675.625617683222,39,0,1.0
10,Min Sum,Optimal,0.5499999999999999,1550.2839186014721,88,0,1.0
10,Min Sum,Optimal,0.6,1310.4156047530146,66,0,1.0
10,Min Sum,Optimal,0.6,1148.8443390124587,65,0,1.0
10,Min Sum,Optimal,0.39999999999999997,1958.3456422875195,97,0,1.0
10,Min Sum,Optimal,0.5499999999999999,1011.533955043209,60,0,1.0
10,Min Sum,Optimal,0.44999999999999996,1518.5333972891788,81,0,1.0
10,Min Sum,Optimal,0.7500000000000001,1890.7350956864689,116,0,1.0
10,Min Sum,Optimal,0.35,1694.5680763195305,90,0,1.0
10,Min Sum,Optimal,0.6,1924.4830858549549,98,0,1.0
10,Min Sum,Optimal,0.44999999999999996,598.7306620889558,37,0,1.0
10,Min Sum,Optimal,0.65,1786.7920814633742,112,0,1.0
10,Min Sum,Optimal,0.5499999999999999,1948.431937582277,110,0,1.0
10,Min Sum,Optimal,0.65,1761.4465653900975,89,0,1.0
10,Min Sum,Optimal,0.39999999999999997,611.4674654095231,39,0,1.0
10,Min Sum,Optimal,0.7000000000000001,1289.6880823155002,72,0,1.0
10,Min Sum,Optimal,0.5499999999999999,1224.28353104745,71,0,1.0
10,Min Sum,Optimal,0.25,751.170932046596,44,0,1.0
10,Min Sum,Optimal,0.7500000000000001,2231.2771401108535,113,0,1.0
10,Min Sum,Optimal,0.8500000000000002,2064.255895516535,103,0,1.0
10,Min Sum,Optimal,0.5499999999999999,1094.4736705501246,63,0,1.0
10,Min Sum,Optimal,0.65,2154.473822389463,111,0,1.0
10,Min Sum,Optimal,0.7000000000000001,1190.314695836549,72,0,1.0
10,Min Sum,Optimal,0.8000000000000002,1966.6151278168281,103,0,1.0
10,Min Sum,Optimal,0.49999999999999994,1087.624278147403,64,0,1.0
10,Min Sum,Optimal,0.6,912.8733971556303,59,0,1.0
10,Min Sum,Optimal,0.7000000000000001,1980.1090613270621,101,0,1.0
10,Min Sum,Optimal,0.5499999999999999,2433.9572025138127,120,0,1.0
10,Min Sum,Optimal,0.7000000000000001,1815.9619676186212,96,0,1.0
10,Min Sum,Optimal,0.8000000000000002,2774.8243589311305,139,0,1.0
10,Min Sum,Optimal,0.8000000000000002,2052.50233675383,109,0,1.0
10,Min Sum,Optimal,0.8000000000000002,1207.411360175304,72,0,1.0
10,Min Sum,Optimal,0.7500000000000001,1647.0305946399953,88,0,1.0
10,Min Sum,Optimal,0.44999999999999996,1592.6105121363894,81,0,1.0
10,Min Sum,Optimal,0.35,725.6073722765516,45,0,1.0
10,Min Sum,Optimal,0.7000000000000001,1298.3640619273278,66,0,1.0
10,Min Sum,Optimal,0.5499999999999999,1320.2086770777341,83,0,1.0
10,Min Sum,Optimal,0.35,1215.8416512910067,66,0,1.0
10,Min Sum,Optimal,0.7500000000000001,2898.418070359072,147,0,1.0
10,Min Sum,Optimal,0.65,2118.7667504534484,107,0,1.0
10,Min Sum,Optimal,0.25,1156.4892523631484,66,0,1.0
10,Min Sum,Optimal,0.49999999999999994,997.4193035724893,61,0,1.0
10,Min Sum,Optimal,0.65,1596.214760248744,95,0,1.0
10,Min Sum,Optimal,0.7000000000000001,2010.371462665442,102,0,1.0
10,Min Sum,Optimal,0.35,658.4253221165364,42,0,1.0
10,Min Sum,Optimal,0.7000000000000001,1882.4086474260507,98,0,1.0
10,Min Sum,Optimal,0.8500000000000002,2394.6917359465224,137,0,1.0
10,Min Sum,Optimal,0.8500000000000002,1746.461984101814,102,0,1.0
10,Min Sum,Optimal,0.39999999999999997,932.42095138695,49,0,1.0
10,Min Sum,Optimal,0.7000000000000001,1921.334344310092,101,0,1.0
10,Min Sum,Optimal,0.7500000000000001,1916.6654629380898,95,0,1.0
10,Min Sum,Optimal,0.5499999999999999,1171.944086657622,61,0,1.0
10,Min Sum,Optimal,0.5499999999999999,2010.7868518203027,107,0,1.0
10,Min Sum,Optimal,0.7000000000000001,1794.978807702592,101,0,1.0
10,Min Sum,Optimal,0.65,1673.414799538042,96,0,1.0
10,Min Sum,Optimal,0.44999999999999996,1265.6346448879817,63,0,1.0
10,Min Sum,Optimal,0.9000000000000002,2506.1579586505586,127,0,1.0
10,Min Sum,Optimal,0.7500000000000001,1164.0752278077243,71,0,1.0
10,Min Sum,Optimal,0.44999999999999996,1931.6700709301426,95,0,1.0
10,Min Sum,Optimal,0.6,2309.660030524393,114,0,1.0
10,Min Sum,Optimal,0.8000000000000002,1433.0653803768155,84,0,1.0
10,Min Sum,Optimal,0.7500000000000001,1400.1171830887567,77,0,1.0
10,Min Sum,Optimal,0.25,853.4083363911847,55,0,1.0
10,Min Sum,Optimal,0.7000000000000001,1754.082796875115,87,0,1.0
10,Min Sum,Optimal,0.44999999999999996,1097.996231310727,62,0,1.0
10,Min Sum,Optimal,0.7000000000000001,1993.4180585388192,100,0,1.0
10,Min Sum,Optimal,0.65,615.8946316815932,42,0,1.0
10,Min Sum,Optimal,0.5499999999999999,2397.9796135144747,124,0,1.0
10,Min Sum,Optimal,0.65,1506.0513037464596,79,0,1.0
10,Min Sum,Optimal,0.3,700.5169739507405,37,0,1.0
10,Min Sum,Optimal,0.7500000000000001,1813.9822752397906,100,0,1.0
10,Min Sum,Optimal,0.5499999999999999,1871.359994943282,105,0,1.0
10,Min Sum,Optimal,0.39999999999999997,1727.4688823972022,89,0,1.0
10,Min Sum,Optimal,0.44999999999999996,1686.9189618833843,90,0,1.0
10,Min Sum,Optimal,0.65,2014.486426183828,107,0,1.0
10,Min Sum,Optimal,0.0,654.2310733489921,34,0,1.0
10,Min Sum,Optimal,0.7000000000000001,973.0508155571988,51,0,1.0
10,Min Sum,Optimal,0.65,1953.4960063766196,96,0,1.0
10,Min Sum,Optimal,0.49999999999999994,1809.2815037860037,93,0,1.0
10,Min Sum,Optimal,0.8500000000000002,2110.0878936766558,116,0,1.0
10,Min Sum,Optimal,0.39999999999999997,996.8083343947195,72,0,1.0
10,Min Sum,Optimal,0.6,891.3245713022809,53,0,1.0
10,Min Sum,Optimal,0.49999999999999994,1675.2656442309385,86,0,1.0
10,Min Sum,Optimal,0.7000000000000001,1560.930993670202,87,0,1.0
10,Min Sum,Optimal,0.7000000000000001,1438.6534047313917,77,0,1.0
10,Min Sum,Optimal,0.8000000000000002,717.2646627792335,53,0,1.0
10,Min Sum,Optimal,0.7000000000000001,2003.140161881351,106,0,1.0
10,Min Sum,Optimal,0.8000000000000002,1956.31278734148,109,0,1.0
10,Min Sum,Optimal,0.9000000000000002,1535.0051409214302,82,0,1.0
10,Min Sum,Optimal,0.8000000000000002,2037.0788179842716,107,0,1.0
10,Min Sum,Optimal,0.6,1082.780510265473,56,0,1.0
10,Min Sum,Optimal,0.7500000000000001,2536.9982670939676,146,0,1.0
10,Min Sum,Optimal,0.7000000000000001,1173.0432521680773,67,0,1.0
10,Min Sum,Optimal,0.5499999999999999,1386.7167874629629,75,0,1.0
10,Min Sum,Optimal,0.65,2150.191332614875,107,0,1.0
10,Min Sum,Optimal,0.6,1433.7970693068223,85,0,1.0
10,Min Sum,Optimal,0.3,981.8281439057195,56,0,1.0
10,Min Sum,Optimal,0.6,2215.1251233929897,114,0,1.0
10,Min Sum,Optimal,0.5499999999999999,1088.417041294581,66,0,1.0
10,Min Sum,Optimal,0.5499999999999999,1411.064024914328,85,0,1.0
10,Min Sum,Optimal,0.7000000000000001,1847.169350947524,92,0,1.0
10,Min Sum,Optimal,0.3,602.4283228845184,36,0,1.0
10,Min Sum,Optimal,0.5499999999999999,1939.9689636023802,96,0,1.0
10,Min Sum,Optimal,0.35,1684.8655531199502,100,0,1.0
10,Min Sum,Optimal,0.49999999999999994,1448.9009258259553,80,0,1.0
10,Min Sum,Optimal,0.39999999999999997,1396.8563308963517,84,0,1.0
10,Min Sum,Optimal,0.7500000000000001,1266.8809578221196,75,0,1.0
10,Min Sum,Optimal,0.3,1397.3745053326152,84,0,1.0
10,Min Sum,Optimal,0.7500000000000001,1657.497754150767,85,0,1.0
10,Min Sum,Optimal,0.6,1046.748179939264,65,0,1.0
10,Min Sum,Optimal,0.7500000000000001,3517.667280962866,172,0,1.0
10,Min Sum,Optimal,0.7000000000000001,1256.5859575480322,68,0,1.0
10,Min Sum,Optimal,0.6,1858.5624326200955,99,0,1.0
10,Min Sum,Optimal,0.44999999999999996,1762.3930191393092,108,0,1.0
10,Min Sum,Optimal,0.35,1811.359743965549,92,0,1.0
10,Min Sum,Optimal,0.6,1940.8776341012256,100,0,1.0
10,Min Sum,Optimal,0.65,2501.554253869952,130,0,1.0
10,Min Sum,Optimal,0.6,1680.0556952503152,89,0,1.0
10,Min Sum,Optimal,0.8500000000000002,1798.417515429832,96,0,1.0
10,Min Sum,Optimal,0.39999999999999997,1012.4939048922731,54,0,1.0
10,Min Sum,Optimal,0.7000000000000001,2628.9830804615467,134,0,1.0
10,Min Sum,Optimal,0.49999999999999994,1594.4650541126557,79,0,1.0
10,Min Sum,Optimal,0.7000000000000001,2311.7641529222437,119,0,1.0
10,Min Sum,Optimal,0.8000000000000002,2155.326364251163,119,0,1.0
10,Min Sum,Optimal,0.7500000000000001,2228.4816519382166,110,0,1.0
10,Min Sum,Optimal,0.49999999999999994,1038.4226445792565,55,0,1.0
10,Min Sum,Optimal,0.25,624.0976470451445,33,0,1.0
10,Min Sum,Optimal,0.8000000000000002,2313.6214905673023,116,0,1.0
10,Min Sum,Optimal,0.7500000000000001,1498.946563686327,79,0,1.0
10,Min Sum,Optimal,0.7000000000000001,2086.5093372872234,105,0,1.0
10,Min Sum,Optimal,0.7500000000000001,2232.570705680431,112,0,1.0
10,Min Sum,Optimal,0.5499999999999999,1667.6308527071446,87,0,1.0
10,Min Sum,Optimal,0.35,2012.6323654535777,112,0,1.0
10,Min Sum,Optimal,0.5499999999999999,1706.7165735122958,85,0,1.0
10,Min Sum,Optimal,0.6,2503.0992902854105,137,0,1.0
10,Min Sum,Optimal,0.65,1930.802514286142,97,0,1.0
10,Min Sum,Optimal,0.3,2041.5925682877682,101,0,1.0
10,Min Sum,Optimal,0.7500000000000001,2291.2888193697117,119,0,1.0
10,Min Sum,Optimal,0.65,1084.6150899754766,62,0,1.0
10,Min Sum,Optimal,0.49999999999999994,1916.2569945665405,96,0,1.0
10,Min Sum,Optimal,0.5499999999999999,1677.931287017825,87,0,1.0
10,Min Sum,Optimal,0.65,1919.3502796055755,104,0,1.0
10,Min Sum,Optimal,0.7500000000000001,1991.296831646382,113,0,1.0
10,Min Sum,Optimal,0.44999999999999996,1058.2499046409907,56,0,1.0
10,Min Sum,Optimal,0.5499999999999999,1047.1287220884706,55,0,1.0
10,Min Sum,Optimal,0.35,1964.0175226233093,98,0,1.0
10,Min Sum,Optimal,0.25,1206.8835153059815,67,0,1.0
10,Min Sum,Optimal,0.7000000000000001,1737.0647737354625,92,0,1.0
10,Min Sum,Optimal,0.49999999999999994,1213.170932280014,64,0,1.0
10,Min Sum,Optimal,0.7500000000000001,1233.5328709073938,76,0,1.0
10,Min Sum,Optimal,0.8500000000000002,2448.289031456,127,0,1.0
10,Min Sum,Optimal,0.5499999999999999,2256.9011122283773,112,0,1.0
10,Min Sum,Optimal,0.5499999999999999,982.3909746098063,56,0,1.0
10,Min Sum,Optimal,0.15000000000000002,870.0377170369941,46,0,1.0
10,Min Sum,Optimal,0.6,2370.456506488519,117,0,1.0
10,Min Sum,Optimal,0.6,1771.8407309058236,88,0,1.0
10,Min Sum,Optimal,0.6,1632.466265968886,96,0,1.0
10,Min Sum,Optimal,0.25,1120.5609713595989,61,0,1.0
10,Min Sum,Optimal,0.49999999999999994,1084.2497648574183,62,0,1.0
10,Min Sum,Optimal,0.49999999999999994,1548.987681148845,77,0,1.0
10,Min Sum,Optimal,0.65,1125.0062581208658,69,0,1.0
10,Min Sum,Optimal,0.35,1122.814471555633,59,0,1.0
10,Min Sum,Optimal,0.2,1256.2636161118896,71,0,1.0
10,Min Sum,Optimal,0.7500000000000001,1821.6564626236373,94,0,1.0
10,Min Sum,Optimal,0.44999999999999996,1922.28395050765,95,0,1.0
10,Min Sum,Optimal,0.6,1662.7566037648012,85,0,1.0
10,Min Sum,Optimal,0.49999999999999994,1093.4534441617775,65,0,1.0
10,Min Sum,Optimal,0.44999999999999996,1492.1241174702102,77,0,1.0
10,Min Sum,Optimal,0.8000000000000002,2458.751479045407,121,0,1.0
10,Min Sum,Optimal,0.7000000000000001,1583.2593434209998,96,0,1.0
10,Min Sum,Optimal,0.5499999999999999,1941.4509956723646,96,0,1.0
10,Min Sum,Optimal,0.65,1647.6368302297774,88,0,1.0
10,Min Sum,Optimal,0.3,1586.5847771589997,80,0,1.0
10,Min Sum,Optimal,0.5499999999999999,981.5175298815677,58,0,1.0
10,Min Sum,Optimal,0.44999999999999996,938.4180626250316,53,0,1.0
10,Min Sum,Optimal,0.5499999999999999,1393.0524500514189,72,0,1.0
10,Min Sum,Optimal,0.7000000000000001,1804.1547390864075,95,0,1.0
10,Min Sum,Optimal,0.5499999999999999,1268.9824325724453,69,0,1.0
10,Min Sum,Optimal,0.65,1943.977026680508,99,0,1.0
10,Min Sum,Optimal,0.49999999999999994,1303.2214469474236,73,0,1.0
10,Min Sum,Optimal,0.39999999999999997,720.7095095500667,48,0,1.0
10,Min Sum,Optimal,0.5499999999999999,1184.2175565064945,72,0,1.0
10,Min Sum,Optimal,0.6,739.7259282092754,43,0,1.0
10,Min Sum,Optimal,0.35,904.6967092566649,59,0,1.0
10,Min Sum,Optimal,0.7000000000000001,2423.0943509125545,127,0,1.0
10,Min Sum,Optimal,0.44999999999999996,1114.479728348054,59,0,1.0
10,Min Sum,Optimal,0.15000000000000002,816.9546458786082,45,0,1.0
10,Min Sum,Optimal,0.44999999999999996,1393.939325630155,86,0,1.0
10,Min Sum,Optimal,0.39999999999999997,923.6595389254878,47,0,1.0
10,Min Sum,Optimal,0.49999999999999994,954.4091158479509,63,0,1.0
10,Min Sum,Optimal,0.5499999999999999,1341.852432043424,78,0,1.0
10,Min Sum,Optimal,0.6,1322.798239466752,75,0,1.0
10,Min Sum,Optimal,0.6,1311.1561857737074,75,0,1.0
10,Min Sum,Optimal,0.44999999999999996,1223.6707084869774,63,0,1.0
10,Min Sum,Optimal,0.7000000000000001,2237.4112633063196,117,0,1.0
10,Min Sum,Optimal,0.35,1287.864278709108,65,0,1.0
10,Min Sum,Optimal,0.6,1627.4379808379374,82,0,1.0
10,Min Sum,Optimal,0.8500000000000002,1874.8885507959365,93,0,1.0
10,Min Sum,Optimal,0.5499999999999999,1858.0641837553649,96,0,1.0
10,Min Sum,Optimal,0.49999999999999994,1173.9158337887618,74,0,1.0
10,Min Sum,Optimal,0.35,867.522663853809,49,0,1.0
10,Min Sum,Optimal,0.5499999999999999,1907.5603105476187,98,0,1.0
10,Min Sum,Optimal,0.7000000000000001,1837.1972661055675,95,0,1.0
10,Min Sum,Optimal,0.49999999999999994,1874.8601632501839,104,0,1.0
10,Min Sum,Optimal,0.8500000000000002,2389.0893178257156,129,0,1.0
10,Min Sum,Optimal,0.6,1893.3553680665345,104,0,1.0
10,Min Sum,Optimal,0.7500000000000001,1014.0723816368438,69,0,1.0
10,Min Sum,Optimal,0.6,2234.246593631418,111,0,1.0
10,Min Sum,Optimal,0.65,1532.1776257743732,83,0,1.0
10,Min Sum,Optimal,0.7000000000000001,1830.7850909072654,96,0,1.0
10,Min Sum,Optimal,0.5499999999999999,2236.345130427918,111,0,1.0
10,Min Sum,Optimal,0.35,986.8687521053253,54,0,1.0
10,Min Sum,Optimal,0.5499999999999999,1502.1554413038837,87,0,1.0
10,Min Sum,Optimal,0.8500000000000002,1954.5942867986168,99,0,1.0
10,Min Sum,Optimal,0.5499999999999999,1049.6743846052527,66,0,1.0
10,Min Sum,Optimal,0.8000000000000002,1931.2785527738806,116,0,1.0
10,Min Sum,Optimal,0.49999999999999994,1755.1490935864836,102,0,1.0
10,Min Sum,Optimal,0.7000000000000001,1859.5686126545702,118,0,1.0
10,Min Sum,Optimal,0.44999999999999996,1010.1592087424324,63,0,1.0
10,Min Sum,Optimal,0.5499999999999999,893.1328981328375,62,0,1.0
10,Min Sum,Optimal,0.7000000000000001,1402.0617595054396,70,0,1.0
10,Min Sum,Optimal,0.7000000000000001,2084.605521145376,113,0,1.0
10,Min Sum,Optimal,0.65,1875.5998283099975,96,0,1.0
10,Min Sum,Optimal,0.7500000000000001,2285.2004072254326,136,0,1.0
10,Min Sum,Optimal,0.65,1713.8546205938242,100,0,1.0
10,Min Sum,Optimal,0.8500000000000002,2676.284066950391,136,0,1.0
10,Min Sum,Optimal,0.44999999999999996,908.3287942323503,61,0,1.0
10,Min Sum,Optimal,0.65,1918.447361440149,95,0,1.0
10,Min Sum,Optimal,0.65,1454.069569212054,87,0,1.0
10,Min Sum,Optimal,0.7500000000000001,1678.2103150987527,100,0,1.0
10,Min Sum,Optimal,0.44999999999999996,1078.9602756863985,75,0,1.0
10,Min Sum,Optimal,0.8500000000000002,2644.6516289797496,137,0,1.0
10,Min Sum,Optimal,0.6,1251.9486144451498,70,0,1.0
10,Min Sum,Optimal,0.7000000000000001,1766.1310230370486,105,0,1.0
10,Min Sum,Optimal,0.49999999999999994,711.8168164761505,48,0,1.0
10,Min Sum,Optimal,0.8000000000000002,3090.2478836029973,155,0,1.0
10,Min Sum,Optimal,0.65,1537.7891163556496,77,0,1.0
10,Min Sum,Optimal,0.49999999999999994,1609.4233908730453,100,0,1.0
10,Min Sum,Optimal,0.6,1969.9087625405537,110,0,1.0
10,Min Sum,Optimal,0.6,1502.8566117047894,78,0,1.0
10,Min Sum,Optimal,0.49999999999999994,1673.1061003201617,105,0,1.0
10,Min Sum,Optimal,0.7000000000000001,1277.9283051760594,92,0,1.0
10,Min Sum,Optimal,0.35,2145.8908334868233,107,0,1.0
10,Min Sum,Optimal,0.8500000000000002,1471.907339652691,96,0,1.0
10,Min Sum,Optimal,0.7000000000000001,1807.2607535349853,99,0,1.0
10,Min Sum,Optimal,0.7500000000000001,1757.986356771049,105,0,1.0
10,Min Sum,Optimal,0.3,940.3977916557553,60,0,1.0
10,Min Sum,Optimal,0.6,1422.131806169402,89,0,1.0
10,Min Sum,Optimal,0.49999999999999994,1659.8415581597787,98,0,1.0
10,Min Sum,Optimal,0.35,867.948759733292,55,0,1.0
10,Min Sum,Optimal,0.5499999999999999,1967.1202960878768,103,0,1.0
10,Min Sum,Optimal,0.6,1936.3705678220003,96,0,1.0
10,Min Sum,Optimal,0.7500000000000001,2109.2466304658883,107,0,1.0
10,Min Sum,Optimal,0.65,1643.9004504980292,82,0,1.0
10,Min Sum,Optimal,0.65,1307.7380213219235,66,0,1.0
10,Min Sum,Optimal,0.49999999999999994,1101.2988450733892,58,0,1.0
10,Min Sum,Optimal,0.5499999999999999,1636.1745480503882,83,0,1.0
10,Min Sum,Optimal,0.39999999999999997,1152.9422593973684,65,0,1.0
10,Min Sum,Optimal,0.49999999999999994,1573.4448192860957,83,0,1.0
10,Min Sum,Optimal,0.7500000000000001,2004.279104259491,103,0,1.0
10,Min Sum,Optimal,0.6,2573.3645312190347,126,0,1.0
10,Min Sum,Optimal,0.3,1274.1585952378646,74,0,1.0
10,Min Sum,Optimal,0.2,1378.5707099716055,72,0,1.0
10,Min Sum,Optimal,0.65,2299.5708856267465,121,0,1.0
10,Min Sum,Optimal,0.39999999999999997,918.3931458081479,48,0,1.0
10,Min Sum,Optimal,0.7500000000000001,2311.171245436728,115,0,1.0
10,Min Sum,Optimal,0.2,1547.8811279092392,78,0,1.0
10,Min Sum,Optimal,0.7000000000000001,1637.9811512597719,94,0,1.0
10,Min Sum,Optimal,0.49999999999999994,906.3104536592916,61,0,1.0
10,Min Sum,Optimal,0.49999999999999994,1626.9771474437284,83,0,1.0
10,Min Sum,Optimal,0.7000000000000001,2106.536585549092,106,0,1.0
10,Min Sum,Optimal,0.8000000000000002,2768.3511703830604,138,0,1.0
10,Min Sum,Optimal,0.39999999999999997,1516.1885910046633,81,0,1.0
10,Min Sum,Optimal,0.7500000000000001,2205.7244338932137,127,0,1.0
10,Min Sum,Optimal,0.7000000000000001,1538.1431696165055,78,0,1.0
10,Min Sum,Optimal,0.7000000000000001,2032.7089974349585,102,0,1.0
10,Min Sum,Optimal,0.65,1607.2993422689788,99,0,1.0
10,Min Sum,Optimal,0.44999999999999996,1430.5073565298444,71,0,1.0
10,Min Sum,Optimal,0.39999999999999997,1022.1009096053108,64,0,1.0
10,Min Sum,Optimal,0.65,2719.1456338150983,134,0,1.0
10,Min Sum,Optimal,0.5499999999999999,1769.82396565018,97,0,1.0
10,Min Sum,Optimal,0.39999999999999997,1209.4423933194175,75,0,1.0
10,Min Sum,Optimal,0.8000000000000002,1651.3678388402732,84,0,1.0
10,Min Sum,Optimal,0.5499999999999999,1793.9565415971801,89,0,1.0
10,Min Sum,Optimal,0.5499999999999999,1620.9823915917386,81,0,1.0
10,Min Sum,Optimal,0.2,1550.2370684340208,82,0,1.0
10,Min Sum,Optimal,0.65,971.3282183885334,51,0,1.0
10,Min Sum,Optimal,0.35,1049.2991932144846,65,0,1.0
10,Min Sum,Optimal,0.8000000000000002,1532.1702851812483,77,0,1.0
10,Min Sum,Optimal,0.44999999999999996,1391.1624292890733,84,0,1.0
10,Min Sum,Optimal,0.6,2524.0938378231504,132,0,1.0
10,Min Sum,Optimal,0.39999999999999997,945.981479081542,58,0,1.0
10,Min Sum,Optimal,0.7500000000000001,2222.3613902368197,113,0,1.0
10,Min Sum,Optimal,0.44999999999999996,1210.8900704122389,73,0,1.0
10,Min Sum,Optimal,0.39999999999999997,1421.3668803309745,81,0,1.0
10,Min Sum,Optimal,0.65,1337.5361831728897,86,0,1.0
10,Min Sum,Optimal,0.8000000000000002,1552.1605890161654,88,0,1.0
10,Min Sum,Optimal,0.65,969.8113768445519,57,0,1.0
10,Min Sum,Optimal,0.5499999999999999,1449.8738435262273,78,0,1.0
10,Min Sum,Optimal,0.7500000000000001,1300.4653939773996,70,0,1.0
10,Min Sum,Optimal,0.5499999999999999,1243.5185977195813,74,0,1.0
10,Min Sum,Optimal,0.35,1413.650632850593,78,0,1.0
10,Min Sum,Optimal,0.65,975.2806481537157,59,0,1.0
10,Min Sum,Optimal,0.3,831.3151849093238,53,0,1.0
10,Min Sum,Optimal,0.8000000000000002,2010.812075189839,106,0,1.0
10,Min Sum,Optimal,0.65,1464.495539433749,81,0,1.0
10,Min Sum,Optimal,0.49999999999999994,1993.8732012276964,105,0,1.0
10,Min Sum,Optimal,0.6,1147.0574550302622,66,0,1.0
10,Min Sum,Optimal,0.49999999999999994,1005.3844604428976,69,0,1.0
10,Min Sum,Optimal,0.35,1347.1230269918344,71,0,1.0
10,Min Sum,Optimal,0.8500000000000002,2147.540677559373,108,0,1.0
10,Min Sum,Optimal,0.7000000000000001,1609.9204382402604,81,0,1.0
10,Min Sum,Optimal,0.8500000000000002,2795.7351405288637,150,0,1.0
10,Min Sum,Optimal,0.65,1554.6183219005984,83,0,1.0
10,Min Sum,Optimal,0.49999999999999994,1799.0143951846985,95,0,1.0
10,Min Sum,Optimal,0.35,1186.513472355277,68,0,1.0
10,Min Sum,Optimal,0.8500000000000002,2077.5289459669457,123,0,1.0
10,Min Sum,Optimal,0.65,2077.4897354317372,104,0,1.0
10,Min Sum,Optimal,0.5499999999999999,1915.1599461278536,99,0,1.0
10,Min Sum,Optimal,0.65,1677.062438141374,103,0,1.0
10,Min Sum,Optimal,0.65,1829.441564822374,99,0,1.0
10,Min Sum,Optimal,0.6,1169.9615819713981,65,0,1.0
10,Min Sum,Optimal,0.49999999999999994,2144.5736601260373,106,0,1.0
10,Min Sum,Optimal,0.6,2235.4065894030714,116,0,1.0
10,Min Sum,Optimal,0.8000000000000002,2014.6180326505264,104,0,1.0
10,Min Sum,Optimal,0.44999999999999996,1164.803518133571,64,0,1.0
10,Min Sum,Optimal,0.65,2016.9691964809062,107,0,1.0
10,Min Sum,Optimal,0.44999999999999996,1539.2677340889898,85,0,1.0
10,Min Sum,Optimal,0.5499999999999999,2173.9831504200038,117,0,1.0
10,Min Sum,Optimal,0.8000000000000002,2777.261986208252,150,0,1.0
10,Min Sum,Optimal,0.8000000000000002,2254.005583978703,114,0,1.0
10,Min Sum,Optimal,0.6,1158.5397467836199,69,0,1.0
10,Min Sum,Optimal,0.7500000000000001,1635.4082558471293,100,0,1.0
10,Min Sum,Optimal,0.2,591.1297458762078,32,0,1.0
10,Min Sum,Optimal,0.44999999999999996,1285.8084585244214,67,0,1.0
10,Min Sum,Optimal,0.6,880.6738747508975,49,0,1.0
10,Min Sum,Optimal,0.35,894.9676620952907,52,0,1.0
10,Min Sum,Optimal,0.44999999999999996,1684.520875450048,87,0,1.0
10,Min Sum,Optimal,0.7500000000000001,2779.2424056662976,137,0,1.0
10,Min Sum,Optimal,0.8000000000000002,2043.4641827326082,101,0,1.0
10,Min Sum,Optimal,0.5499999999999999,1264.6030828704083,77,0,1.0
10,Min Sum,Optimal,0.35,870.8432312799096,46,0,1.0
10,Min Sum,Optimal,0.2,1518.9538768440948,79,0,1.0
10,Min Sum,Optimal,0.7000000000000001,1647.6394138142298,89,0,1.0
10,Min Sum,Optimal,0.44999999999999996,1493.5349739998303,76,0,1.0
10,Min Sum,Optimal,0.7500000000000001,2229.3390184347054,114,0,1.0
10,Min Sum,Optimal,0.6,1851.70810440361,92,0,1.0
10,Min Sum,Optimal,0.8000000000000002,1905.5800809455382,107,0,1.0
10,Min Sum,Optimal,0.7500000000000001,1369.8743130847033,86,0,1.0
10,Min Sum,Optimal,0.5499999999999999,1196.2358467129518,77,0,1.0
10,Min Sum,Optimal,0.44999999999999996,1659.800274928641,83,0,1.0
10,Min Sum,Optimal,0.6,1748.9823828019057,87,0,1.0
10,Min Sum,Optimal,0.7000000000000001,2520.866747428473,129,0,1.0
10,Min Sum,Optimal,0.65,2667.45779531984,131,0,1.0
10,Min Sum,Optimal,0.65,1065.6857250327203,54,0,1.0
10,Min Sum,Optimal,0.49999999999999994,950.7377315788437,56,0,1.0
10,Min Sum,Optimal,0.6,1282.454911498996,66,0,1.0
10,Min Sum,Optimal,0.44999999999999996,582.9958962583636,35,0,1.0
10,Min Sum,Optimal,0.7000000000000001,2195.642441032965,115,0,1.0
10,Min Sum,Optimal,0.65,2038.9982077509146,101,0,1.0
10,Min Sum,Optimal,0.35,957.853858852088,49,0,1.0
10,Min Sum,Optimal,0.8500000000000002,3284.280527697748,164,0,1.0
10,Min Sum,Optimal,0.25,1615.495615389823,82,0,1.0
10,Min Sum,Optimal,0.5499999999999999,827.5534871681701,51,0,1.0
10,Min Sum,Optimal,0.6,1487.8960457650749,82,0,1.0
10,Min Sum,Optimal,0.44999999999999996,1535.267772257985,85,0,1.0
10,Min Sum,Optimal,0.8000000000000002,2557.3676027754336,126,0,1.0
10,Min Sum,Optimal,0.7500000000000001,2471.6485929853743,129,0,1.0
10,Min Sum,Optimal,0.6,1433.8120650737967,86,0,1.0
10,Min Sum,Optimal,0.5499999999999999,1079.0829520618072,55,0,1.0
10,Min Sum,Optimal,0.15000000000000002,650.3405609883315,36,0,1.0
10,Min Sum,Optimal,0.44999999999999996,1436.3650252637585,85,0,1.0
10,Min Sum,Optimal,0.7000000000000001,1906.9521982088286,100,0,1.0
10,Min Sum,Optimal,0.65,1013.921213013972,62,0,1.0
10,Min Sum,Optimal,0.39999999999999997,1331.7802735342243,78,0,1.0
10,Min Sum,Optimal,0.8500000000000002,1768.3765753776115,102,0,1.0
10,Min Sum,Optimal,0.7000000000000001,1774.3932329105728,105,0,1.0
10,Min Sum,Optimal,0.5499999999999999,2195.170608647249,118,0,1.0
10,Min Sum,Optimal,0.7000000000000001,1338.1493283830873,70,0,1.0
10,Min Sum,Optimal,0.44999999999999996,1294.6873379104998,68,0,1.0
10,Min Sum,Optimal,0.7000000000000001,1766.246458467208,91,0,1.0
10,Min Sum,Optimal,0.44999999999999996,825.6194029195076,46,0,1.0
10,Min Sum,Optimal,0.44999999999999996,1079.7688222021297,57,0,1.0
10,Min Sum,Optimal,0.9000000000000002,2770.8083628182194,142,0,1.0
10,Min Sum,Optimal,0.5499999999999999,1649.336058769165,86,0,1.0
10,Min Sum,Optimal,0.25,1005.445595021433,58,0,1.0
10,Min Sum,Optimal,0.49999999999999994,1233.1292896048196,62,0,1.0
10,Min Sum,Optimal,0.49999999999999994,1745.4921869872014,93,0,1.0
10,Min Sum,Optimal,0.3,796.3675287667061,42,0,1.0
10,Min Sum,Optimal,0.39999999999999997,1044.7603532899177,67,0,1.0
10,Min Sum,Optimal,0.7000000000000001,1899.94175320013,100,0,1.0
10,Min Sum,Optimal,0.7500000000000001,1836.2596463761433,102,0,1.0
10,Min Sum,Optimal,0.25,951.6163816715009,51,0,1.0
10,Min Sum,Optimal,0.6,1607.0687957593068,84,0,1.0
10,Min Sum,Optimal,0.7500000000000001,1076.7719613659917,57,0,1.0
10,Min Sum,Optimal,0.5499999999999999,1289.1139361673204,76,0,1.0
10,Min Sum,Optimal,0.8000000000000002,1880.5610655151077,110,0,1.0
10,Min Sum,Optimal,0.35,1489.4729478267561,79,0,1.0
10,Min Sum,Optimal,0.25,784.0774040446574,44,0,1.0
10,Min Sum,Optimal,0.35,1528.3692903356882,79,0,1.0
10,Min Sum,Optimal,0.5499999999999999,1543.818821492602,81,0,1.0
10,Min Sum,Optimal,0.2,714.4843582823875,41,0,1.0
10,Min Sum,Optimal,0.25,1381.145180590062,72,0,1.0
10,Min Sum,Optimal,0.39999999999999997,1168.7686789363493,67,0,1.0
10,Min Sum,Optimal,0.25,879.9142713055772,47,0,1.0
10,Min Sum,Optimal,0.7000000000000001,1357.070636131259,68,0,1.0
10,Min Sum,Optimal,0.25,1628.3054530968816,81,0,1.0
10,Min Sum,Optimal,0.49999999999999994,1033.6713420574747,59,0,1.0
10,Min Sum,Optimal,0.6,1404.5729210039044,72,0,1.0
10,Min Sum,Optimal,0.44999999999999996,1322.28670491301,76,0,1.0
10,Min Sum,Optimal,0.44999999999999996,702.6064132117258,39,0,1.0
10,Min Sum,Optimal,0.6,1609.8455979783096,84,0,1.0
10,Min Sum,Optimal,0.49999999999999994,1357.6972249554196,69,0,1.0
10,Min Sum,Optimal,0.8000000000000002,1504.0470159474667,94,0,1.0
10,Min Sum,Optimal,0.65,1237.7931860230187,70,0,1.0
10,Min Sum,Optimal,0.65,1885.7214290945683,95,0,1.0
10,Min Sum,Optimal,0.7500000000000001,1406.9771936328268,83,0,1.0
10,Min Sum,Optimal,0.6,1720.915216225176,100,0,1.0
10,Min Sum,Optimal,0.3,1862.1737598142035,96,0,1.0
10,Min Sum,Optimal,0.8500000000000002,2669.0296497212917,133,0,1.0
10,Min Sum,Optimal,0.5499999999999999,936.7918213062021,62,0,1.0
10,Min Sum,Optimal,0.7000000000000001,1200.5777030697936,78,0,1.0
10,Min Sum,Optimal,0.3,1844.1425463346152,103,0,1.0
10,Min Sum,Optimal,0.5499999999999999,2052.4532727713763,116,0,1.0
10,Min Sum,Optimal,0.8000000000000002,1992.8370862989507,113,0,1.0
10,Min Sum,Optimal,0.7000000000000001,1976.130063316402,109,0,1.0
10,Min Sum,Optimal,0.65,909.5107756352002,59,0,1.0
10,Min Sum,Optimal,0.7500000000000001,2209.2127599606265,125,0,1.0
10,Min Sum,Optimal,0.6,2137.4673079768,109,0,1.0
10,Min Sum,Optimal,0.7000000000000001,2447.779052074097,125,0,1.0
10,Min Sum,Optimal,0.44999999999999996,1088.8372525755324,72,0,1.0
10,Min Sum,Optimal,0.49999999999999994,1544.8530908090856,78,0,1.0
10,Min Sum,Optimal,0.7000000000000001,2046.8419160949657,116,0,1.0
10,Min Sum,Optimal,0.65,1582.011915108609,86,0,1.0
10,Min Sum,Optimal,0.8000000000000002,2692.0069740300505,144,0,1.0
10,Min Sum,Optimal,0.39999999999999997,1426.3662127984562,72,0,1.0
10,Min Sum,Optimal,0.8500000000000002,1300.038621657869,89,0,1.0
10,Min Sum,Optimal,0.25,1178.9476171257195,70,0,1.0
10,Min Sum,Optimal,0.6,1465.730081714069,82,0,1.0
10,Min Sum,Optimal,0.6,1178.709170668387,65,0,1.0
10,Min Sum,Optimal,0.6,1229.3218141712862,62,0,1.0
10,Min Sum,Optimal,0.49999999999999994,1252.4093393206554,80,0,1.0
10,Min Sum,Optimal,0.7500000000000001,2116.599884683187,111,0,1.0
10,Min Sum,Optimal,0.7000000000000001,1214.7595859663907,83,0,1.0
10,Min Sum,Optimal,0.8000000000000002,1563.6204694016064,86,0,1.0
10,Min Sum,Optimal,0.49999999999999994,1778.9254488038287,96,0,1.0
10,Min Sum,Optimal,0.25,1181.1591587296093,65,0,1.0
10,Min Sum,Optimal,0.3,1413.2093738823964,77,0,1.0
10,Min Sum,Optimal,0.49999999999999994,1445.7556208332303,78,0,1.0
10,Min Sum,Optimal,0.25,955.2848361111138,49,0,1.0
10,Min Sum,Optimal,0.39999999999999997,1144.654215286906,59,0,1.0
10,Min Sum,Optimal,0.1,1439.0691686896037,75,0,1.0
10,Min Sum,Optimal,0.6,1406.916325011465,76,0,1.0
10,Min Sum,Optimal,0.49999999999999994,1425.9513908354015,82,0,1.0
10,Min Sum,Optimal,0.49999999999999994,1704.1667290345997,91,0,1.0
10,Min Sum,Optimal,0.35,604.4668615869143,33,0,1.0
10,Min Sum,Optimal,0.7000000000000001,1330.993931354828,72,0,1.0
10,Min Sum,Optimal,0.3,1315.9890820619896,75,0,1.0
10,Min Sum,Optimal,0.6,2069.1888018255677,102,0,1.0
10,Min Sum,Optimal,0.5499999999999999,1141.0420013598555,62,0,1.0
10,Min Sum,Optimal,0.2,1198.0998829094788,61,0,1.0
10,Min Sum,Optimal,0.7000000000000001,1428.1675567662592,86,0,1.0
10,Min Sum,Optimal,0.49999999999999994,1489.1402057576472,79,0,1.0
10,Min Sum,Optimal,0.6,1692.0926644235365,89,0,1.0
10,Min Sum,Optimal,0.25,1198.159986252256,63,0,1.0
10,Min Sum,Optimal,0.8500000000000002,2088.3959018313353,111,0,1.0
10,Min Sum,Optimal,0.6,1807.1315509715357,90,0,1.0
10,Min Sum,Optimal,0.65,1955.7630634501118,110,0,1.0
10,Min Sum,Optimal,0.8000000000000002,2323.2879153355866,123,0,1.0
10,Min Sum,Optimal,0.8000000000000002,2194.8582502064546,115,0,1.0
10,Min Sum,Optimal,0.6,1358.9676153996775,69,0,1.0
10,Min Sum,Optimal,0.35,1124.153439073171,67,0,1.0
10,Min Sum,Optimal,0.5499999999999999,1882.0492278616352,102,0,1.0
10,Min Sum,Optimal,0.5499999999999999,1467.7848943809965,78,0,1.0
10,Min Sum,Optimal,0.35,1373.7746211260255,80,0,1.0
10,Min Sum,Optimal,0.7000000000000001,1642.2016118631507,95,0,1.0
10,Min Sum,Optimal,0.3,1645.8127173029636,86,0,1.0
10,Min Sum,Optimal,0.44999999999999996,875.4235080241513,47,0,1.0
10,Min Sum,Optimal,0.7500000000000001,1736.8257598879936,88,0,1.0
10,Min Sum,Optimal,0.6,982.5513148740558,52,0,1.0
10,Min Sum,Optimal,0.8000000000000002,1711.0231520688587,90,0,1.0
10,Min Sum,Optimal,0.5499999999999999,2072.947995574707,105,0,1.0
10,Min Sum,Optimal,0.5499999999999999,1861.5601865379535,106,0,1.0
10,Min Sum,Optimal,0.44999999999999996,949.8016635372335,60,0,1.0
10,Min Sum,Optimal,0.44999999999999996,1723.7963209957934,90,0,1.0
10,Min Sum,Optimal,0.8500000000000002,2735.1038198285805,138,0,1.0
10,Min Sum,Optimal,0.9000000000000002,2443.1176543824395,130,0,1.0
10,Min Sum,Optimal,0.25,1124.8667012201659,62,0,1.0
10,Min Sum,Optimal,0.44999999999999996,1084.1040817140843,66,0,1.0
10,Min Sum,Optimal,0.7500000000000001,2302.537221546725,119,0,1.0
10,Min Sum,Optimal,0.3,1073.0040136382188,67,0,1.0
10,Min Sum,Optimal,0.39999999999999997,996.8825571471646,65,0,1.0
10,Min Sum,Optimal,0.5499999999999999,1564.4106175276324,82,0,1.0
10,Min Sum,Optimal,0.6,1802.2752944813205,101,0,1.0
10,Min Sum,Optimal,0.5499999999999999,1455.8074910375467,80,0,1.0
10,Min Sum,Optimal,0.7000000000000001,1614.1785579010316,97,0,1.0
10,Min Sum,Optimal,0.44999999999999996,1570.7127490018904,85,0,1.0
10,Min Sum,Optimal,0.5499999999999999,2165.2375279196717,107,0,1.0
10,Min Sum,Optimal,0.35,1684.7988745731018,90,0,1.0
10,Min Sum,Optimal,0.5499999999999999,1453.156160051031,93,0,1.0
10,Min Sum,Optimal,0.35,1685.5713068896962,92,0,1.0
10,Min Sum,Optimal,0.7500000000000001,1236.8245659612724,81,0,1.0
10,Min Sum,Optimal,0.44999999999999996,1946.1292701308812,104,0,1.0
10,Min Sum,Optimal,0.3,527.7020650782777,34,0,1.0
10,Min Sum,Optimal,0.44999999999999996,1888.3671172763422,104,0,1.0
10,Min Sum,Optimal,0.7000000000000001,1745.4898166585053,87,0,1.0
10,Min Sum,Optimal,0.65,1443.8207767023825,93,0,1.0
10,Min Sum,Optimal,0.5499999999999999,915.2799830713426,57,0,1.0
10,Min Sum,Optimal,0.3,935.8847389578342,57,0,1.0
10,Min Sum,Optimal,0.39999999999999997,1713.145485895438,85,0,1.0
10,Min Sum,Optimal,0.39999999999999997,1225.4658259601288,72,0,1.0
10,Min Sum,Optimal,0.6,1346.1571502014822,89,0,1.0
10,Min Sum,Optimal,0.49999999999999994,1885.708162695384,104,0,1.0
10,Min Sum,Optimal,0.7500000000000001,1653.0417656046122,89,0,1.0
10,Min Sum,Optimal,0.39999999999999997,1287.5427270912264,78,0,1.0
10,Min Sum,Optimal,0.65,1506.2826594026333,85,0,1.0
10,Min Sum,Optimal,0.6,870.8129737027084,54,0,1.0
10,Min Sum,Optimal,0.3,1144.2788818874558,68,0,1.0
10,Min Sum,Optimal,0.6,1280.455568901427,64,0,1.0
10,Min Sum,Optimal,0.7000000000000001,2156.669787661458,106,0,1.0
10,Min Sum,Optimal,0.35,1367.3402628131405,84,0,1.0
10,Min Sum,Optimal,0.7000000000000001,1897.0266193943753,103,0,1.0
10,Min Sum,Optimal,0.6,1977.1149018307367,99,0,1.0
10,Min Sum,Optimal,0.49999999999999994,1551.6844162407135,87,0,1.0
10,Min Sum,Optimal,0.8500000000000002,2390.5040483434477,122,0,1.0
10,Min Sum,Optimal,0.8000000000000002,1618.2539940626864,81,0,1.0
10,Min Sum,Optimal,0.6,2127.9767607025487,107,0,1.0
10,Min Sum,Optimal,0.65,1287.7996830267089,73,0,1.0
10,Min Sum,Optimal,0.7000000000000001,1716.1998511381257,93,0,1.0
10,Min Sum,Optimal,0.6,1460.9923816184964,79,0,1.0
10,Min Sum,Optimal,0.8000000000000002,3026.508706170608,160,0,1.0
10,Min Sum,Optimal,0.65,1561.2437962960942,83,0,1.0
10,Min Sum,Optimal,0.7500000000000001,2096.069643804624,122,0,1.0
10,Min Sum,Optimal,0.5499999999999999,718.0143395791279,41,0,1.0
10,Min Sum,Optimal,0.5499999999999999,1083.090962355127,60,0,1.0
10,Min Sum,Optimal,0.65,1876.8292205914097,102,0,1.0
10,Min Sum,Optimal,0.5499999999999999,1945.6498304099462,96,0,1.0
10,Min Sum,Optimal,0.7000000000000001,1813.411128163466,99,0,1.0
10,Min Sum,Optimal,0.65,1054.9204592944336,75,0,1.0
10,Min Sum,Optimal,0.7000000000000001,1766.6837296437816,95,0,1.0
10,Min Sum,Optimal,0.3,1045.4915573571595,54,0,1.0
10,Min Sum,Optimal,0.35,1133.1125614401958,57,0,1.0
10,Min Sum,Optimal,0.39999999999999997,1813.0989128562599,91,0,1.0
10,Min Sum,Optimal,0.7500000000000001,1744.9036400029097,97,0,1.0
10,Min Sum,Optimal,0.39999999999999997,1208.4847741933238,61,0,1.0
10,Min Sum,Optimal,0.9000000000000002,2700.9332978128878,145,0,1.0
10,Min Sum,Optimal,0.5499999999999999,1837.6471184514573,95,0,1.0
10,Min Sum,Optimal,0.5499999999999999,1625.0416892338706,85,0,1.0
10,Min Sum,Optimal,0.65,1819.2691512171175,93,0,1.0
