15,Bottleneck,No-Contraction,0.0,351.9468179805984,19,7,0.8466165413533835
15,Bottleneck,No-Contraction,0.0,1560.3049145383093,77,50,0.8111317254174397
15,Bottleneck,No-Contraction,0.0,1919.0285437674645,95,77,0.7317293233082708
15,Bottleneck,No-Contraction,0.0,637.1323196600539,33,28,0.6975468975468976
15,Bottleneck,No-Contraction,0.0,1333.9448730644256,67,58,0.4292821606254442
15,Bottleneck,No-Contraction,0.0,1208.0621876739563,60,38,0.6646031746031746
15,Bottleneck,No-Contraction,0.0,1080.7857784438495,54,28,0.8744268077601411
15,Bottleneck,No-Contraction,0.0,1220.5278961860213,61,56,0.6145199063231851
15,Bottleneck,No-Contraction,0.0,1246.8875800645899,62,55,0.511520737327189
15,Bottleneck,No-Contraction,0.0,1035.0086422272625,52,43,0.5673992673992674
15,Bottleneck,No-Contraction,0.0,906.0264560624086,46,36,0.6587991718426501
15,Bottleneck,No-Contraction,0.0,903.9985761410138,46,40,0.6254658385093168
15,Bottleneck,No-Contraction,0.0,1921.3376635838306,95,87,0.4888220551378446
15,Bottleneck,No-Contraction,0.0,994.0787223047279,50,43,0.4815238095238095
15,Bottleneck,No-Contraction,0.0,1423.1470699648019,71,54,0.6975184439973172
15,Bottleneck,No-Contraction,0.0,1124.9936574285944,57,53,0.5049289891395154
15,Bottleneck,No-Contraction,0.0,821.9171983072321,42,28,0.608843537414966
15,Bottleneck,No-Contraction,0.0,1383.8772722472888,69,59,0.46887508626639063
15,Bottleneck,No-Contraction,0.0,1435.26743379682,71,57,0.559758551307847
15,Bottleneck,No-Contraction,0.0,1265.5118650393433,63,59,0.5265306122448979
15,Bottleneck,No-Contraction,0.0,988.1188129589764,50,43,0.6171428571428571
15,Bottleneck,No-Contraction,0.0,1153.4763786612632,58,54,0.5688013136288997
15,Bottleneck,No-Contraction,0.0,1434.2949295872538,71,66,0.5632461435278338
15,Bottleneck,No-Contraction,0.0,972.027548333681,49,44,0.7508260447035957
15,Bottleneck,No-Contraction,0.0,1405.2283583144483,70,65,0.4201360544217687
15,Bottleneck,No-Contraction,0.0,1566.5648054814053,78,72,0.45384615384615384
15,Bottleneck,No-Contraction,0.0,932.1384541700257,47,32,0.6693009118541033
15,Bottleneck,No-Contraction,0.0,1335.9145732465374,67,62,0.4606965174129353
15,Bottleneck,No-Contraction,0.0,1542.58602592679,77,59,0.6523191094619666
15,Bottleneck,No-Contraction,0.0,482.3039700553746,26,16,0.5926739926739927
15,Bottleneck,No-Contraction,0.0,1294.2383125795743,65,35,0.7457875457875458
15,Bottleneck,No-Contraction,0.0,864.1410947592672,44,33,0.6177489177489177
15,Bottleneck,No-Contraction,0.0,1407.7164988024679,70,49,0.7253061224489796
15,Bottleneck,No-Contraction,0.0,1215.022573416036,61,45,0.7283372365339579
15,Bottleneck,No-Contraction,0.0,1224.1143772643034,61,27,0.7575331772053083
15,Bottleneck,No-Contraction,0.0,972.646488061113,49,39,0.4913508260447036
15,Bottleneck,No-Contraction,0.0,1398.0912360473237,70,65,0.4987755102040817
15,Bottleneck,No-Contraction,0.0,1699.8645937837914,84,77,0.4522675736961452
15,Bottleneck,No-Contraction,0.0,1218.187685844722,61,52,0.7912568306010929
15,Bottleneck,No-Contraction,0.0,756.233187943754,39,32,0.7145299145299145
15,Bottleneck,No-Contraction,0.0,1085.5637402980212,55,46,0.6793073593073593
15,Bottleneck,No-Contraction,0.0,1531.213572033636,76,66,0.618045112781955
15,Bottleneck,No-Contraction,0.0,1400.746450670645,70,61,0.573469387755102
15,Bottleneck,No-Contraction,0.0,1103.4551155908948,55,41,0.5288311688311689
15,Bottleneck,No-Contraction,0.0,1242.788538788824,62,49,0.5617511520737327
15,Bottleneck,No-Contraction,0.0,915.0885850170521,46,42,0.3650103519668737
15,Bottleneck,No-Contraction,0.0,861.747830493008,44,24,0.8114718614718615
15,Bottleneck,No-Contraction,0.0,1909.0534580714534,94,86,0.4209726443768997
15,Bottleneck,No-Contraction,0.0,1720.708104706909,85,62,0.5408403361344537
15,Bottleneck,No-Contraction,0.0,981.1585438645379,50,39,0.6792380952380952
15,Bottleneck,No-Contraction,0.0,1660.1825993323573,82,47,0.8938443670150986
15,Bottleneck,No-Contraction,0.0,1643.3886096068418,81,76,0.7248677248677249
15,Bottleneck,No-Contraction,0.0,835.5797364242211,43,39,0.7169435215946844
15,Bottleneck,No-Contraction,0.0,1523.643625192768,76,71,0.44598997493734344
15,Bottleneck,No-Contraction,0.0,1184.6457423292761,59,43,0.6577885391444713
15,Bottleneck,No-Contraction,0.0,1112.9413929261962,56,40,0.7658163265306123
15,Bottleneck,No-Contraction,0.0,1226.6873479885317,61,33,0.775487900078064
15,Bottleneck,No-Contraction,0.0,1311.1969751526376,65,55,0.45553113553113556
15,Bottleneck,No-Contraction,0.0,932.9736183873911,47,39,0.6516717325227964
15,Bottleneck,No-Contraction,0.0,765.0690799758332,39,33,0.46984126984126984
15,Bottleneck,No-Contraction,0.0,921.3512200905988,47,42,0.625531914893617
15,Bottleneck,No-Contraction,0.0,1734.7515714917458,86,81,0.46323366555924694
15,Bottleneck,No-Contraction,0.0,1212.2635582971577,61,32,0.7002341920374707
15,Bottleneck,No-Contraction,0.0,1708.6989772135241,85,76,0.7658263305322129
15,Bottleneck,No-Contraction,0.0,1157.229771404491,58,54,0.5952380952380952
15,Bottleneck,No-Contraction,0.0,927.1426328420868,47,42,0.7329280648429585
15,Bottleneck,No-Contraction,0.0,1315.1164017403712,66,54,0.49913419913419915
15,Bottleneck,No-Contraction,0.0,1239.839839093846,62,53,0.49032258064516127
15,Bottleneck,No-Contraction,0.0,1283.8415219410408,64,43,0.6992559523809524
15,Bottleneck,No-Contraction,0.0,1343.0420694919233,67,52,0.7030561478322673
15,Bottleneck,No-Contraction,0.0,1238.0107478971042,62,44,0.70568356374808
15,Bottleneck,No-Contraction,0.0,1376.5785181219198,69,54,0.5868875086266391
15,Bottleneck,No-Contraction,0.0,667.2428481619529,35,30,0.7153741496598639
15,Bottleneck,No-Contraction,0.0,1368.3094197250944,68,56,0.4651260504201681
15,Bottleneck,No-Contraction,0.0,1477.8941946334132,73,61,0.6216568819308546
15,Bottleneck,No-Contraction,0.0,1030.4310576867292,52,47,0.43076923076923074
15,Bottleneck,No-Contraction,0.0,1508.2669863458584,75,70,0.3939047619047619
15,Bottleneck,No-Contraction,0.0,1463.6594446809347,73,55,0.6062622309197652
15,Bottleneck,No-Contraction,0.0,602.0994439081886,31,10,0.8341013824884793
15,Bottleneck,No-Contraction,0.0,1103.7338308394042,55,51,0.4225108225108225
15,Bottleneck,No-Contraction,0.0,971.3491803388622,49,32,0.6709426627793974
15,Bottleneck,No-Contraction,0.0,1284.3248636956903,64,60,0.6665178571428572
15,Bottleneck,No-Contraction,0.0,883.8016482497763,45,36,0.5225396825396825
15,Bottleneck,No-Contraction,0.0,775.4300944142726,40,34,0.4747619047619048
15,Bottleneck,No-Contraction,0.0,855.5610815788456,44,31,0.4943722943722944
15,Bottleneck,No-Contraction,0.0,1149.1280500995383,58,46,0.42479474548440066
15,Bottleneck,No-Contraction,0.0,1165.8386032390717,58,50,0.5753694581280788
15,Bottleneck,No-Contraction,0.0,855.646319816117,44,38,0.43896103896103894
15,Bottleneck,No-Contraction,0.0,475.5104531041233,25,19,0.7596190476190476
15,Bottleneck,No-Contraction,0.0,1016.863419982498,51,25,0.7294117647058824
15,Bottleneck,No-Contraction,0.0,1561.444723751314,77,72,0.5692022263450836
15,Bottleneck,No-Contraction,0.0,1618.6517442065297,80,59,0.7309523809523809
15,Bottleneck,No-Contraction,0.0,1062.1275666863944,53,37,0.7829290206648697
15,Bottleneck,No-Contraction,0.0,1345.5333036755928,67,57,0.4669509594882729
15,Bottleneck,No-Contraction,0.0,923.4840714602686,47,43,0.3807497467071935
15,Bottleneck,No-Contraction,0.0,710.0767432976855,37,23,0.7389961389961389
15,Bottleneck,No-Contraction,0.0,2014.6264656329427,99,86,0.7083213083213084
15,Bottleneck,No-Contraction,0.0,1612.3275577001993,80,39,0.7417857142857143
15,Bottleneck,No-Contraction,0.0,1200.6924618897312,60,37,0.8047619047619048
15,Bottleneck,No-Contraction,0.0,1036.9673346618915,52,39,0.5402930402930403
15,Bottleneck,No-Contraction,0.0,1023.8310291798308,52,42,0.5128205128205129
15,Bottleneck,No-Contraction,0.0,1863.2640788982314,92,56,0.7178053830227743
15,Bottleneck,No-Contraction,0.0,613.3561907952918,32,23,0.7074404761904762
15,Bottleneck,No-Contraction,0.0,821.8181264030787,42,28,0.6219954648526077
15,Bottleneck,No-Contraction,0.0,1568.7123083385325,78,61,0.8302808302808302
15,Bottleneck,No-Contraction,0.0,1508.189014045075,75,47,0.7942857142857143
15,Bottleneck,No-Contraction,0.0,1593.4415809102036,79,73,0.6066305003013864
15,Bottleneck,No-Contraction,0.0,1396.629221803835,70,59,0.6312925170068027
15,Bottleneck,No-Contraction,0.0,1567.8448369791226,78,67,0.31294261294261294
15,Bottleneck,No-Contraction,0.0,1636.9469818063612,81,50,0.5706055261610817
15,Bottleneck,No-Contraction,0.0,1685.7204656518527,83,54,0.6081468732071141
15,Bottleneck,No-Contraction,0.0,837.4783588324434,43,31,0.6892580287929125
15,Bottleneck,No-Contraction,0.0,888.2709093593273,45,40,0.5153439153439153
15,Bottleneck,No-Contraction,0.0,1153.238175808227,58,38,0.5720853858784893
15,Bottleneck,No-Contraction,0.0,1508.1418987636164,75,31,0.9217777777777779
15,Bottleneck,No-Contraction,0.0,1393.003531403846,69,65,0.35817805383022777
15,Bottleneck,No-Contraction,0.0,1625.877040659812,81,76,0.5766019988242211
15,Bottleneck,No-Contraction,0.0,1517.4659409869805,75,60,0.769015873015873
15,Bottleneck,No-Contraction,0.0,1639.846712138044,81,76,0.7207524985302763
15,Bottleneck,No-Contraction,0.0,1136.386401541115,57,47,0.4805346700083542
15,Bottleneck,No-Contraction,0.0,1372.0451926296803,68,63,0.4046218487394958
15,Bottleneck,No-Contraction,0.0,1386.72526541894,69,61,0.38868184955141477
15,Bottleneck,No-Contraction,0.0,986.664949612634,50,43,0.36038095238095236
15,Bottleneck,No-Contraction,0.0,1384.6665244708588,69,59,0.72864044168392
15,Bottleneck,No-Contraction,0.0,1538.8757858821314,76,47,0.6825814536340852
15,Bottleneck,No-Contraction,0.0,1941.3630881746456,96,80,0.4365079365079365
15,Bottleneck,No-Contraction,0.0,1641.559383495507,81,72,0.31040564373897706
15,Bottleneck,No-Contraction,0.0,724.8066114034937,37,33,0.538996138996139
15,Bottleneck,No-Contraction,0.0,732.789494624685,38,24,0.6446115288220551
15,Bottleneck,No-Contraction,0.0,1378.9508499079136,69,62,0.6657004830917874
15,Bottleneck,No-Contraction,0.0,1012.719166508679,51,23,0.7716153127917834
15,Bottleneck,No-Contraction,0.0,1228.8958797703212,61,35,0.6240437158469945
15,Bottleneck,No-Contraction,0.0,1282.9829053190613,64,51,0.4168154761904762
15,Bottleneck,No-Contraction,0.0,1498.396718255203,74,53,0.7477477477477478
15,Bottleneck,No-Contraction,0.0,1599.0914108555887,79,65,0.5386377335744424
15,Bottleneck,No-Contraction,0.0,1302.153329969634,65,45,0.5976556776556776
15,Bottleneck,No-Contraction,0.0,1424.743907371509,71,64,0.49201877934272303
15,Bottleneck,No-Contraction,0.0,622.720566141142,32,27,0.562202380952381
15,Bottleneck,No-Contraction,0.0,1638.35667531917,81,32,0.7189888300999412
15,Bottleneck,No-Contraction,0.0,2054.1916204759714,101,64,0.8071664309288071
15,Bottleneck,No-Contraction,0.0,1605.0534394917076,80,50,0.6571428571428571
15,Bottleneck,No-Contraction,0.0,1792.8529674426,89,66,0.6966292134831461
15,Bottleneck,No-Contraction,0.0,1528.0930554686001,76,66,0.43220551378446115
15,Bottleneck,No-Contraction,0.0,1413.8169047144268,70,51,0.6738775510204081
15,Bottleneck,No-Contraction,0.0,1750.8143616497564,87,48,0.8229885057471263
15,Bottleneck,No-Contraction,0.0,1990.5739138453428,98,84,0.6802721088435375
15,Bottleneck,No-Contraction,0.0,1608.5415928946263,80,72,0.4175
15,Bottleneck,No-Contraction,0.0,1276.4554255225057,64,38,0.6397321428571429
15,Bottleneck,No-Contraction,0.0,903.2709850174316,46,27,0.6113871635610766
15,Bottleneck,No-Contraction,0.0,1090.903335131239,55,39,0.4772294372294372
15,Bottleneck,No-Contraction,0.0,1032.9028365555798,52,30,0.6767399267399268
15,Bottleneck,No-Contraction,0.0,1381.1701274168001,69,48,0.6015182884748103
15,Bottleneck,No-Contraction,0.0,863.9736031814911,44,21,0.7606060606060606
15,Bottleneck,No-Contraction,0.0,1244.0474470070137,62,54,0.5236559139784946
15,Bottleneck,No-Contraction,0.0,1221.2391683661515,61,51,0.5996877439500391
15,Bottleneck,No-Contraction,0.0,1994.3767572089412,98,85,0.6117589893100097
15,Bottleneck,No-Contraction,0.0,735.9555373104856,38,29,0.5588972431077694
15,Bottleneck,No-Contraction,0.0,951.589752515511,48,41,0.47222222222222227
15,Bottleneck,No-Contraction,0.0,891.6786494285013,45,32,0.6395767195767196
15,Bottleneck,No-Contraction,0.0,844.682510830116,43,28,0.5607973421926911
15,Bottleneck,No-Contraction,0.0,1282.5640244759247,64,57,0.6683035714285714
15,Bottleneck,No-Contraction,0.0,713.808852045578,37,23,0.6566280566280566
15,Bottleneck,No-Contraction,0.0,794.6025956124208,41,32,0.5953542392566783
15,Bottleneck,No-Contraction,0.0,1326.6222237608395,66,54,0.7481962481962482
15,Bottleneck,No-Contraction,0.0,1407.2776569735872,70,49,0.7348299319727891
15,Bottleneck,No-Contraction,0.0,1000.9448441154359,51,38,0.5645191409897292
15,Bottleneck,No-Contraction,0.0,484.73984862964926,26,19,0.563003663003663
15,Bottleneck,No-Contraction,0.0,1659.337587663808,82,72,0.5010452961672475
15,Bottleneck,No-Contraction,0.0,648.6524770271124,34,30,0.3829131652661064
15,Bottleneck,No-Contraction,0.0,629.8798975006973,33,5,0.9313131313131313
15,Bottleneck,No-Contraction,0.0,1849.6065994483074,91,53,0.7698587127158556
15,Bottleneck,No-Contraction,0.0,578.8561452588464,30,21,0.6952380952380952
15,Bottleneck,No-Contraction,0.0,1374.41261627131,68,59,0.6505602240896359
15,Bottleneck,No-Contraction,0.0,1347.5907357143435,67,60,0.44420753375977257
15,Bottleneck,No-Contraction,0.0,1094.188197239482,55,41,0.7717748917748918
15,Bottleneck,No-Contraction,0.0,1329.6044104071739,66,31,0.7352092352092352
15,Bottleneck,No-Contraction,0.0,995.1940240596919,50,43,0.6144761904761905
15,Bottleneck,No-Contraction,0.0,832.0979277848818,42,35,0.4213151927437642
15,Bottleneck,No-Contraction,0.0,944.5191530317097,48,27,0.6496031746031746
15,Bottleneck,No-Contraction,0.0,1108.3133446692957,56,37,0.6668367346938775
15,Bottleneck,No-Contraction,0.0,697.9719955567829,36,32,0.7208994708994709
15,Bottleneck,No-Contraction,0.0,811.5379800603712,41,34,0.653890824622532
15,Bottleneck,No-Contraction,0.0,1040.9856823837151,52,39,0.6771062271062271
15,Bottleneck,No-Contraction,0.0,1112.4901916817653,56,47,0.6032312925170068
15,Bottleneck,No-Contraction,0.0,1198.9735303944913,60,36,0.5811111111111111
15,Bottleneck,No-Contraction,0.0,592.0410593027564,31,21,0.6682027649769585
15,Bottleneck,No-Contraction,0.0,1584.7705005206096,79,57,0.7755274261603375
15,Bottleneck,No-Contraction,0.0,1232.4833691695524,62,58,0.6751152073732719
15,Bottleneck,No-Contraction,0.0,770.6692886428721,39,32,0.5054945054945055
15,Bottleneck,No-Contraction,0.0,956.8673663946305,48,41,0.503968253968254
15,Bottleneck,No-Contraction,0.0,1731.0900942374856,86,48,0.8653377630121816
15,Bottleneck,No-Contraction,0.0,888.1213476732845,45,40,0.5525925925925926
15,Bottleneck,No-Contraction,0.0,1457.471941300364,72,69,0.6220899470899471
15,Bottleneck,No-Contraction,0.0,1055.7067546466867,53,34,0.5663971248876909
15,Bottleneck,No-Contraction,0.0,1874.151596678218,92,61,0.6704968944099379
15,Bottleneck,No-Contraction,0.0,1034.7948615380853,52,39,0.6904761904761905
15,Bottleneck,No-Contraction,0.0,533.2149384518012,28,21,0.6214285714285713
15,Bottleneck,No-Contraction,0.0,1163.6922242450341,58,47,0.6886699507389162
15,Bottleneck,No-Contraction,0.0,1181.7445109627997,59,37,0.628410008071025
15,Bottleneck,No-Contraction,0.0,806.775701009541,41,30,0.6506387921022068
15,Bottleneck,No-Contraction,0.0,716.1945900143547,37,25,0.7722007722007722
15,Bottleneck,No-Contraction,0.0,833.1094758571309,42,37,0.4662131519274377
15,Bottleneck,No-Contraction,0.0,1645.239215140478,81,40,0.6874779541446208
15,Bottleneck,No-Contraction,0.0,1252.2538422509706,63,52,0.7665910808767952
15,Bottleneck,No-Contraction,0.0,1161.5794596909861,58,37,0.7589490968801313
15,Bottleneck,No-Contraction,0.0,833.2793014470712,43,26,0.7351052048726467
15,Bottleneck,No-Contraction,0.0,514.6242993834006,27,10,0.9097001763668431
15,Bottleneck,No-Contraction,0.0,1238.4353610821013,62,55,0.6465437788018433
15,Bottleneck,No-Contraction,0.0,1088.1860325521654,55,44,0.5823376623376623
15,Bottleneck,No-Contraction,0.0,1235.0908435395477,62,41,0.674347158218126
15,Bottleneck,No-Contraction,0.0,605.4476465902677,32,22,0.6401785714285715
15,Bottleneck,No-Contraction,0.0,1139.0211161346776,57,25,0.7435254803675856
15,Bottleneck,No-Contraction,0.0,1026.3647386856571,52,42,0.5663003663003663
15,Bottleneck,No-Contraction,0.0,938.3110393756969,48,21,0.7753968253968254
15,Bottleneck,No-Contraction,0.0,1178.9544958548129,59,47,0.4602098466505246
15,Bottleneck,No-Contraction,0.0,1120.015763898458,56,42,0.4527210884353741
15,Bottleneck,No-Contraction,0.0,560.3191742140856,29,26,0.599671592775041
15,Bottleneck,No-Contraction,0.0,1487.632987761116,74,64,0.7671814671814672
15,Bottleneck,No-Contraction,0.0,1314.816820376629,66,57,0.6608946608946609
15,Bottleneck,No-Contraction,0.0,899.0480992938031,46,35,0.5374741200828158
15,Bottleneck,No-Contraction,0.0,1057.1874813386462,53,28,0.7584905660377359
15,Bottleneck,No-Contraction,0.0,843.7915521204219,43,17,0.802436323366556
15,Bottleneck,No-Contraction,0.0,1206.691166136526,60,52,0.5288888888888889
15,Bottleneck,No-Contraction,0.0,917.3909070995811,47,40,0.7363728470111448
15,Bottleneck,No-Contraction,0.0,1007.938556359269,51,38,0.7622782446311858
15,Bottleneck,No-Contraction,0.0,869.8436529682555,44,27,0.6049783549783551
15,Bottleneck,No-Contraction,0.0,1502.8001118053498,75,26,0.9043809523809523
15,Bottleneck,No-Contraction,0.0,1164.659009388719,58,49,0.722167487684729
15,Bottleneck,No-Contraction,0.0,1044.9713414713624,53,20,0.8436657681940701
15,Bottleneck,No-Contraction,0.0,434.593523126291,23,16,0.7743271221532091
15,Bottleneck,No-Contraction,0.0,759.6441727108753,39,30,0.6351648351648352
15,Bottleneck,No-Contraction,0.0,1346.569357970712,67,61,0.6807391613361762
15,Bottleneck,No-Contraction,0.0,1531.7656332742558,76,51,0.7611528822055138
15,Bottleneck,No-Contraction,0.0,1016.4985666145163,51,44,0.7557422969187675
15,Bottleneck,No-Contraction,0.0,1544.7009102595869,77,51,0.7516388373531231
15,Bottleneck,No-Contraction,0.0,980.2984420257243,50,44,0.4476190476190476
15,Bottleneck,No-Contraction,0.0,712.8627538302499,37,28,0.6911196911196912
15,Bottleneck,No-Contraction,0.0,1818.894216108538,90,73,0.6913227513227513
15,Bottleneck,No-Contraction,0.0,1379.3978571016564,69,40,0.6999309868875087
15,Bottleneck,No-Contraction,0.0,927.9069885330247,47,41,0.6725430597771024
15,Bottleneck,No-Contraction,0.0,1744.0343945098489,86,60,0.4751937984496124
15,Bottleneck,No-Contraction,0.0,1007.2411299235607,51,38,0.47394957983193275
15,Bottleneck,No-Contraction,0.0,1104.5204274062396,56,45,0.7523809523809524
15,Bottleneck,No-Contraction,0.0,1008.636441455633,51,45,0.6483660130718955
15,Bottleneck,No-Contraction,0.0,1701.5454065394138,84,72,0.36496598639455785
15,Bottleneck,No-Contraction,0.0,1336.3917848296287,67,51,0.4791755508173418
15,Bottleneck,No-Contraction,0.0,1513.5239221994536,75,68,0.5815873015873017
15,Bottleneck,No-Contraction,0.0,604.0445846220996,31,27,0.47803379416282643
15,Bottleneck,No-Contraction,0.0,1461.3967105729428,73,51,0.6268754076973254
15,Bottleneck,No-Contraction,0.0,1192.2119285002632,60,53,0.4846031746031746
15,Bottleneck,No-Contraction,0.0,1241.603034091096,62,53,0.5972350230414747
15,Bottleneck,No-Contraction,0.0,1138.1930540944102,57,49,0.41888053467000835
15,Bottleneck,No-Contraction,0.0,697.0878338573342,36,31,0.4920634920634921
15,Bottleneck,No-Contraction,0.0,658.1037103909072,34,30,0.4291316526610644
15,Bottleneck,No-Contraction,0.0,1380.7174166917641,69,55,0.5383022774327123
15,Bottleneck,No-Contraction,0.0,1128.8303517541337,57,24,0.7814536340852131
15,Bottleneck,No-Contraction,0.0,1238.8053609158865,62,32,0.7287250384024578
15,Bottleneck,No-Contraction,0.0,1186.9152615917449,59,26,0.716545601291364
15,Bottleneck,No-Contraction,0.0,1626.7099069317653,81,75,0.3358024691358025
15,Bottleneck,No-Contraction,0.0,639.3913852130755,33,17,0.6914862914862915
15,Bottleneck,No-Contraction,0.0,533.2417500583608,28,24,0.5333333333333333
15,Bottleneck,No-Contraction,0.0,1712.714940099305,85,77,0.4681232492997199
15,Bottleneck,No-Contraction,0.0,505.9419803802718,27,21,0.4426807760141094
15,Bottleneck,No-Contraction,0.0,1130.0099489873498,57,47,0.5878028404344194
15,Bottleneck,No-Contraction,0.0,1378.3458749646913,69,58,0.433264320220842
15,Bottleneck,No-Contraction,0.0,1191.5171983604598,60,41,0.5347619047619048
15,Bottleneck,No-Contraction,0.0,1137.01696229103,57,51,0.39114452798663324
15,Bottleneck,No-Contraction,0.0,822.3900805651767,42,37,0.608390022675737
15,Bottleneck,No-Contraction,0.0,1064.8351481234913,54,48,0.3104056437389771
15,Bottleneck,No-Contraction,0.0,1212.6068069393905,61,56,0.33614363778298206
15,Bottleneck,No-Contraction,0.0,1064.218565617533,54,45,0.6516754850088183
15,Bottleneck,No-Contraction,0.0,624.4105964227462,32,27,0.3568452380952381
15,Bottleneck,No-Contraction,0.0,540.3431551458565,28,21,0.6829931972789115
15,Bottleneck,No-Contraction,0.0,909.3023023178106,46,39,0.3670807453416149
15,Bottleneck,No-Contraction,0.0,1823.865989390473,90,62,0.6100529100529101
15,Bottleneck,No-Contraction,0.0,1572.514322992498,78,73,0.43101343101343104
15,Bottleneck,No-Contraction,0.0,620.8822218160783,32,19,0.6080357142857142
15,Bottleneck,No-Contraction,0.0,1121.9923879097544,56,28,0.6775510204081633
15,Bottleneck,No-Contraction,0.0,631.2856659801694,33,24,0.550937950937951
15,Bottleneck,No-Contraction,0.0,725.3791349516414,37,31,0.6962676962676962
15,Bottleneck,No-Contraction,0.0,1199.0005373960628,60,53,0.6141269841269842
15,Bottleneck,No-Contraction,0.0,1837.9401658932402,91,84,0.47210884353741495
15,Bottleneck,No-Contraction,0.0,1074.0686243555579,54,48,0.5320987654320988
15,Bottleneck,No-Contraction,0.0,1383.3138525858628,69,48,0.7610766045548654
15,Bottleneck,No-Contraction,0.0,1275.380661347959,64,54,0.5772321428571429
15,Bottleneck,No-Contraction,0.0,930.2768244450446,47,30,0.7803444782168186
15,Bottleneck,No-Contraction,0.0,1555.9865126127045,77,30,0.8426716141001855
15,Bottleneck,No-Contraction,0.0,1262.8213682421292,63,47,0.7197278911564625
15,Bottleneck,No-Contraction,0.0,513.1344618629811,27,13,0.834920634920635
15,Bottleneck,No-Contraction,0.0,1049.977435087385,53,38,0.781132075471698
15,Bottleneck,No-Contraction,0.0,1432.7505869457477,71,49,0.5487592219986587
15,Bottleneck,No-Contraction,0.0,1492.7394192708173,74,38,0.9052767052767052
15,Bottleneck,No-Contraction,0.0,1356.6315447385355,68,40,0.7067226890756303
15,Bottleneck,No-Contraction,0.0,1099.0572226433105,55,29,0.8133333333333334
15,Bottleneck,No-Contraction,0.0,988.0509958362607,50,26,0.835047619047619
15,Bottleneck,No-Contraction,0.0,1221.2052498159221,61,26,0.8949258391881343
15,Bottleneck,No-Contraction,0.0,1562.2495021255802,77,24,0.9144094001236858
15,Bottleneck,No-Contraction,0.0,1446.817485741168,72,47,0.8914021164021163
15,Bottleneck,No-Contraction,0.0,1297.2797867210222,65,24,0.87003663003663
15,Bottleneck,No-Contraction,0.0,1352.3062430634445,67,52,0.6676616915422886
15,Bottleneck,No-Contraction,0.0,1081.0765722472959,54,47,0.8040564373897707
15,Bottleneck,No-Contraction,0.0,959.2465754523407,49,44,0.45442176870748296
15,Bottleneck,No-Contraction,0.0,1173.8207497785113,59,53,0.38918482647296204
15,Bottleneck,No-Contraction,0.0,1558.5668856607303,77,18,0.8917748917748919
15,Bottleneck,No-Contraction,0.0,1120.6456513149922,56,49,0.5248299319727892
15,Bottleneck,No-Contraction,0.0,1227.383793142187,61,55,0.6304449648711944
15,Bottleneck,No-Contraction,0.0,1379.6559300508418,69,31,0.8650103519668737
15,Bottleneck,No-Contraction,0.0,1775.224590798764,88,70,0.6484848484848486
15,Bottleneck,No-Contraction,0.0,1588.9051606729913,79,63,0.4640144665461121
15,Bottleneck,No-Contraction,0.0,906.0871434252545,46,14,0.9084886128364389
15,Bottleneck,No-Contraction,0.0,814.3208899924164,42,37,0.7582766439909298
15,Bottleneck,No-Contraction,0.0,1275.8941939946192,64,47,0.7275297619047619
15,Bottleneck,No-Contraction,0.0,713.6735438028879,37,16,0.8105534105534106
15,Bottleneck,No-Contraction,0.0,709.9777967379878,37,18,0.7652509652509653
15,Bottleneck,No-Contraction,0.0,1128.7099948527327,57,29,0.6900584795321638
15,Bottleneck,No-Contraction,0.0,1406.1126268569437,70,35,0.7659863945578231
15,Bottleneck,No-Contraction,0.0,1470.3005684218974,73,49,0.8776255707762557
15,Bottleneck,No-Contraction,0.0,1188.5915387089062,60,37,0.6688888888888889
15,Bottleneck,No-Contraction,0.0,1035.8581725519132,52,37,0.6274725274725275
15,Bottleneck,No-Contraction,0.0,439.24341439476996,24,20,0.6654761904761904
15,Bottleneck,No-Contraction,0.0,1551.2229502604625,77,27,0.8265924551638837
15,Bottleneck,No-Contraction,0.0,1694.6550694334328,84,71,0.6918367346938775
15,Bottleneck,No-Contraction,0.0,1658.3004771275168,82,42,0.792102206736353
15,Bottleneck,No-Contraction,0.0,1658.1471220242463,82,53,0.8199767711962834
15,Bottleneck,No-Contraction,0.0,1188.806218778238,60,47,0.5571428571428572
15,Bottleneck,No-Contraction,0.0,859.4573556115748,44,31,0.6038961038961039
15,Bottleneck,No-Contraction,0.0,1724.3061851965433,85,23,0.963921568627451
15,Bottleneck,No-Contraction,0.0,1649.669679946849,82,72,0.5356562137049942
15,Bottleneck,No-Contraction,0.0,1259.6936753743348,63,56,0.6028722600151172
15,Bottleneck,No-Contraction,0.0,1120.3763092364813,56,24,0.8795918367346939
15,Bottleneck,No-Contraction,0.0,961.6205865748975,49,25,0.6579203109815355
15,Bottleneck,No-Contraction,0.0,792.9514368990195,41,33,0.5289198606271778
15,Bottleneck,No-Contraction,0.0,554.4425614404234,29,11,0.9198686371100164
15,Bottleneck,No-Contraction,0.0,1029.368010969378,52,44,0.5826007326007325
15,Bottleneck,No-Contraction,0.0,1395.0539579955723,69,30,0.7320910973084885
15,Bottleneck,No-Contraction,0.0,820.2551520311434,42,29,0.6775510204081633
15,Bottleneck,No-Contraction,0.0,928.4570653346638,47,34,0.5657548125633233
15,Bottleneck,No-Contraction,0.0,363.4330788790766,20,15,0.6695238095238095
15,Bottleneck,No-Contraction,0.0,560.6598825570007,29,9,0.8403940886699507
15,Bottleneck,No-Contraction,0.0,1001.9910168717879,51,41,0.580765639589169
15,Bottleneck,No-Contraction,0.0,745.4202663278433,38,32,0.5393483709273182
15,Bottleneck,No-Contraction,0.0,1141.538625487509,57,30,0.6636591478696742
15,Bottleneck,No-Contraction,0.0,497.6599350261991,26,20,0.545054945054945
15,Bottleneck,No-Contraction,0.0,436.7882012122507,23,16,0.6935817805383023
15,Bottleneck,No-Contraction,0.0,826.6561197113077,42,32,0.6235827664399093
15,Bottleneck,No-Contraction,0.0,1076.23413929972,54,44,0.5276895943562611
15,Bottleneck,No-Contraction,0.0,1143.1370810019957,57,37,0.5724310776942355
15,Bottleneck,No-Contraction,0.0,926.6368211742952,47,23,0.7375886524822695
15,Bottleneck,No-Contraction,0.0,945.3159929854038,48,35,0.5851190476190476
15,Bottleneck,No-Contraction,0.0,1152.2747448054406,58,35,0.8266009852216749
15,Bottleneck,No-Contraction,0.0,1148.003309683004,58,51,0.4440065681444992
15,Bottleneck,No-Contraction,0.0,1023.2199001703766,52,40,0.4514652014652014
15,Bottleneck,No-Contraction,0.0,579.2047234350159,30,25,0.6504761904761905
15,Bottleneck,No-Contraction,0.0,617.1738414063999,32,21,0.5922619047619048
15,Bottleneck,No-Contraction,0.0,981.7213220052581,50,43,0.7655238095238096
15,Bottleneck,No-Contraction,0.0,797.3263142393039,41,31,0.6343786295005808
15,Bottleneck,No-Contraction,0.0,411.494581558142,22,18,0.6731601731601732
15,Bottleneck,No-Contraction,0.0,597.1922669643632,31,14,0.7284178187403995
15,Bottleneck,No-Contraction,0.0,1071.3139991278322,54,36,0.74673721340388
15,Bottleneck,No-Contraction,0.0,1171.042540422234,59,53,0.6978208232445521
15,Bottleneck,No-Contraction,0.0,731.9294542589239,38,28,0.7476190476190476
15,Bottleneck,No-Contraction,0.0,629.3673368855741,33,29,0.6054834054834055
15,Bottleneck,No-Contraction,0.0,915.0791080863488,46,42,0.6409937888198758
15,Bottleneck,No-Contraction,0.0,1207.7468698092896,60,46,0.6546031746031746
15,Bottleneck,No-Contraction,0.0,1415.4495171046503,70,63,0.7204081632653061
15,Bottleneck,No-Contraction,0.0,944.968327022301,48,43,0.6136904761904761
15,Bottleneck,No-Contraction,0.0,1128.2671365503702,57,38,0.7164578111946532
15,Bottleneck,No-Contraction,0.0,912.1954206468431,46,26,0.6579710144927536
15,Bottleneck,No-Contraction,0.0,997.17253062374,50,39,0.6537142857142857
15,Bottleneck,No-Contraction,0.0,1403.1016050428232,70,41,0.6759183673469388
15,Bottleneck,No-Contraction,0.0,1327.7651113285294,66,54,0.5490620490620491
15,Bottleneck,No-Contraction,0.0,856.7701453331331,44,33,0.5240259740259741
15,Bottleneck,No-Contraction,0.0,1267.8246787649641,63,60,0.5371126228269085
15,Bottleneck,No-Contraction,0.0,1378.7923349292635,69,58,0.4761904761904763
15,Bottleneck,No-Contraction,0.0,795.0262349985347,41,25,0.6213704994192799
15,Bottleneck,No-Contraction,0.0,897.8671019578516,46,42,0.8418219461697722
15,Bottleneck,No-Contraction,0.0,1208.1892725293715,61,50,0.8182669789227167
15,Bottleneck,No-Contraction,0.0,695.2030155943711,36,23,0.6611111111111111
15,Bottleneck,No-Contraction,0.0,1537.6609278069284,76,72,0.5112781954887218
15,Bottleneck,No-Contraction,0.0,1275.3743035191162,64,50,0.6208333333333333
15,Bottleneck,No-Contraction,0.0,1288.263966416978,64,41,0.6467261904761905
15,Bottleneck,No-Contraction,0.0,1286.5815873564047,64,56,0.6098214285714286
15,Bottleneck,No-Contraction,0.0,766.0450483711237,39,27,0.7741147741147741
15,Bottleneck,No-Contraction,0.0,1023.0864711357948,52,24,0.7893772893772895
15,Bottleneck,No-Contraction,0.0,712.4049766677327,37,29,0.5261261261261262
15,Bottleneck,No-Contraction,0.0,632.6113158580157,33,28,0.6805194805194805
15,Bottleneck,No-Contraction,0.0,775.1727089664831,40,35,0.48880952380952375
15,Bottleneck,No-Contraction,0.0,1490.494740362967,74,57,0.6592020592020592
15,Bottleneck,No-Contraction,0.0,881.8492718462865,45,31,0.5686772486772487
15,Bottleneck,No-Contraction,0.0,970.3749998953325,49,36,0.6044703595724004
15,Bottleneck,No-Contraction,0.0,1289.4983657557336,64,47,0.6595238095238095
15,Bottleneck,No-Contraction,0.0,1438.9296259243329,72,41,0.8037037037037037
15,Bottleneck,No-Contraction,0.0,725.872994020854,37,10,0.8555984555984556
15,Bottleneck,No-Contraction,0.0,831.590827038954,42,26,0.7024943310657596
15,Bottleneck,No-Contraction,0.0,1551.9292193736128,77,65,0.7969078540507112
15,Bottleneck,No-Contraction,0.0,1349.6594425448563,67,57,0.5891968727789623
15,Bottleneck,No-Contraction,0.0,587.6045522863503,31,20,0.6285714285714287
15,Bottleneck,No-Contraction,0.0,1317.326025789887,66,62,0.3347763347763348
15,Bottleneck,No-Contraction,0.0,1254.514787306937,63,55,0.5115646258503401
15,Bottleneck,No-Contraction,0.0,799.1240347843731,41,17,0.8085946573751451
15,Bottleneck,No-Contraction,0.0,1388.6325959733092,69,40,0.7028295376121463
15,Bottleneck,No-Contraction,0.0,940.8711152676435,48,25,0.7710317460317461
15,Bottleneck,No-Contraction,0.0,1167.703226950675,59,50,0.6130750605326877
15,Bottleneck,No-Contraction,0.0,1156.9678090393209,58,36,0.7288998357963876
15,Bottleneck,No-Contraction,0.0,1269.1220343019484,63,56,0.5024943310657597
15,Bottleneck,No-Contraction,0.0,1619.4431488745183,80,33,0.9335714285714285
15,Bottleneck,No-Contraction,0.0,627.0469855819955,33,18,0.7535353535353535
15,Bottleneck,No-Contraction,0.0,807.7792838596613,41,34,0.6929152148664344
15,Bottleneck,No-Contraction,0.0,916.8585719539328,47,26,0.7748733535967578
15,Bottleneck,No-Contraction,0.0,610.0725590500981,32,14,0.7443452380952381
15,Bottleneck,No-Contraction,0.0,1317.6127607361923,66,52,0.7507936507936508
15,Bottleneck,No-Contraction,0.0,1438.1052794319203,72,52,0.8354497354497354
15,Bottleneck,No-Contraction,0.0,673.1484510205353,35,31,0.7499319727891156
15,Bottleneck,No-Contraction,0.0,497.9257849824421,26,14,0.810989010989011
15,Bottleneck,No-Contraction,0.0,1729.216290036699,86,59,0.6271317829457363
15,Bottleneck,No-Contraction,0.0,1322.3893031525236,66,37,0.8115440115440116
15,Bottleneck,No-Contraction,0.0,1599.8504242832307,79,73,0.5333333333333333
15,Bottleneck,No-Contraction,0.0,1160.5832955281649,58,54,0.5008210180623973
15,Bottleneck,No-Contraction,0.0,1387.2226317706843,69,38,0.6487232574189096
15,Bottleneck,No-Contraction,0.0,729.4114841745229,38,28,0.743859649122807
15,Bottleneck,No-Contraction,0.0,931.1723209840643,47,30,0.6721377912867275
15,Bottleneck,No-Contraction,0.0,887.0581815098435,45,37,0.6677248677248677
15,Bottleneck,No-Contraction,0.0,495.4223042417344,26,16,0.6945054945054945
15,Bottleneck,No-Contraction,0.0,1271.0715522455398,64,59,0.6364583333333333
15,Bottleneck,No-Contraction,0.0,1431.1415331263488,71,48,0.7089201877934272
15,Bottleneck,No-Contraction,0.0,865.2370742455488,44,27,0.9041125541125542
15,Bottleneck,No-Contraction,0.0,1129.2168459239651,57,26,0.778780284043442
15,Bottleneck,No-Contraction,0.0,646.2951700082355,34,28,0.419327731092437
15,Bottleneck,No-Contraction,0.0,1414.2646035233513,70,32,0.6863945578231293
15,Bottleneck,No-Contraction,0.0,946.7648441151556,48,42,0.4083333333333334
15,Bottleneck,No-Contraction,0.0,732.2560571435836,38,28,0.574937343358396
15,Bottleneck,No-Contraction,0.0,1406.624508411378,70,64,0.762312925170068
15,Bottleneck,No-Contraction,0.0,719.0623852755781,37,32,0.4545688545688546
15,Bottleneck,No-Contraction,0.0,1697.3717223858464,84,71,0.6075963718820862
15,Bottleneck,No-Contraction,0.0,1199.8545947273728,60,50,0.4353968253968254
15,Bottleneck,No-Contraction,0.0,580.5075149644093,30,22,0.5422222222222222
15,Bottleneck,No-Contraction,0.0,851.2649244466855,43,29,0.5424141749723145
15,Bottleneck,No-Contraction,0.0,799.6765191080549,41,35,0.6427409988385597
15,Bottleneck,No-Contraction,0.0,596.1781996094309,31,20,0.5102918586789554
15,Bottleneck,No-Contraction,0.0,971.1157877301933,49,33,0.8250728862973762
15,Bottleneck,No-Contraction,0.0,1045.9214504611664,53,38,0.6163522012578616
15,Bottleneck,No-Contraction,0.0,592.1191068760392,31,27,0.5563748079877112
15,Bottleneck,No-Contraction,0.0,1300.0747595165349,65,48,0.58007326007326
15,Bottleneck,No-Contraction,0.0,623.100341770405,32,20,0.6
15,Bottleneck,No-Contraction,0.0,1361.481777432072,68,54,0.6913165266106444
15,Bottleneck,No-Contraction,0.0,1017.4849830100769,51,46,0.4853408029878618
15,Bottleneck,No-Contraction,0.0,1220.997631272677,61,42,0.682591725214676
15,Bottleneck,No-Contraction,0.0,1327.0405978215033,66,36,0.704040404040404
15,Bottleneck,No-Contraction,0.0,980.6405293516599,50,45,0.46438095238095234
15,Bottleneck,No-Contraction,0.0,988.4632151099081,50,45,0.5405714285714286
15,Bottleneck,No-Contraction,0.0,879.1127214737625,45,36,0.504973544973545
15,Bottleneck,No-Contraction,0.0,1632.2349357413843,81,52,0.6981775426219871
15,Bottleneck,No-Contraction,0.0,1088.5812714268961,55,49,0.5120346320346321
15,Bottleneck,No-Contraction,0.0,1470.1819401083746,73,40,0.8349641226353556
15,Bottleneck,No-Contraction,0.0,1339.3299978410685,67,45,0.7394456289978678
15,Bottleneck,No-Contraction,0.0,895.7736240790747,46,13,0.8476190476190475
15,Bottleneck,No-Contraction,0.0,1109.946349870898,56,45,0.6620748299319728
15,Bottleneck,No-Contraction,0.0,1438.0930716949877,72,44,0.6243386243386244
15,Bottleneck,No-Contraction,0.0,1034.1388009984935,52,20,0.802930402930403
15,Bottleneck,No-Contraction,0.0,1604.023433052315,80,47,0.8284523809523809
15,Bottleneck,No-Contraction,0.0,847.7596717971652,43,10,0.8569213732004429
15,Bottleneck,No-Contraction,0.0,1052.5918272411639,53,26,0.6880503144654089
15,Bottleneck,No-Contraction,0.0,1768.5324200247646,87,35,0.8707170224411604
15,Bottleneck,No-Contraction,0.0,1075.9935284594947,54,49,0.6955908289241622
15,Bottleneck,No-Contraction,0.0,977.5165915547863,49,26,0.6689990281827016
15,Bottleneck,No-Contraction,0.0,988.8796512671488,50,43,0.5542857142857143
15,Bottleneck,No-Contraction,0.0,827.2162013145224,42,20,0.834013605442177
15,Bottleneck,No-Contraction,0.0,1043.475250021801,53,35,0.6071877807726865
15,Bottleneck,No-Contraction,0.0,1061.5796708545151,53,34,0.6375561545372866
15,Bottleneck,No-Contraction,0.0,1390.6482370439185,69,49,0.5298826777087647
15,Bottleneck,No-Contraction,0.0,1178.7249410068414,59,40,0.623728813559322
15,Bottleneck,No-Contraction,0.0,855.3072140028692,44,33,0.5831168831168831
15,Bottleneck,No-Contraction,0.0,1407.688560312441,70,28,0.9091156462585034
15,Bottleneck,No-Contraction,0.0,1361.4981347282499,68,49,0.5586834733893558
15,Bottleneck,No-Contraction,0.0,1196.4490216790346,60,44,0.5455555555555556
15,Bottleneck,No-Contraction,0.0,1159.8289646855771,58,28,0.7676518883415435
15,Bottleneck,No-Contraction,0.0,939.5656056297205,48,28,0.7029761904761904
15,Bottleneck,No-Contraction,0.0,1121.0832184355233,56,22,0.9292517006802721
15,Bottleneck,No-Contraction,0.0,891.3347592372658,45,24,0.7113227513227514
15,Bottleneck,No-Contraction,0.0,1126.298106470478,57,31,0.7333333333333333
15,Bottleneck,No-Contraction,0.0,906.4105963984864,46,37,0.5221532091097308
15,Bottleneck,No-Contraction,0.0,1625.1224339165046,81,22,0.8840681951793062
15,Bottleneck,No-Contraction,0.0,1168.25041756267,59,14,0.933817594834544
15,Bottleneck,No-Contraction,0.0,1139.8607306164224,57,53,0.6203842940685046
15,Bottleneck,No-Contraction,0.0,821.9316133091264,42,16,0.81859410430839
15,Bottleneck,No-Contraction,0.0,711.774893251568,37,22,0.7155727155727156
15,Bottleneck,No-Contraction,0.0,1166.1601820704038,58,43,0.6607553366174056
15,Bottleneck,No-Contraction,0.0,1622.4357471338428,80,59,0.7760714285714286
15,Bottleneck,No-Contraction,0.0,1378.7527060149741,69,52,0.6916494133885438
15,Bottleneck,No-Contraction,0.0,1333.3611227717074,67,43,0.8039800995024876
15,Bottleneck,No-Contraction,0.0,1247.8155860472666,62,45,0.5993855606758833
15,Bottleneck,No-Contraction,0.0,890.5975802291811,45,42,0.6203174603174604
15,Bottleneck,No-Contraction,0.0,1766.5799570785155,87,52,0.7543513957307061
15,Bottleneck,No-Contraction,0.0,1348.2333912780202,67,62,0.5565031982942431
15,Bottleneck,No-Contraction,0.0,1112.341665172805,56,45,0.5607142857142857
15,Bottleneck,No-Contraction,0.0,1114.4754451802323,56,50,0.6862244897959184
15,Bottleneck,No-Contraction,0.0,1344.4109280398056,67,39,0.694953802416489
15,Bottleneck,No-Contraction,0.0,905.9985138848657,46,42,0.75527950310559
15,Bottleneck,No-Contraction,0.0,1376.023788560427,69,54,0.5486542443064183
15,Bottleneck,No-Contraction,0.0,775.7253910421825,40,23,0.6635714285714286
15,Bottleneck,No-Contraction,0.0,474.45745732811497,25,21,0.5032380952380953
15,Bottleneck,No-Contraction,0.0,1348.167303393362,67,60,0.6899786780383795
15,Bottleneck,No-Contraction,0.0,934.2013733712198,47,43,0.40607902735562307
15,Bottleneck,No-Contraction,0.0,820.2167083788448,42,37,0.5643990929705216
15,Bottleneck,No-Contraction,0.0,761.0028968787256,39,26,0.8503052503052504
15,Bottleneck,No-Contraction,0.0,506.3465194151587,27,19,0.7541446208112874
15,Bottleneck,No-Contraction,0.0,871.2851490820931,44,22,0.6506493506493507
15,Bottleneck,No-Contraction,0.0,1028.7478487989008,52,37,0.5366300366300366
15,Bottleneck,No-Contraction,0.0,1058.1908180033809,53,46,0.4562443845462713
15,Bottleneck,No-Contraction,0.0,897.7371938412994,46,33,0.5525879917184265
15,Bottleneck,No-Contraction,0.0,1084.0210688159038,55,45,0.8552380952380952
15,Bottleneck,No-Contraction,0.0,1085.6542343713309,55,44,0.531082251082251
15,Bottleneck,No-Contraction,0.0,1189.7496096436612,60,47,0.5546031746031747
15,Bottleneck,No-Contraction,0.0,777.0462299351822,40,30,0.5083333333333333
15,Bottleneck,No-Contraction,0.0,577.6955757298394,30,24,0.5009523809523809
15,Bottleneck,No-Contraction,0.0,987.2167514566498,50,41,0.5005714285714286
15,Bottleneck,No-Contraction,0.0,730.7985256848293,38,32,0.5213032581453634
15,Bottleneck,No-Contraction,0.0,925.8885018896375,47,42,0.6346504559270517
15,Bottleneck,No-Contraction,0.0,872.0270237435514,44,35,0.5852813852813853
15,Bottleneck,No-Contraction,0.0,707.0790413142256,36,15,0.701058201058201
15,Bottleneck,No-Contraction,0.0,1469.8412605472827,73,58,0.8396607958251794
15,Bottleneck,No-Contraction,0.0,1250.182096640052,63,43,0.6820861678004536
15,Bottleneck,No-Contraction,0.0,1158.019974207508,58,32,0.7957307060755336
15,Bottleneck,No-Contraction,0.0,699.397023225438,36,24,0.8317460317460318
15,Bottleneck,No-Contraction,0.0,1101.2585834825557,55,32,0.6999134199134199
15,Bottleneck,No-Contraction,0.0,1407.5342264956635,70,66,0.5710204081632653
15,Bottleneck,No-Contraction,0.0,1252.2947962413082,63,49,0.6462585034013606
15,Bottleneck,No-Contraction,0.0,1080.4120715529386,54,45,0.7425044091710759
15,Bottleneck,No-Contraction,0.0,1032.1024340715824,52,32,0.7113553113553114
15,Bottleneck,No-Contraction,0.0,863.702852771842,44,22,0.6331168831168831
15,Bottleneck,No-Contraction,0.0,1173.4062736361893,59,53,0.6861985472154964
15,Bottleneck,No-Contraction,0.0,1493.7003007121943,74,59,0.7248391248391248
15,Bottleneck,No-Contraction,0.0,1080.742110327739,54,29,0.709700176366843
15,Bottleneck,No-Contraction,0.0,756.5792274335721,39,35,0.5763125763125763
15,Bottleneck,No-Contraction,0.0,1724.6969317999383,85,78,0.6084033613445379
15,Bottleneck,No-Contraction,0.0,968.9807859475129,49,40,0.540913508260447
15,Bottleneck,No-Contraction,0.0,1437.4442871383837,72,58,0.6566137566137566
15,Bottleneck,No-Contraction,0.0,1319.6333045493918,66,35,0.708946608946609
15,Bottleneck,No-Contraction,0.0,767.6198531246785,39,17,0.8012210012210012
15,Bottleneck,No-Contraction,0.0,1585.0487365564022,79,41,0.7767329716696805
15,Bottleneck,No-Contraction,0.0,1435.6073505368868,71,63,0.5986586183769282
15,Bottleneck,No-Contraction,0.0,1645.1523935895511,81,57,0.7102880658436214
15,Bottleneck,No-Contraction,0.0,1014.113594259284,51,38,0.4860877684407096
15,Bottleneck,No-Contraction,0.0,1073.3750326267686,54,50,0.4901234567901234
15,Bottleneck,No-Contraction,0.0,1602.062227192784,79,54,0.740084388185654
15,Bottleneck,No-Contraction,0.0,1207.8730767696736,60,56,0.5755555555555555
15,Bottleneck,No-Contraction,0.0,1464.1896638497406,73,68,0.4677103718199609
15,Bottleneck,No-Contraction,0.0,1651.151240957095,82,74,0.6092915214866435
15,Bottleneck,No-Contraction,0.0,951.5853103326565,48,43,0.46249999999999997
15,Bottleneck,No-Contraction,0.0,1434.919286611897,71,63,0.4617035546613011
15,Bottleneck,No-Contraction,0.0,1003.6923967595677,51,42,0.6016806722689075
15,Bottleneck,No-Contraction,0.0,960.7408173146637,49,33,0.7232264334305151
15,Bottleneck,No-Contraction,0.0,1427.024929032035,71,38,0.740710932260228
15,Bottleneck,No-Contraction,0.0,1298.221360879373,65,49,0.661978021978022
15,Bottleneck,No-Contraction,0.0,1149.4391046778408,58,48,0.47405582922824296
15,Bottleneck,No-Contraction,0.0,1142.7120945918095,57,51,0.5005847953216375
15,Bottleneck,No-Contraction,0.0,1009.8176317259043,51,29,0.7658263305322128
15,Bottleneck,No-Contraction,0.0,1051.184491213143,53,41,0.6697214734950584
15,Bottleneck,No-Contraction,0.0,1299.6109521234644,65,45,0.5614652014652014
15,Bottleneck,No-Contraction,0.0,1298.0678145445872,65,58,0.4898168498168498
15,Bottleneck,No-Contraction,0.0,1143.8037046946754,57,53,0.7141186299081036
15,Bottleneck,No-Contraction,0.0,978.403993652019,49,38,0.7551020408163265
15,Bottleneck,No-Contraction,0.0,1174.0698091624813,59,35,0.7294592413236481
15,Bottleneck,No-Contraction,0.0,1696.5213249798155,84,42,0.676984126984127
15,Bottleneck,No-Contraction,0.0,1201.5280825991852,60,35,0.7473015873015872
15,Bottleneck,No-Contraction,0.0,788.3171306864526,40,32,0.6595238095238095
15,Bottleneck,No-Contraction,0.0,1229.2848128631492,62,57,0.4316436251920123
15,Bottleneck,No-Contraction,0.0,1107.1552799997219,56,51,0.5431972789115647
15,Bottleneck,No-Contraction,0.0,1158.0818349882163,58,28,0.789983579638752
15,Bottleneck,No-Contraction,0.0,1912.5979286215445,94,84,0.5522796352583587
15,Bottleneck,No-Contraction,0.0,1143.4888022690905,57,46,0.6875522138680034
15,Bottleneck,No-Contraction,0.0,767.3459037542196,39,31,0.7162393162393162
15,Bottleneck,No-Contraction,0.0,1144.7607092943008,57,54,0.3871345029239766
15,Bottleneck,No-Contraction,0.0,1122.3271074433428,56,38,0.6659863945578232
15,Bottleneck,No-Contraction,0.0,1061.3453505365626,53,47,0.48427672955974843
15,Bottleneck,No-Contraction,0.0,1607.65956646084,80,42,0.7976190476190477
15,Bottleneck,No-Contraction,0.0,1067.80316241832,54,47,0.7111111111111111
15,Bottleneck,No-Contraction,0.0,737.7988398012853,38,34,0.35538847117794486
15,Bottleneck,No-Contraction,0.0,971.1374178027406,49,35,0.4746355685131195
15,Bottleneck,No-Contraction,0.0,1291.7550582275255,65,61,0.5063736263736265
15,Bottleneck,No-Contraction,0.0,1277.0665817209374,64,55,0.4363095238095238
15,Bottleneck,No-Contraction,0.0,951.2625523201733,48,40,0.5581349206349207
15,Bottleneck,No-Contraction,0.0,2117.618962198865,104,94,0.5108058608058609
15,Bottleneck,No-Contraction,0.0,593.1529933017142,31,27,0.4328725038402458
15,Bottleneck,No-Contraction,0.0,921.2993314939994,47,32,0.550354609929078
15,Bottleneck,No-Contraction,0.0,2064.3190920396496,102,75,0.5776844070961719
15,Bottleneck,No-Contraction,0.0,880.2078824650522,45,41,0.7085714285714286
15,Bottleneck,No-Contraction,0.0,1423.5975108198486,71,61,0.4918846411804158
15,Bottleneck,No-Contraction,0.0,1688.093197902084,84,78,0.3513605442176871
15,Bottleneck,No-Contraction,0.0,1396.5093016617834,70,59,0.6356462585034013
15,Bottleneck,No-Contraction,0.0,1390.0967447443152,69,59,0.4766045548654244
15,Bottleneck,No-Contraction,0.0,958.4900811221366,49,44,0.5245869776482022
15,Bottleneck,No-Contraction,0.0,1223.611501900176,61,45,0.6624512099921936
15,Bottleneck,No-Contraction,0.0,1235.017104420778,62,45,0.7195084485407066
15,Bottleneck,No-Contraction,0.0,976.0482383714296,49,44,0.41438289601554906
15,Bottleneck,No-Contraction,0.0,918.5258629701233,47,43,0.7236068895643365
15,Bottleneck,No-Contraction,0.0,712.5184660501905,37,33,0.390990990990991
15,Bottleneck,No-Contraction,0.0,1365.9681601580107,68,42,0.7512605042016807
15,Bottleneck,No-Contraction,0.0,1297.5299074568165,65,48,0.6036630036630037
15,Bottleneck,No-Contraction,0.0,1508.9751382841293,75,54,0.6144761904761905
15,Bottleneck,No-Contraction,0.0,859.8305935690547,44,20,0.7298701298701299
15,Bottleneck,No-Contraction,0.0,1421.5085447658332,71,47,0.6270959087860497
15,Bottleneck,No-Contraction,0.0,1299.8579495699298,65,59,0.5081318681318682
15,Bottleneck,No-Contraction,0.0,739.0881161606712,38,34,0.35989974937343355
15,Bottleneck,No-Contraction,0.0,820.7088529253933,42,34,0.5145124716553288
15,Bottleneck,No-Contraction,0.0,1927.7490207450135,95,58,0.7472681704260651
15,Bottleneck,No-Contraction,0.0,668.4481920325425,35,27,0.654421768707483
15,Bottleneck,No-Contraction,0.0,1682.067514063433,83,55,0.6281124497991968
15,Bottleneck,No-Contraction,0.0,1677.1012140274179,83,55,0.5861158921399885
15,Bottleneck,No-Contraction,0.0,1536.1643041423954,76,64,0.5651629072681704
15,Bottleneck,No-Contraction,0.0,909.6335779117086,46,33,0.6600414078674948
15,Bottleneck,No-Contraction,0.0,899.1669074216757,46,41,0.4714285714285715
15,Bottleneck,No-Contraction,0.0,1252.459293962396,63,42,0.5392290249433107
15,Bottleneck,No-Contraction,0.0,920.0102659430943,47,32,0.6851063829787235
15,Bottleneck,No-Contraction,0.0,586.9288889451586,31,18,0.6522273425499232
15,Bottleneck,No-Contraction,0.0,791.1553918550118,40,37,0.41690476190476194
15,Bottleneck,No-Contraction,0.0,708.6587467963827,37,32,0.45842985842985845
15,Bottleneck,No-Contraction,0.0,923.8305012779829,47,28,0.5584599797365755
15,Bottleneck,No-Contraction,0.0,1469.617837200337,73,61,0.47227658186562294
15,Bottleneck,No-Contraction,0.0,1011.8560250582578,51,42,0.4459383753501401
15,Bottleneck,No-Contraction,0.0,1111.3517916359424,56,43,0.6120748299319728
15,Bottleneck,No-Contraction,0.0,1092.8481375660842,55,39,0.5811255411255412
15,Bottleneck,No-Contraction,0.0,1601.661855911067,79,71,0.6138637733574442
15,Bottleneck,No-Contraction,0.0,1145.103454748569,57,27,0.7273182957393484
15,Bottleneck,No-Contraction,0.0,769.8123254549533,39,35,0.47570207570207573
15,Bottleneck,No-Contraction,0.0,921.4322837901146,47,40,0.44235055724417427
15,Bottleneck,No-Contraction,0.0,1423.5868473637045,71,56,0.6348759221998659
15,Bottleneck,No-Contraction,0.0,645.6398196038322,33,28,0.49148629148629147
15,Bottleneck,No-Contraction,0.0,1034.6572628180038,52,46,0.3858974358974359
15,Bottleneck,No-Contraction,0.0,1152.6466871845,58,51,0.6955665024630542
15,Bottleneck,No-Contraction,0.0,579.7892942937164,30,27,0.41714285714285715
15,Bottleneck,No-Contraction,0.0,1351.4577922464598,67,55,0.3842217484008529
15,Bottleneck,No-Contraction,0.0,1094.5774726741993,55,46,0.6377489177489177
15,Bottleneck,No-Contraction,0.0,952.5870445374889,48,42,0.5196428571428572
15,Bottleneck,No-Contraction,0.0,1156.0525271885706,58,23,0.825944170771757
15,Bottleneck,No-Contraction,0.0,1253.4634234676212,63,56,0.47876039304610735
15,Bottleneck,No-Contraction,0.0,1773.422376276219,88,51,0.6827922077922077
15,Bottleneck,No-Contraction,0.0,753.8971689127382,39,35,0.49890109890109896
15,Bottleneck,No-Contraction,0.0,958.0975374055049,48,42,0.5873015873015873
15,Bottleneck,No-Contraction,0.0,948.877076071225,48,29,0.7400793650793651
15,Bottleneck,No-Contraction,0.0,649.2131133075114,34,26,0.44313725490196076
15,Bottleneck,No-Contraction,0.0,1265.5180472038282,63,56,0.42766439909297055
15,Bottleneck,No-Contraction,0.0,1590.9546046723683,79,64,0.4758288125376733
15,Bottleneck,No-Contraction,0.0,624.9820399031838,33,29,0.4741702741702742
15,Bottleneck,No-Contraction,0.0,748.5934902452915,38,25,0.5664160401002507
15,Bottleneck,No-Contraction,0.0,934.8061441956781,47,23,0.7390070921985816
15,Bottleneck,No-Contraction,0.0,781.7154122803815,40,36,0.42714285714285716
15,Bottleneck,No-Contraction,0.0,757.5797525980644,39,29,0.6813186813186813
15,Bottleneck,No-Contraction,0.0,1252.8831706815984,63,41,0.7034013605442178
15,Bottleneck,No-Contraction,0.0,1223.3578604192924,61,49,0.600312256049961
15,Bottleneck,No-Contraction,0.0,991.9041028473084,50,22,0.8038095238095238
15,Bottleneck,No-Contraction,0.0,1397.571274565183,70,51,0.7760544217687074
15,Bottleneck,No-Contraction,0.0,694.7477606532038,36,30,0.5751322751322752
15,Bottleneck,No-Contraction,0.0,1965.6307090664486,97,56,0.6184585174275896
15,Bottleneck,No-Contraction,0.0,1110.2837351527555,56,46,0.48520408163265305
15,Bottleneck,No-Contraction,0.0,859.9542293444247,44,34,0.6138528138528139
15,Bottleneck,No-Contraction,0.0,1551.7552262688434,77,43,0.7377860235003092
15,Bottleneck,No-Contraction,0.0,891.2730420485888,45,41,0.5104761904761905
15,Bottleneck,No-Contraction,0.0,1829.0117337469533,90,61,0.6027513227513227
15,Bottleneck,No-Contraction,0.0,1605.2177144666348,80,56,0.44678571428571423
15,Bottleneck,No-Contraction,0.0,1014.0805327580143,51,42,0.6295051353874884
15,Bottleneck,No-Contraction,0.0,1006.4113721651419,51,36,0.8634920634920635
15,Bottleneck,No-Contraction,0.0,1154.427945321673,58,53,0.6668308702791461
15,Bottleneck,No-Contraction,0.0,671.3195191334734,35,22,0.654421768707483
15,Bottleneck,No-Contraction,0.0,837.4789616810972,43,31,0.6383167220376523
15,Bottleneck,No-Contraction,0.0,981.0133390639226,50,42,0.536
15,Bottleneck,No-Contraction,0.0,857.3573315084287,44,33,0.7160173160173161
15,Bottleneck,No-Contraction,0.0,1147.5437981027612,58,45,0.6812807881773398
15,Bottleneck,No-Contraction,0.0,736.3880124212802,38,27,0.5340852130325814
15,Bottleneck,No-Contraction,0.0,1426.2593872517039,71,45,0.6073775989268947
15,Bottleneck,No-Contraction,0.0,923.7411628759507,47,41,0.6571428571428571
15,Bottleneck,No-Contraction,0.0,858.212459057899,44,40,0.5467532467532468
15,Bottleneck,No-Contraction,0.0,1667.50974358134,83,48,0.8372920252438325
15,Bottleneck,No-Contraction,0.0,1224.0429512229814,61,53,0.5236533957845433
15,Bottleneck,No-Contraction,0.0,1290.8893652483507,64,53,0.5616071428571429
15,Bottleneck,No-Contraction,0.0,1056.8934233553662,53,44,0.5371069182389937
15,Bottleneck,No-Contraction,0.0,1421.0437954474153,71,50,0.621193829644534
15,Bottleneck,No-Contraction,0.0,1238.6539749991439,62,43,0.6397849462365591
15,Bottleneck,No-Contraction,0.0,2102.404806258718,103,62,0.8554785020804438
15,Bottleneck,No-Contraction,0.0,1366.1622615666822,68,46,0.5820728291316527
15,Bottleneck,No-Contraction,0.0,755.5507254368256,39,21,0.8041514041514041
15,Bottleneck,No-Contraction,0.0,957.1802096231421,48,19,0.9138888888888889
15,Bottleneck,No-Contraction,0.0,1306.2948130481316,65,44,0.8235897435897436
15,Bottleneck,No-Contraction,0.0,1151.0533595828401,58,34,0.6610837438423645
15,Bottleneck,No-Contraction,0.0,849.4963182829567,43,39,0.6194905869324474
15,Bottleneck,No-Contraction,0.0,785.0359985280742,40,32,0.4211904761904762
15,Bottleneck,No-Contraction,0.0,627.261173801933,33,28,0.5238095238095237
15,Bottleneck,No-Contraction,0.0,1367.8058762302817,68,62,0.5029411764705882
15,Bottleneck,No-Contraction,0.0,1316.000467326792,66,32,0.7401154401154402
15,Bottleneck,No-Contraction,0.0,740.3499008915655,38,26,0.6456140350877193
15,Bottleneck,No-Contraction,0.0,960.7392794896751,49,41,0.5284742468415938
15,Bottleneck,No-Contraction,0.0,960.3897999693561,49,33,0.7094266277939747
15,Bottleneck,No-Contraction,0.0,1169.2007603934162,59,50,0.5107344632768361
15,Bottleneck,No-Contraction,0.0,997.5795212249419,50,45,0.4015238095238095
15,Bottleneck,No-Contraction,0.0,529.8753561576985,28,15,0.7425170068027211
15,Bottleneck,No-Contraction,0.0,888.5385822940037,45,38,0.5403174603174603
15,Bottleneck,No-Contraction,0.0,904.60505332092,46,37,0.638095238095238
15,Bottleneck,No-Contraction,0.0,1030.5394527955298,52,47,0.7375457875457876
15,Bottleneck,No-Contraction,0.0,671.3865831379989,35,27,0.7902040816326531
15,Bottleneck,No-Contraction,0.0,709.7712941273641,37,33,0.45302445302445304
15,Bottleneck,No-Contraction,0.0,963.6042592858165,49,43,0.6196307094266278
15,Bottleneck,No-Contraction,0.0,1384.5405460381178,69,55,0.8503795721187025
15,Bottleneck,No-Contraction,0.0,590.4244645246997,31,24,0.6368663594470046
15,Bottleneck,No-Contraction,0.0,1054.306353053557,53,25,0.8407906558849956
15,Bottleneck,No-Contraction,0.0,692.0700829343803,36,17,0.7523809523809524
15,Bottleneck,No-Contraction,0.0,966.2085986065784,49,42,0.724198250728863
15,Bottleneck,No-Contraction,0.0,1286.3331356964,64,59,0.6516369047619047
15,Bottleneck,No-Contraction,0.0,913.444742044371,46,41,0.644927536231884
15,Bottleneck,No-Contraction,0.0,1072.2310000506516,54,44,0.6825396825396824
15,Bottleneck,No-Contraction,0.0,850.8052598066342,43,35,0.4017718715393134
15,Bottleneck,No-Contraction,0.0,1007.9692326025054,51,28,0.742296918767507
15,Bottleneck,No-Contraction,0.0,1360.828537468569,68,42,0.776470588235294
15,Bottleneck,No-Contraction,0.0,1263.02428763572,63,54,0.5321239606953893
15,Bottleneck,No-Contraction,0.0,1037.479049239583,52,41,0.5214285714285715
15,Bottleneck,No-Contraction,0.0,904.5381636785315,46,37,0.46252587991718425
15,Bottleneck,No-Contraction,0.0,1189.167756946265,60,46,0.5834920634920635
15,Bottleneck,No-Contraction,0.0,1370.5817799428494,68,38,0.7011204481792718
15,Bottleneck,No-Contraction,0.0,620.0285433728061,32,22,0.5866071428571429
15,Bottleneck,No-Contraction,0.0,737.9053996230876,38,21,0.6987468671679199
15,Bottleneck,No-Contraction,0.0,709.3389495634228,37,31,0.39459459459459456
15,Bottleneck,No-Contraction,0.0,1081.0612174412552,54,49,0.48730158730158735
15,Bottleneck,No-Contraction,0.0,1035.3736546636342,52,47,0.36336996336996336
15,Bottleneck,No-Contraction,0.0,1122.7214229547753,56,47,0.42874149659863947
15,Bottleneck,No-Contraction,0.0,1000.0216145134716,51,46,0.5169000933706815
15,Bottleneck,No-Contraction,0.0,1132.114638572808,57,50,0.4070175438596491
15,Bottleneck,No-Contraction,0.0,1424.4906889969857,71,50,0.8321931589537224
15,Bottleneck,No-Contraction,0.0,932.920697055565,47,38,0.4984802431610942
15,Bottleneck,No-Contraction,0.0,664.7460469415561,34,19,0.7532212885154062
15,Bottleneck,No-Contraction,0.0,1070.3253751409964,54,35,0.8322751322751323
15,Bottleneck,No-Contraction,0.0,818.8343617334439,42,37,0.4961451247165533
15,Bottleneck,No-Contraction,0.0,801.3568083670132,41,36,0.5902439024390244
15,Bottleneck,No-Contraction,0.0,476.3058764301008,25,20,0.5436190476190476
15,Bottleneck,No-Contraction,0.0,709.3746072807062,37,33,0.5217503217503218
15,Bottleneck,No-Contraction,0.0,849.9527853722113,43,30,0.8516057585825028
15,Bottleneck,No-Contraction,0.0,1121.8671123462143,56,51,0.4404761904761905
15,Bottleneck,No-Contraction,0.0,601.983932985763,31,21,0.6915514592933947
15,Bottleneck,No-Contraction,0.0,557.2858862948143,29,17,0.6978653530377668
15,Bottleneck,No-Contraction,0.0,884.3255417136462,45,41,0.4408465608465609
15,Bottleneck,No-Contraction,0.0,1244.628556906235,62,59,0.5047619047619047
15,Bottleneck,No-Contraction,0.0,1624.717773257948,80,47,0.8213095238095238
15,Bottleneck,No-Contraction,0.0,893.1604368664042,45,38,0.7153439153439153
15,Bottleneck,No-Contraction,0.0,1061.303146876735,53,37,0.5881401617250673
15,Bottleneck,No-Contraction,0.0,682.3585909443112,35,25,0.5638095238095239
15,Bottleneck,No-Contraction,0.0,1192.3772911716405,60,54,0.5546031746031747
15,Bottleneck,No-Contraction,0.0,1768.43094596073,87,72,0.6225506294471812
15,Bottleneck,No-Contraction,0.0,1533.9486660963673,76,52,0.8333333333333334
15,Bottleneck,No-Contraction,0.0,666.4248714274861,34,16,0.8008403361344537
15,Bottleneck,No-Contraction,0.0,1104.929054393151,56,32,0.7030612244897959
15,Bottleneck,No-Contraction,0.0,1471.0406793018076,73,53,0.6495759947814742
15,Bottleneck,No-Contraction,0.0,905.3734626127894,46,36,0.7062111801242237
15,Bottleneck,No-Contraction,0.0,1169.4618731662845,59,34,0.7996771589991929
15,Bottleneck,No-Contraction,0.0,716.8401619495119,37,30,0.624967824967825
15,Bottleneck,No-Contraction,0.0,1454.627153964,72,61,0.4810846560846561
15,Bottleneck,No-Contraction,0.0,933.9288083673681,47,29,0.7055724417426545
15,Bottleneck,No-Contraction,0.0,699.9362579597959,36,31,0.6277777777777778
15,Bottleneck,No-Contraction,0.0,1613.6980084617737,80,38,0.8176190476190476
15,Bottleneck,No-Contraction,0.0,754.6114456856004,39,32,0.7992673992673992
15,Bottleneck,No-Contraction,0.0,1355.184696965928,68,55,0.6329131652661064
15,Bottleneck,No-Contraction,0.0,1199.8547315752703,60,53,0.4212698412698413
15,Bottleneck,No-Contraction,0.0,612.9537045878742,32,24,0.6866071428571429
15,Bottleneck,No-Contraction,0.0,1023.190138147935,52,46,0.3703296703296703
15,Bottleneck,No-Contraction,0.0,884.6821151932736,45,37,0.7155555555555556
15,Bottleneck,No-Contraction,0.0,1090.745971927818,55,35,0.6386147186147186
15,Bottleneck,No-Contraction,0.0,1050.076830652296,53,47,0.6779874213836478
15,Bottleneck,No-Contraction,0.0,1060.935798050527,53,45,0.6884097035040432
15,Bottleneck,No-Contraction,0.0,473.77250721310645,25,19,0.6022857142857143
15,Bottleneck,No-Contraction,0.0,1079.6219885109003,54,48,0.5299823633156967
15,Bottleneck,No-Contraction,0.0,680.8842969912641,35,26,0.5450340136054421
15,Bottleneck,No-Contraction,0.0,1215.3526561034478,61,49,0.668696330991413
15,Bottleneck,No-Contraction,0.0,1171.6164905144115,59,48,0.3903147699757869
15,Bottleneck,No-Contraction,0.0,1012.6255007990002,51,31,0.7564892623716153
15,Bottleneck,No-Contraction,0.0,1304.1572952460745,65,42,0.7292307692307692
15,Bottleneck,No-Contraction,0.0,1017.4731988624422,51,42,0.5790849673202614
15,Bottleneck,No-Contraction,0.0,968.8737564350057,49,41,0.6036929057337221
15,Bottleneck,No-Contraction,0.0,1265.8948791534483,63,58,0.5653817082388511
15,Bottleneck,No-Contraction,0.0,1584.0254423058184,79,71,0.4590717299578059
15,Bottleneck,No-Contraction,0.0,949.54755861059,48,39,0.602579365079365
15,Bottleneck,No-Contraction,0.0,1492.9920499511804,74,62,0.7294723294723294
15,Bottleneck,No-Contraction,0.0,1379.5894915723939,69,49,0.6474810213940649
15,Bottleneck,No-Contraction,0.0,848.6909770884838,43,27,0.7140642303433001
15,Bottleneck,No-Contraction,0.0,681.8550763318108,35,31,0.7093877551020409
15,Bottleneck,No-Contraction,0.0,698.40042337366,36,24,0.5378306878306878
15,Bottleneck,No-Contraction,0.0,728.3305654148866,37,28,0.5611325611325612
15,Bottleneck,No-Contraction,0.0,1527.154582465427,76,65,0.5010025062656641
15,Bottleneck,No-Contraction,0.0,562.3916038470173,29,24,0.4288998357963875
15,Bottleneck,No-Contraction,0.0,778.545068803691,40,33,0.6671428571428571
15,Bottleneck,No-Contraction,0.0,1423.7248479048146,71,63,0.7334674714956405
15,Bottleneck,No-Contraction,0.0,990.4939867956266,50,40,0.7697142857142858
15,Bottleneck,No-Contraction,0.0,1157.5858220931505,58,46,0.6825944170771756
15,Bottleneck,No-Contraction,0.0,1196.5351464909058,60,56,0.4447619047619048
15,Bottleneck,No-Contraction,0.0,1051.5888270461428,53,44,0.5689128481581311
15,Bottleneck,No-Contraction,0.0,1318.8097945539669,66,58,0.573881673881674
15,Bottleneck,No-Contraction,0.0,448.84546242752754,24,18,0.6063492063492063
15,Bottleneck,No-Contraction,0.0,1268.1224337970648,63,52,0.382161753590325
15,Bottleneck,No-Contraction,0.0,944.6022721385767,48,37,0.508531746031746
15,Bottleneck,No-Contraction,0.0,442.35973263146667,24,18,0.5055555555555555
15,Bottleneck,No-Contraction,0.0,678.690834744922,35,27,0.5863945578231293
15,Bottleneck,No-Contraction,0.0,381.956680396844,21,16,0.616326530612245
15,Bottleneck,No-Contraction,0.0,880.8212071806677,45,38,0.5955555555555556
15,Bottleneck,No-Contraction,0.0,1000.2876479905264,51,41,0.40336134453781514
15,Bottleneck,No-Contraction,0.0,1364.1864849394076,68,46,0.5980392156862745
15,Bottleneck,No-Contraction,0.0,854.218216845888,44,21,0.7515151515151516
15,Bottleneck,No-Contraction,0.0,835.7810389237717,43,24,0.7455149501661129
15,Bottleneck,No-Contraction,0.0,820.335595111702,42,32,0.6668934240362812
15,Bottleneck,No-Contraction,0.0,462.5931758437813,25,15,0.6335238095238096
15,Bottleneck,No-Contraction,0.0,401.5962482492512,22,15,0.5891774891774891
15,Bottleneck,No-Contraction,0.0,1636.081364349681,81,33,0.9107583774250441
15,Bottleneck,No-Contraction,0.0,1229.5134784994223,62,46,0.5442396313364055
15,Bottleneck,No-Contraction,0.0,942.536804747364,48,44,0.7436507936507937
15,Bottleneck,No-Contraction,0.0,892.1507040165604,45,27,0.7665608465608466
15,Bottleneck,No-Contraction,0.0,1091.9683366109832,55,42,0.6516017316017315
15,Bottleneck,No-Contraction,0.0,588.2629737989986,31,23,0.566820276497696
15,Bottleneck,No-Contraction,0.0,725.3541582043789,37,28,0.5510939510939511
15,Bottleneck,No-Contraction,0.0,1544.3778073202946,77,59,0.7693259121830551
15,Bottleneck,No-Contraction,0.0,926.0348005301666,47,32,0.5260385005065856
15,Bottleneck,No-Contraction,0.0,912.1660971182654,46,36,0.45072463768115945
15,Bottleneck,No-Contraction,0.0,1378.7720623564107,69,29,0.7758454106280193
15,Bottleneck,No-Contraction,0.0,1402.0632298868238,70,45,0.7063945578231293
15,Bottleneck,No-Contraction,0.0,1090.2878164327628,55,50,0.44952380952380955
15,Bottleneck,No-Contraction,0.0,1161.6421137844661,58,42,0.5924466338259442
15,Bottleneck,No-Contraction,0.0,1468.4970048501057,73,69,0.6139595564253099
15,Bottleneck,No-Contraction,0.0,1457.9849957476151,72,54,0.6142857142857143
15,Bottleneck,No-Contraction,0.0,637.1884790216283,33,29,0.5252525252525252
15,Bottleneck,No-Contraction,0.0,1399.9201507526675,70,40,0.6023129251700681
15,Bottleneck,No-Contraction,0.0,1259.721438271208,63,51,0.6952380952380952
15,Bottleneck,No-Contraction,0.0,604.3937170430682,32,23,0.6449404761904762
15,Bottleneck,No-Contraction,0.0,1645.6637017693877,82,62,0.6887340301974448
15,Bottleneck,No-Contraction,0.0,1020.0758678740145,51,44,0.572922502334267
15,Bottleneck,No-Contraction,0.0,1157.5522239461932,58,49,0.59376026272578
15,Bottleneck,No-Contraction,0.0,1221.3552054362797,61,8,0.9350507416081186
15,Bottleneck,No-Contraction,0.0,1020.1149087081761,51,41,0.480859010270775
15,Bottleneck,No-Contraction,0.0,1390.8648042986367,69,56,0.6266390614216701
15,Bottleneck,No-Contraction,0.0,853.5751014937257,43,39,0.43255813953488376
15,Bottleneck,No-Contraction,0.0,906.0360636563868,46,39,0.570807453416149
15,Bottleneck,No-Contraction,0.0,867.640783539824,44,12,0.7982683982683983
15,Bottleneck,No-Contraction,0.0,576.3314792567136,30,25,0.5644444444444444
15,Bottleneck,No-Contraction,0.0,1451.0325511605456,72,53,0.7125661375661375
15,Bottleneck,No-Contraction,0.0,1545.6562068822473,77,40,0.7504019789734075
15,Bottleneck,No-Contraction,0.0,564.8002011672945,30,25,0.5149206349206349
15,Bottleneck,No-Contraction,0.0,1167.8576209734633,59,52,0.5925746569814366
15,Bottleneck,No-Contraction,0.0,533.8886758950748,28,24,0.7030612244897959
15,Bottleneck,No-Contraction,0.0,1006.0622726486987,51,41,0.8485527544351075
15,Bottleneck,No-Contraction,0.0,1008.7154110240392,51,46,0.5023342670401494
15,Bottleneck,No-Contraction,0.0,866.1505374714542,44,36,0.4735930735930736
15,Bottleneck,No-Contraction,0.0,1055.961034785937,53,46,0.7322551662174304
15,Bottleneck,No-Contraction,0.0,1105.4973562965495,56,40,0.6462585034013605
15,Bottleneck,No-Contraction,0.0,837.2043892418031,43,38,0.5694352159468439
15,Bottleneck,No-Contraction,0.0,1082.1358733568243,54,47,0.6211640211640211
15,Bottleneck,No-Contraction,0.0,804.7098325492232,41,35,0.4629500580720093
15,Bottleneck,No-Contraction,0.0,859.1931492159456,44,20,0.8461038961038961
15,Bottleneck,No-Contraction,0.0,1082.3546716021358,54,50,0.4883597883597883
15,Bottleneck,No-Contraction,0.0,594.6227712387152,31,26,0.8522273425499233
15,Bottleneck,No-Contraction,0.0,807.8404883185938,41,30,0.6067363530778165
15,Bottleneck,No-Contraction,0.0,692.3948358467746,36,30,0.6439153439153439
15,Bottleneck,No-Contraction,0.0,530.5237206747837,28,20,0.7248299319727891
15,Bottleneck,No-Contraction,0.0,1080.183541120158,54,12,0.873015873015873
15,Bottleneck,No-Contraction,0.0,784.9243499518719,40,27,0.7426190476190476
15,Bottleneck,No-Contraction,0.0,754.366581366441,39,19,0.7352869352869353
15,Bottleneck,No-Contraction,0.0,978.6015060155827,49,39,0.5972789115646259
15,Bottleneck,No-Contraction,0.0,1396.9210812864455,70,42,0.6370068027210884
15,Bottleneck,No-Contraction,0.0,1008.3806897337447,51,16,0.8407096171802053
15,Bottleneck,No-Contraction,0.0,831.674841244825,42,30,0.6664399092970521
15,Bottleneck,No-Contraction,0.0,575.5284698529948,30,23,0.7301587301587301
15,Bottleneck,No-Contraction,0.0,777.0180023874318,40,29,0.6045238095238095
15,Bottleneck,No-Contraction,0.0,621.8352794089973,32,27,0.5508928571428571
15,Bottleneck,No-Contraction,0.0,1274.6772057330818,64,51,0.6757440476190476
15,Bottleneck,No-Contraction,0.0,1342.8622483397828,67,58,0.4993603411513859
15,Bottleneck,No-Contraction,0.0,1503.6831636715951,75,39,0.8911746031746032
15,Bottleneck,No-Contraction,0.0,552.0810536627922,29,20,0.6095238095238096
15,Bottleneck,No-Contraction,0.0,790.3079487594856,40,35,0.5695238095238095
15,Bottleneck,No-Contraction,0.0,1505.0963172476315,75,34,0.8681904761904762
15,Bottleneck,No-Contraction,0.0,878.0764445413232,45,16,0.8273015873015873
15,Bottleneck,No-Contraction,0.0,731.4430672472042,38,22,0.7644110275689223
15,Bottleneck,No-Contraction,0.0,1403.8030428044517,70,38,0.8
15,Bottleneck,No-Contraction,0.0,1081.2191010743438,54,39,0.7285714285714285
15,Bottleneck,No-Contraction,0.0,1189.1475970829379,60,44,0.5896825396825397
15,Bottleneck,No-Contraction,0.0,849.267603942928,43,40,0.42746400885935765
15,Bottleneck,No-Contraction,0.0,954.2897897835263,48,25,0.8325396825396826
15,Bottleneck,No-Contraction,0.0,1163.3639648958504,58,46,0.4600985221674877
15,Bottleneck,No-Contraction,0.0,775.420831428786,40,18,0.8807142857142857
15,Bottleneck,No-Contraction,0.0,1025.3360544241589,52,48,0.3424908424908425
15,Bottleneck,No-Contraction,0.0,760.1884705434296,39,30,0.5807081807081808
15,Bottleneck,No-Contraction,0.0,481.6725393473229,26,19,0.5868131868131868
15,Bottleneck,No-Contraction,0.0,1344.2823575280684,67,34,0.632409381663113
15,Bottleneck,No-Contraction,0.0,883.8323032520212,45,39,0.5968253968253968
15,Bottleneck,No-Contraction,0.0,1182.1262545273437,59,36,0.8282485875706215
15,Bottleneck,No-Contraction,0.0,1151.555809775663,58,23,0.7545155993431855
15,Bottleneck,No-Contraction,0.0,1221.8720791053381,61,56,0.5597189695550352
15,Bottleneck,No-Contraction,0.0,1096.4346303383832,55,43,0.6981818181818181
15,Bottleneck,No-Contraction,0.0,1090.022783874561,55,42,0.5582683982683982
15,Bottleneck,No-Contraction,0.0,839.999196443744,43,39,0.5632336655592469
15,Bottleneck,No-Contraction,0.0,998.2484893121456,50,34,0.652952380952381
15,Bottleneck,No-Contraction,0.0,811.2611241052543,41,17,0.745644599303136
15,Bottleneck,No-Contraction,0.0,1242.8701238638712,62,40,0.8208909370199692
15,Bottleneck,No-Contraction,0.0,1290.863307612006,64,35,0.8244047619047619
15,Bottleneck,No-Contraction,0.0,1114.2182720670544,56,46,0.6384353741496599
15,Bottleneck,No-Contraction,0.0,563.2249706294159,30,24,0.5155555555555555
15,Bottleneck,No-Contraction,0.0,1328.3994332919137,66,60,0.42828282828282827
15,Bottleneck,No-Contraction,0.0,779.2799094269755,40,32,0.5145238095238096
15,Bottleneck,No-Contraction,0.0,530.0176699971806,28,24,0.6166666666666666
15,Bottleneck,No-Contraction,0.0,1479.0870446189406,74,40,0.7664092664092664
15,Bottleneck,No-Contraction,0.0,654.1615153924677,34,11,0.7988795518207282
15,Bottleneck,No-Contraction,0.0,1252.8270614146793,63,58,0.5304610733182161
15,Bottleneck,No-Contraction,0.0,1239.1419488848112,62,55,0.44331797235023046
15,Bottleneck,No-Contraction,0.0,726.8743329665178,37,34,0.6630630630630631
15,Bottleneck,No-Contraction,0.0,1288.4387629459638,64,34,0.7092261904761905
15,Bottleneck,No-Contraction,0.0,589.6914041737588,31,20,0.6494623655913978
15,Bottleneck,No-Contraction,0.0,827.5335216286616,42,31,0.42607709750566897
15,Bottleneck,No-Contraction,0.0,645.2071600155042,33,29,0.4484848484848485
15,Bottleneck,No-Contraction,0.0,564.3812597084915,30,19,0.6438095238095237
15,Bottleneck,No-Contraction,0.0,800.792707637935,41,21,0.7066202090592335
15,Bottleneck,No-Contraction,0.0,654.9066798748083,34,22,0.6789915966386555
15,Bottleneck,No-Contraction,0.0,575.859670811002,30,23,0.5422222222222222
15,Bottleneck,No-Contraction,0.0,1067.0562693976317,54,38,0.7109347442680777
15,Bottleneck,No-Contraction,0.0,876.927691821807,45,40,0.46793650793650793
15,Bottleneck,No-Contraction,0.0,1014.0268376183434,51,11,0.857329598506069
15,Bottleneck,No-Contraction,0.0,1459.2926418592874,73,55,0.6816699282452707
15,Bottleneck,No-Contraction,0.0,827.4522252516657,42,38,0.6229024943310657
15,Bottleneck,No-Contraction,0.0,738.13970392182,38,23,0.6907268170426065
15,Bottleneck,No-Contraction,0.0,740.7739309116746,38,30,0.6553884711779449
15,Bottleneck,No-Contraction,0.0,1395.3446442866991,69,39,0.8868184955141477
15,Bottleneck,No-Contraction,0.0,1160.2141108732967,58,43,0.5385878489326765
15,Bottleneck,No-Contraction,0.0,1456.6252338715349,72,68,0.6162698412698413
15,Bottleneck,No-Contraction,0.0,736.6548472299083,38,18,0.7218045112781956
15,Bottleneck,No-Contraction,0.0,1793.5258976585867,89,74,0.39978598180845376
15,Bottleneck,No-Contraction,0.0,1811.9552308596485,89,60,0.647833065810594
15,Bottleneck,No-Contraction,0.0,559.6353202414898,29,24,0.5201970443349754
15,Bottleneck,No-Contraction,0.0,1862.3233457497497,92,65,0.736438923395445
15,Bottleneck,No-Contraction,0.0,1619.3106058573092,80,60,0.7754761904761904
15,Bottleneck,No-Contraction,0.0,807.9076167236101,41,27,0.686411149825784
15,Bottleneck,No-Contraction,0.0,1195.559654148987,60,41,0.5876190476190477
15,Bottleneck,No-Contraction,0.0,1040.5979727564204,52,49,0.40476190476190477
15,Bottleneck,No-Contraction,0.0,1209.9987390677002,61,56,0.3912568306010929
15,Bottleneck,No-Contraction,0.0,1053.29466831965,53,47,0.4900269541778976
15,Bottleneck,No-Contraction,0.0,1112.9585101906732,56,50,0.48435374149659866
15,Bottleneck,No-Contraction,0.0,1573.2716241152339,78,40,0.64993894993895
15,Bottleneck,No-Contraction,0.0,1441.874946088221,72,59,0.6996031746031747
15,Bottleneck,No-Contraction,0.0,1721.9450507065042,85,68,0.5405042016806723
15,Bottleneck,No-Contraction,0.0,1626.00433606427,81,66,0.7440329218106996
15,Bottleneck,No-Contraction,0.0,710.9663051659443,37,31,0.5382239382239382
15,Bottleneck,No-Contraction,0.0,1201.5595660495496,60,56,0.496984126984127
15,Bottleneck,No-Contraction,0.0,1875.558456406063,93,70,0.7385560675883256
15,Bottleneck,No-Contraction,0.0,1885.0262623623303,93,69,0.5984639016897082
15,Bottleneck,No-Contraction,0.0,1520.5540542580125,75,67,0.4562539682539683
15,Bottleneck,No-Contraction,0.0,1610.956277209664,80,68,0.553452380952381
15,Bottleneck,No-Contraction,0.0,1161.3330895526976,58,54,0.34039408866995075
15,Bottleneck,No-Contraction,0.0,781.7598788523536,40,35,0.6173809523809524
15,Bottleneck,No-Contraction,0.0,2468.461210997082,121,87,0.7064935064935064
15,Bottleneck,No-Contraction,0.0,1800.307169687028,89,72,0.6606741573033708
15,Bottleneck,No-Contraction,0.0,1464.6490873720377,73,56,0.6954990215264188
15,Bottleneck,No-Contraction,0.0,597.8500895807219,31,15,0.7517665130568356
15,Bottleneck,No-Contraction,0.0,1812.8434359278883,90,63,0.6344973544973546
15,Bottleneck,No-Contraction,0.0,703.8646899162517,36,31,0.5878306878306878
15,Bottleneck,No-Contraction,0.0,1220.7688922702232,61,53,0.4508977361436378
15,Bottleneck,No-Contraction,0.0,1640.202170066179,81,63,0.6052910052910053
15,Bottleneck,No-Contraction,0.0,1347.226521564464,67,36,0.691684434968017
15,Bottleneck,No-Contraction,0.0,1640.2690801575004,81,61,0.6
15,Bottleneck,No-Contraction,0.0,640.5666619512858,33,29,0.4883116883116883
15,Bottleneck,No-Contraction,0.0,1341.1772422183685,67,55,0.6027007818052594
15,Bottleneck,No-Contraction,0.0,1341.5266349014344,67,47,0.8154939587775409
15,Bottleneck,No-Contraction,0.0,674.3412535577522,35,20,0.6824489795918367
15,Bottleneck,No-Contraction,0.0,841.8511115699813,43,39,0.3599114064230343
15,Bottleneck,No-Contraction,0.0,601.388767903943,31,26,0.5278033794162826
15,Bottleneck,No-Contraction,0.0,1046.7935448458486,53,43,0.647978436657682
15,Bottleneck,No-Contraction,0.0,1409.061699317071,70,51,0.5057142857142857
15,Bottleneck,No-Contraction,0.0,1653.6225578084402,82,48,0.7101045296167248
15,Bottleneck,No-Contraction,0.0,836.4740911672826,43,22,0.6323366555924695
15,Bottleneck,No-Contraction,0.0,945.026202713931,48,39,0.35873015873015873
15,Bottleneck,No-Contraction,0.0,1014.9365782803801,51,46,0.5499533146591971
15,Bottleneck,No-Contraction,0.0,622.1264097089183,32,29,0.5220238095238096
15,Bottleneck,No-Contraction,0.0,636.7813072352794,33,27,0.41500721500721505
15,Bottleneck,No-Contraction,0.0,1870.9595618871474,92,49,0.8013457556935818
15,Bottleneck,No-Contraction,0.0,694.0818143978179,36,24,0.5333333333333333
15,Bottleneck,No-Contraction,0.0,960.9254112464619,49,44,0.4382896015549077
15,Bottleneck,No-Contraction,0.0,1113.743026963021,56,50,0.5489795918367347
15,Bottleneck,No-Contraction,0.0,1527.2505315858382,76,69,0.5464912280701754
15,Bottleneck,No-Contraction,0.0,292.146241833874,17,11,0.6812324929971989
15,Bottleneck,No-Contraction,0.0,1287.6809484153505,64,49,0.4041666666666667
15,Bottleneck,No-Contraction,0.0,1371.3577317657657,68,60,0.43011204481792714
15,Bottleneck,No-Contraction,0.0,798.6230459946814,41,37,0.6692218350754936
15,Bottleneck,No-Contraction,0.0,1288.7482363105576,64,43,0.6535714285714286
15,Bottleneck,No-Contraction,0.0,644.459917456689,33,29,0.45916305916305916
15,Bottleneck,No-Contraction,0.0,1011.2979059845846,51,44,0.5525676937441644
15,Bottleneck,No-Contraction,0.0,1089.4870312112873,55,24,0.7904761904761904
15,Bottleneck,No-Contraction,0.0,614.4805551523698,32,23,0.5413690476190476
15,Bottleneck,No-Contraction,0.0,530.1849527185271,28,24,0.5401360544217687
15,Bottleneck,No-Contraction,0.0,1070.1827773162709,54,50,0.6544973544973545
15,Bottleneck,No-Contraction,0.0,710.3436608638276,37,31,0.6015444015444015
15,Bottleneck,No-Contraction,0.0,1362.6474732951976,68,22,0.8162464985994398
15,Bottleneck,No-Contraction,0.0,1173.9015182532232,59,51,0.6540758676351897
15,Bottleneck,No-Contraction,0.0,797.2328922299956,41,25,0.597444831591173
15,Bottleneck,No-Contraction,0.0,1156.5342517422548,58,53,0.4341543513957307
15,Bottleneck,No-Contraction,0.0,1073.6006109923005,54,46,0.4936507936507937
15,Bottleneck,No-Contraction,0.0,595.1471317364865,31,24,0.5447004608294931
15,Bottleneck,No-Contraction,0.0,635.157277780365,33,20,0.8683982683982684
15,Bottleneck,No-Contraction,0.0,1459.5329727224143,73,39,0.7857795172863666
15,Bottleneck,No-Contraction,0.0,896.8389663846636,46,9,0.9118012422360249
15,Bottleneck,No-Contraction,0.0,1367.4611267382436,68,43,0.5715686274509804
15,Bottleneck,No-Contraction,0.0,1167.4048778746246,59,51,0.5138014527845036
15,Bottleneck,No-Contraction,0.0,1909.7886340137682,94,63,0.5993920972644377
15,Bottleneck,No-Contraction,0.0,1409.7908493416705,70,62,0.5208163265306123
15,Bottleneck,No-Contraction,0.0,681.8017130060462,35,26,0.5828571428571429
15,Bottleneck,No-Contraction,0.0,1055.7697566397792,53,34,0.6600179694519317
15,Bottleneck,No-Contraction,0.0,809.5324203868903,41,33,0.464808362369338
15,Bottleneck,No-Contraction,0.0,1383.315526822046,69,59,0.47605244996549345
15,Bottleneck,No-Contraction,0.0,1211.4136771715807,61,40,0.7017954722872756
15,Bottleneck,No-Contraction,0.0,829.3135604274053,42,38,0.5204081632653061
15,Bottleneck,No-Contraction,0.0,1345.7083483532817,67,55,0.6086709310589907
15,Bottleneck,No-Contraction,0.0,1366.0768974079388,68,55,0.5866946778711485
15,Bottleneck,No-Contraction,0.0,1486.6880462707047,74,49,0.6734877734877734
15,Bottleneck,No-Contraction,0.0,1339.8745014423419,67,53,0.7830845771144279
15,Bottleneck,No-Contraction,0.0,636.4626660465984,33,17,0.7350649350649351
15,Bottleneck,No-Contraction,0.0,1220.0998699291367,61,52,0.6554254488680719
15,Bottleneck,No-Contraction,0.0,1698.7930212077715,84,54,0.7551020408163266
15,Bottleneck,No-Contraction,0.0,1558.3703491153058,77,65,0.6518243661100804
15,Bottleneck,No-Contraction,0.0,1581.7861701054667,78,65,0.6035409035409035
15,Bottleneck,No-Contraction,0.0,1553.935711169128,77,64,0.6128633271490415
15,Bottleneck,No-Contraction,0.0,1453.5983937452063,72,64,0.39986772486772487
15,Bottleneck,No-Contraction,0.0,551.2041706036014,29,18,0.7727422003284071
15,Bottleneck,No-Contraction,0.0,1849.455161180503,91,74,0.5998953427524856
15,Bottleneck,No-Contraction,0.0,1472.7357008756703,73,66,0.48662752772341816
15,Bottleneck,No-Contraction,0.0,1245.8928209324586,62,56,0.6552995391705069
15,Bottleneck,No-Contraction,0.0,1369.9223876504882,68,58,0.7557422969187675
15,Bottleneck,No-Contraction,0.0,1485.2311846595796,74,58,0.416988416988417
15,Bottleneck,No-Contraction,0.0,1099.7924741389043,55,52,0.4891774891774892
15,Bottleneck,No-Contraction,0.0,1414.1349255107511,70,52,0.5507482993197279
15,Bottleneck,No-Contraction,0.0,631.339669621344,33,29,0.3229437229437229
15,Bottleneck,No-Contraction,0.0,1371.5565360941139,68,47,0.5086834733893557
15,Bottleneck,No-Contraction,0.0,1157.2039267118876,58,52,0.6558292282430214
15,Bottleneck,No-Contraction,0.0,1017.7084524930034,51,46,0.503828197945845
15,Bottleneck,No-Contraction,0.0,557.5574558890527,29,24,0.4072249589490969
15,Bottleneck,No-Contraction,0.0,769.6022270620813,39,36,0.4957264957264957
15,Bottleneck,No-Contraction,0.0,845.6227544834006,43,38,0.512735326688815
15,Bottleneck,No-Contraction,0.0,1089.0680187800074,55,39,0.6909090909090909
15,Bottleneck,No-Contraction,0.0,1272.8400692588775,64,56,0.4232142857142857
15,Bottleneck,No-Contraction,0.0,629.1463980734479,33,29,0.604906204906205
15,Bottleneck,No-Contraction,0.0,1131.3028962639391,57,48,0.7055973266499581
15,Bottleneck,No-Contraction,0.0,919.7787808233023,47,41,0.587436676798379
15,Bottleneck,No-Contraction,0.0,702.5984166808214,36,30,0.4433862433862434
15,Bottleneck,No-Contraction,0.0,948.7095255693478,48,43,0.4849206349206349
15,Bottleneck,No-Contraction,0.0,1691.208190461493,84,60,0.7962585034013605
15,Bottleneck,No-Contraction,0.0,776.4141011279388,40,35,0.6319047619047619
15,Bottleneck,No-Contraction,0.0,1593.7029661514591,79,69,0.7504520795660036
15,Bottleneck,No-Contraction,0.0,1267.9397225467046,63,57,0.48208616780045355
15,Bottleneck,No-Contraction,0.0,1433.816517039172,71,50,0.6710932260228034
15,Bottleneck,No-Contraction,0.0,1724.8209528469665,85,50,0.6559103641456583
15,Bottleneck,No-Contraction,0.0,1757.408866710287,87,69,0.5890530925013684
15,Bottleneck,No-Contraction,0.0,866.0405491136762,44,34,0.475974025974026
15,Bottleneck,No-Contraction,0.0,1826.2044848718535,90,59,0.6118518518518519
15,Bottleneck,No-Contraction,0.0,1648.6383552008808,82,50,0.616144018583043
15,Bottleneck,No-Contraction,0.0,981.0945946536259,50,46,0.4417142857142857
15,Bottleneck,No-Contraction,0.0,1324.6292201866574,66,52,0.49898989898989904
15,Bottleneck,No-Contraction,0.0,1020.2925475508348,51,43,0.4915032679738562
15,Bottleneck,No-Contraction,0.0,1174.8744972432376,59,46,0.5691686844229218
15,Bottleneck,No-Contraction,0.0,1220.1380000580155,61,50,0.4181108508977362
15,Bottleneck,No-Contraction,0.0,1610.116560362081,80,54,0.6694047619047618
15,Bottleneck,No-Contraction,0.0,1481.398093216077,74,57,0.6106821106821106
15,Bottleneck,No-Contraction,0.0,388.14731477555495,21,17,0.6816326530612246
15,Bottleneck,No-Contraction,0.0,861.3769609411545,44,38,0.5415584415584416
15,Bottleneck,No-Contraction,0.0,1018.4803846474169,51,34,0.7925303454715219
15,Bottleneck,No-Contraction,0.0,766.8729406984058,39,36,0.43174603174603177
15,Bottleneck,No-Contraction,0.0,1813.062796801825,90,64,0.5846560846560847
15,Bottleneck,No-Contraction,0.0,1547.095948942937,77,69,0.5902288188002474
15,Bottleneck,No-Contraction,0.0,526.9722400274168,28,21,0.6608843537414967
15,Bottleneck,No-Contraction,0.0,905.1415149190453,46,33,0.6612836438923395
15,Bottleneck,No-Contraction,0.0,1183.422804055746,59,36,0.8103309120258273
15,Bottleneck,No-Contraction,0.0,1159.9787764311275,58,48,0.5477832512315272
15,Bottleneck,No-Contraction,0.0,1058.3388278560976,53,43,0.6050314465408806
15,Bottleneck,No-Contraction,0.0,1335.4571511909821,67,58,0.580952380952381
15,Bottleneck,No-Contraction,0.0,1180.8976058710216,59,51,0.6757062146892655
15,Bottleneck,No-Contraction,0.0,1040.4637843627852,52,24,0.8390109890109889
15,Bottleneck,No-Contraction,0.0,1221.1915688769943,61,53,0.5723653395784543
15,Bottleneck,No-Contraction,0.0,1053.224144908383,53,42,0.5529200359389038
15,Bottleneck,No-Contraction,0.0,975.2140560695325,49,21,0.9105928085519922
15,Bottleneck,No-Contraction,0.0,787.3176635572023,40,37,0.5488095238095239
15,Bottleneck,No-Contraction,0.0,1303.7279957408546,65,58,0.5698168498168498
15,Bottleneck,No-Contraction,0.0,1503.4889156836564,75,46,0.691047619047619
15,Bottleneck,No-Contraction,0.0,1001.7752663939389,51,44,0.4918767507002801
15,Bottleneck,No-Contraction,0.0,1111.128555752481,56,43,0.6545918367346939
15,Bottleneck,No-Contraction,0.0,1014.322365696782,51,39,0.49729225023342666
15,Bottleneck,No-Contraction,0.0,1153.2484788241136,58,45,0.5440065681444992
15,Bottleneck,No-Contraction,0.0,834.431718974446,43,35,0.5171650055370985
15,Bottleneck,No-Contraction,0.0,1683.4189249512497,83,60,0.7199082042455537
15,Bottleneck,No-Contraction,0.0,873.7498091660727,44,40,0.5231601731601732
15,Bottleneck,No-Contraction,0.0,823.5895181015759,42,38,0.482312925170068
15,Bottleneck,No-Contraction,0.0,810.2238207828568,41,28,0.5521486643437863
15,Bottleneck,No-Contraction,0.0,649.7666683495364,34,28,0.4658263305322129
15,Bottleneck,No-Contraction,0.0,707.9297378804721,36,32,0.593915343915344
15,Bottleneck,No-Contraction,0.0,443.30770201061074,24,17,0.6638888888888889
15,Bottleneck,No-Contraction,0.0,804.1324336829907,41,37,0.44808362369337984
15,Bottleneck,No-Contraction,0.0,1311.272526584662,65,38,0.7642490842490842
15,Bottleneck,No-Contraction,0.0,1321.7762326258169,66,51,0.5202020202020202
15,Bottleneck,No-Contraction,0.0,668.8159957867306,35,20,0.6857142857142857
15,Bottleneck,No-Contraction,0.0,924.4191159053989,47,28,0.7201621073961499
15,Bottleneck,No-Contraction,0.0,676.3221442182733,35,30,0.39700680272108846
15,Bottleneck,No-Contraction,0.0,1460.930361189056,73,42,0.7429876060013046
15,Bottleneck,No-Contraction,0.0,1171.5599099311275,59,53,0.4721549636803874
15,Bottleneck,No-Contraction,0.0,918.4861197159387,47,42,0.4354609929078014
15,Bottleneck,No-Contraction,0.0,1353.42113064838,67,63,0.622316986496091
15,Bottleneck,No-Contraction,0.0,991.1314642147178,50,46,0.324
15,Bottleneck,No-Contraction,0.0,1075.9694342975874,54,50,0.5361552028218695
15,Bottleneck,No-Contraction,0.0,1672.1298054633269,83,49,0.5990820424555364
15,Bottleneck,No-Contraction,0.0,1641.4566113038532,81,77,0.6419753086419753
15,Bottleneck,No-Contraction,0.0,1264.2559011764065,63,38,0.5876039304610733
15,Bottleneck,No-Contraction,0.0,891.8312762223042,45,29,0.6666666666666666
15,Bottleneck,No-Contraction,0.0,393.216347379936,21,17,0.4412698412698412
15,Bottleneck,No-Contraction,0.0,472.1394573673151,25,16,0.6742857142857143
15,Bottleneck,No-Contraction,0.0,1327.7356621744827,66,51,0.5170274170274171
15,Bottleneck,No-Contraction,0.0,1058.7953697643218,53,27,0.7114106019766396
15,Bottleneck,No-Contraction,0.0,1208.5275802501626,61,51,0.8241998438719751
15,Bottleneck,No-Contraction,0.0,668.4053823555485,35,25,0.5036734693877551
15,Bottleneck,No-Contraction,0.0,895.7221082141782,46,25,0.7691511387163561
15,Bottleneck,No-Contraction,0.0,593.3918124797165,31,25,0.602457757296467
15,Bottleneck,No-Contraction,0.0,1192.655963969652,60,55,0.4506349206349206
15,Bottleneck,No-Contraction,0.0,1492.8241754773803,74,66,0.78996138996139
15,Bottleneck,No-Contraction,0.0,1334.841446280775,67,41,0.6055437100213219
15,Bottleneck,No-Contraction,0.0,1541.5958887652496,77,68,0.6562770562770562
15,Bottleneck,No-Contraction,0.0,1360.0637363092062,68,59,0.4350140056022409
15,Bottleneck,No-Contraction,0.0,1048.3069559279672,53,43,0.6772686433063791
15,Bottleneck,No-Contraction,0.0,1703.0152416471299,84,60,0.6352607709750566
15,Bottleneck,No-Contraction,0.0,1570.5818806527795,78,65,0.5623931623931624
15,Bottleneck,No-Contraction,0.0,1265.605517307886,63,56,0.5171579743008314
15,Bottleneck,No-Contraction,0.0,867.4588802307873,44,39,0.3495670995670996
15,Bottleneck,No-Contraction,0.0,1028.545178286816,52,38,0.6397435897435897
15,Bottleneck,No-Contraction,0.0,528.3126152148933,28,24,0.6942176870748299
15,Bottleneck,No-Contraction,0.0,1073.3789181349587,54,35,0.6994708994708995
15,Bottleneck,No-Contraction,0.0,704.2448419339878,36,32,0.625925925925926
15,Bottleneck,No-Contraction,0.0,983.7352180154436,50,28,0.6173333333333333
15,Bottleneck,No-Contraction,0.0,1199.8208041294504,60,44,0.6414285714285715
15,Bottleneck,No-Contraction,0.0,1008.0912105954695,51,45,0.3443510737628385
15,Bottleneck,No-Contraction,0.0,816.9309212071859,42,18,0.763265306122449
15,Bottleneck,No-Contraction,0.0,779.2472523927147,40,33,0.5145238095238096
15,Bottleneck,No-Contraction,0.0,614.2053883531132,32,27,0.5758928571428572
15,Bottleneck,No-Contraction,0.0,761.9678755808795,39,22,0.7235653235653235
15,Bottleneck,No-Contraction,0.0,697.144894682529,36,30,0.6412698412698412
15,Bottleneck,No-Contraction,0.0,1241.7992253375692,62,55,0.7201228878648233
15,Bottleneck,No-Contraction,0.0,1249.818346562399,63,58,0.42781557067271353
15,Bottleneck,No-Contraction,0.0,1048.715938300482,53,43,0.6501347708894878
15,Bottleneck,No-Contraction,0.0,687.8201164448016,36,30,0.46481481481481485
15,Bottleneck,No-Contraction,0.0,411.4740778216094,22,11,0.7212121212121212
15,Bottleneck,No-Contraction,0.0,904.9350230412588,46,31,0.5496894409937888
15,Bottleneck,No-Contraction,0.0,1029.1952296571667,52,28,0.6672161172161173
15,Bottleneck,No-Contraction,0.0,1226.092300729529,61,53,0.6608899297423888
15,Bottleneck,No-Contraction,0.0,870.0736544868704,44,35,0.6121212121212122
15,Bottleneck,No-Contraction,0.0,672.7046158812686,35,25,0.47455782312925177
15,Bottleneck,No-Contraction,0.0,546.1948021889168,29,7,0.9067323481116584
15,Bottleneck,No-Contraction,0.0,1038.845895807244,52,33,0.6620879120879122
15,Bottleneck,No-Contraction,0.0,1631.5530832835632,81,70,0.7265138154027043
15,Bottleneck,No-Contraction,0.0,1311.6433454683295,65,37,0.6813186813186813
15,Bottleneck,No-Contraction,0.0,1280.5444667779632,64,37,0.6605654761904762
15,Bottleneck,No-Contraction,0.0,1152.468493437066,58,44,0.4881773399014778
15,Bottleneck,No-Contraction,0.0,1259.8606797080843,63,38,0.6429327286470143
15,Bottleneck,No-Contraction,0.0,1618.1177242100175,80,50,0.9073809523809524
15,Bottleneck,No-Contraction,0.0,1550.2068841219561,77,68,0.6142238713667285
15,Bottleneck,No-Contraction,0.0,1545.6261017136105,77,71,0.6686456400742116
15,Bottleneck,No-Contraction,0.0,694.4747941764399,36,23,0.48148148148148145
15,Bottleneck,No-Contraction,0.0,907.2686794579902,46,32,0.5571428571428572
15,Bottleneck,No-Contraction,0.0,944.4024199493448,48,36,0.530952380952381
15,Bottleneck,No-Contraction,0.0,670.1756658969467,35,18,0.7714285714285715
15,Bottleneck,No-Contraction,0.0,596.4775979060173,31,22,0.58678955453149
15,Bottleneck,No-Contraction,0.0,749.7155499672031,38,34,0.6731829573934838
15,Bottleneck,No-Contraction,0.0,1152.0404422638444,58,52,0.5973727422003283
15,Bottleneck,No-Contraction,0.0,1238.889460976634,62,55,0.6416282642089093
15,Bottleneck,No-Contraction,0.0,1121.783280997897,56,25,0.7341836734693877
15,Bottleneck,No-Contraction,0.0,1133.0225275220914,57,39,0.6282372598162071
15,Bottleneck,No-Contraction,0.0,804.4861763869092,41,35,0.4051103368176539
15,Bottleneck,No-Contraction,0.0,1263.0338756510764,63,51,0.783824640967498
15,Bottleneck,No-Contraction,0.0,1551.0686236286217,77,67,0.4717377860235003
15,Bottleneck,No-Contraction,0.0,1733.7850654084507,86,60,0.6937984496124031
15,Bottleneck,No-Contraction,0.0,1137.3133650332131,57,47,0.6307435254803676
15,Bottleneck,No-Contraction,0.0,977.9858617168952,49,30,0.6575315840621964
15,Bottleneck,No-Contraction,0.0,607.8630007008987,32,19,0.6110119047619048
15,Bottleneck,No-Contraction,0.0,527.3652004047599,28,21,0.508843537414966
15,Bottleneck,No-Contraction,0.0,946.0641294759171,48,30,0.6591269841269841
15,Bottleneck,No-Contraction,0.0,1043.0326011652749,53,43,0.45103324348607365
15,Bottleneck,No-Contraction,0.0,1216.6847621894892,61,30,0.7784543325526933
15,Bottleneck,No-Contraction,0.0,810.6531768481365,41,27,0.5941927990708478
15,Bottleneck,No-Contraction,0.0,611.9189159832655,32,17,0.6574404761904762
15,Bottleneck,No-Contraction,0.0,582.6376714676699,30,24,0.5298412698412699
15,Bottleneck,No-Contraction,0.0,398.2218558756758,22,18,0.4917748917748918
15,Bottleneck,No-Contraction,0.0,1446.6828190030676,72,50,0.8366402116402116
15,Bottleneck,No-Contraction,0.0,1288.9078544632084,64,59,0.4967261904761905
15,Bottleneck,No-Contraction,0.0,1250.1684749187355,63,49,0.6843537414965987
15,Bottleneck,No-Contraction,0.0,618.3756418469281,32,28,0.5800595238095239
15,Bottleneck,No-Contraction,0.0,775.9858732976758,40,31,0.6402380952380953
15,Bottleneck,No-Contraction,0.0,618.5906232707962,32,26,0.3848214285714286
15,Bottleneck,No-Contraction,0.0,1795.993299716241,89,76,0.6080256821829856
15,Bottleneck,No-Contraction,0.0,1085.4276166223983,55,43,0.4954112554112554
15,Bottleneck,No-Contraction,0.0,671.5651931117197,35,30,0.6873469387755102
15,Bottleneck,No-Contraction,0.0,1297.3549701226525,65,38,0.8023443223443223
15,Bottleneck,No-Contraction,0.0,838.9924467326998,43,21,0.794905869324474
15,Bottleneck,No-Contraction,0.0,742.888941088471,38,34,0.6731829573934838
15,Bottleneck,No-Contraction,0.0,1064.2503858497919,54,50,0.5134038800705467
15,Bottleneck,No-Contraction,0.0,1526.6683867192294,76,66,0.44661654135338347
15,Bottleneck,No-Contraction,0.0,1080.1144175341008,54,38,0.7125220458553791
15,Bottleneck,No-Contraction,0.0,1717.0753581445504,85,64,0.8606162464985995
15,Bottleneck,No-Contraction,0.0,1554.407045654004,77,24,0.8619666048237477
15,Bottleneck,No-Contraction,0.0,1174.2146127384951,59,44,0.8476190476190477
15,Bottleneck,No-Contraction,0.0,935.4382427014702,47,35,0.4056737588652482
15,Bottleneck,No-Contraction,0.0,1217.1908344062633,61,56,0.33411397345823574
15,Bottleneck,No-Contraction,0.0,689.551735699493,36,32,0.5214285714285715
15,Bottleneck,No-Contraction,0.0,1070.1965974485063,54,34,0.7936507936507937
15,Bottleneck,No-Contraction,0.0,963.7556159245905,49,43,0.6429543245869777
15,Bottleneck,No-Contraction,0.0,706.0078373892327,36,10,0.8576719576719577
15,Bottleneck,No-Contraction,0.0,483.4656952518281,26,21,0.5637362637362637
15,Bottleneck,No-Contraction,0.0,1269.1046015783431,63,50,0.654724111866969
15,Bottleneck,No-Contraction,0.0,1237.3653586178552,62,56,0.5362519201228878
15,Bottleneck,No-Contraction,0.0,1069.552138834216,54,36,0.6603174603174603
15,Bottleneck,No-Contraction,0.0,942.6788562923686,48,34,0.4773809523809524
15,Bottleneck,No-Contraction,0.0,735.2140498970166,38,31,0.5674185463659148
15,Bottleneck,No-Contraction,0.0,767.196701528993,39,33,0.400976800976801
15,Bottleneck,No-Contraction,0.0,1065.7230382443315,54,47,0.5793650793650793
15,Bottleneck,No-Contraction,0.0,1178.9472089451785,59,42,0.6004842615012107
15,Bottleneck,No-Contraction,0.0,869.6647841124264,44,33,0.6852813852813853
15,Bottleneck,No-Contraction,0.0,1014.7805359987336,51,24,0.7553688141923436
15,Bottleneck,No-Contraction,0.0,930.4095814913458,47,41,0.46930091185410333
15,Bottleneck,No-Contraction,0.0,1518.4505027354169,75,63,0.6421587301587302
15,Bottleneck,No-Contraction,0.0,1437.430717251813,72,45,0.5837301587301587
15,Bottleneck,No-Contraction,0.0,1288.4263194905043,64,42,0.7907738095238095
15,Bottleneck,No-Contraction,0.0,1388.928982483992,69,46,0.6238785369220152
15,Bottleneck,No-Contraction,0.0,939.2046791612433,48,25,0.6537698412698413
15,Bottleneck,No-Contraction,0.0,1570.3214423372817,78,72,0.5493284493284494
15,Bottleneck,No-Contraction,0.0,1538.6669431536584,76,56,0.7175438596491228
15,Bottleneck,No-Contraction,0.0,1042.3844658222913,53,44,0.7825696316262354
15,Bottleneck,No-Contraction,0.0,1571.1803887535102,78,60,0.7349206349206349
15,Bottleneck,No-Contraction,0.0,814.7218122642665,42,34,0.5147392290249433
15,Bottleneck,No-Contraction,0.0,974.310485178976,49,28,0.8518950437317784
15,Bottleneck,No-Contraction,0.0,1885.5305756382988,93,65,0.7612903225806451
15,Bottleneck,No-Contraction,0.0,1407.743798145904,70,44,0.6027210884353741
15,Bottleneck,No-Contraction,0.0,1130.6897302701752,57,36,0.8183792815371762
15,Bottleneck,No-Contraction,0.0,1614.2252883767824,80,60,0.670595238095238
15,Bottleneck,No-Contraction,0.0,1522.5951031901411,76,65,0.7843358395989974
15,Bottleneck,No-Contraction,0.0,1575.5566767837618,78,49,0.6037851037851037
15,Bottleneck,No-Contraction,0.0,1401.3229370020297,70,52,0.6808163265306123
15,Bottleneck,No-Contraction,0.0,1261.7278353905403,63,57,0.42252456538170824
15,Bottleneck,No-Contraction,0.0,889.7327148194662,45,36,0.6579894179894179
15,Bottleneck,No-Contraction,0.0,1805.6580457541036,89,67,0.6690208667736758
15,Bottleneck,No-Contraction,0.0,1393.0898691494772,69,56,0.5323671497584541
15,Bottleneck,No-Contraction,0.0,1333.9798309837881,67,46,0.5965884861407249
15,Bottleneck,No-Contraction,0.0,1274.2173955941334,64,60,0.6979166666666666
15,Bottleneck,No-Contraction,0.0,1084.404720087154,55,50,0.7522077922077922
15,Bottleneck,No-Contraction,0.0,691.3811232221718,36,24,0.5201058201058202
15,Bottleneck,No-Contraction,0.0,1136.4283892954068,57,53,0.5350041771094403
15,Bottleneck,No-Contraction,0.0,1931.838799956782,95,51,0.7548872180451127
15,Bottleneck,No-Contraction,0.0,1056.7339501979739,53,48,0.5088948787061994
15,Bottleneck,No-Contraction,0.0,1747.9425091423695,86,66,0.6836101882613511
15,Bottleneck,No-Contraction,0.0,1455.1075665773465,72,68,0.573941798941799
15,Bottleneck,No-Contraction,0.0,728.6760683793278,37,33,0.5477477477477477
15,Bottleneck,No-Contraction,0.0,739.8181579680025,38,28,0.655889724310777
15,Bottleneck,No-Contraction,0.0,730.0315725652945,38,34,0.5395989974937343
15,Bottleneck,No-Contraction,0.0,1643.406231051832,81,72,0.5963550852439741
15,Bottleneck,No-Contraction,0.0,1317.0350048743485,66,53,0.5181818181818182
15,Bottleneck,No-Contraction,0.0,343.5219094547968,19,16,0.7869674185463659
15,Bottleneck,No-Contraction,0.0,910.7674087018355,46,31,0.7109730848861283
15,Bottleneck,No-Contraction,0.0,702.9532771464623,36,24,0.5891534391534391
15,Bottleneck,No-Contraction,0.0,547.3587658080457,29,25,0.44761904761904764
15,Bottleneck,No-Contraction,0.0,1237.9905966153874,62,53,0.4032258064516129
15,Bottleneck,No-Contraction,0.0,1403.7605523707243,70,51,0.6111564625850341
15,Bottleneck,No-Contraction,0.0,887.0756587306198,45,37,0.79005291005291
15,Bottleneck,No-Contraction,0.0,814.1361442714253,42,19,0.8002267573696145
15,Bottleneck,No-Contraction,0.0,709.8876308145447,37,33,0.475933075933076
15,Bottleneck,No-Contraction,0.0,1766.9839358677664,87,79,0.460536398467433
15,Bottleneck,No-Contraction,0.0,1017.8223990001424,51,44,0.4240896358543418
15,Bottleneck,No-Contraction,0.0,1213.5674247614506,61,40,0.7014832162373146
15,Bottleneck,No-Contraction,0.0,802.7591165096372,41,33,0.43066202090592337
15,Bottleneck,No-Contraction,0.0,1473.4895213618483,73,65,0.6438356164383562
15,Bottleneck,No-Contraction,0.0,1273.2853012257744,64,53,0.5293154761904761
15,Bottleneck,No-Contraction,0.0,769.6441119746747,39,21,0.67008547008547
15,Bottleneck,No-Contraction,0.0,606.7755934603697,32,28,0.4017857142857143
15,Bottleneck,No-Contraction,0.0,2130.7728690403524,105,98,0.5439455782312925
15,Bottleneck,No-Contraction,0.0,1945.9310117371374,96,72,0.5624007936507937
15,Bottleneck,No-Contraction,0.0,1135.375901554614,57,44,0.5941520467836258
15,Bottleneck,No-Contraction,0.0,1813.9521028916763,90,66,0.5374603174603175
15,Bottleneck,No-Contraction,0.0,1693.679601299583,84,60,0.5002267573696145
15,Bottleneck,No-Contraction,0.0,887.2336091915829,45,27,0.7525925925925926
