17,Bottleneck,Optimal,0.8500000000000002,1793.97823457311,95,0,1.0
17,Bottleneck,Optimal,0.65,1166.89211680245,59,0,1.0
17,Bottleneck,Optimal,0.7500000000000001,2021.0510923917261,120,0,1.0
17,Bottleneck,Optimal,0.7000000000000001,2094.1661117770304,113,0,1.0
17,Bottleneck,Optimal,0.9000000000000002,3267.3414130698634,162,0,1.0
17,Bottleneck,Optimal,0.65,2326.8623853600384,115,0,1.0
17,Bottleneck,Optimal,0.65,1302.9496106757322,84,0,1.0
17,Bottleneck,Optimal,0.7500000000000001,2316.0465076216938,120,0,1.0
17,Bottleneck,Optimal,0.8000000000000002,2391.171957751978,120,0,1.0
17,Bottleneck,Optimal,0.6,1614.8698789319287,81,0,1.0
17,Bottleneck,Optimal,0.7000000000000001,2180.4322005359363,108,0,1.0
17,Bottleneck,Optimal,0.7500000000000001,2655.15512769102,133,0,1.0
17,Bottleneck,Optimal,0.8000000000000002,1618.285366687066,81,0,1.0
17,Bottleneck,Optimal,0.8500000000000002,2573.546362514301,139,0,1.0
17,Bottleneck,Optimal,0.65,1723.5169896584405,86,0,1.0
17,Bottleneck,Optimal,0.3,715.6466309800568,43,0,1.0
17,Bottleneck,Optimal,0.7000000000000001,1749.0324885096466,93,0,1.0
17,Bottleneck,Optimal,0.5499999999999999,1999.860205812196,99,0,1.0
17,Bottleneck,Optimal,0.9000000000000002,3015.8671096566222,152,0,1.0
17,Bottleneck,Optimal,0.8500000000000002,2174.7012429552683,116,0,1.0
17,Bottleneck,Optimal,0.7000000000000001,1834.1588391986493,102,0,1.0
17,Bottleneck,Optimal,0.49999999999999994,2281.3709006635117,113,0,1.0
17,Bottleneck,Optimal,0.8000000000000002,2366.407922097774,132,0,1.0
17,Bottleneck,Optimal,0.8000000000000002,1983.9897844409684,111,0,1.0
17,Bottleneck,Optimal,0.9500000000000003,2682.706150436023,139,0,1.0
17,Bottleneck,Optimal,0.9000000000000002,1977.0190123675438,112,0,1.0
17,Bottleneck,Optimal,0.65,1701.2111019023594,85,0,1.0
17,Bottleneck,Optimal,0.49999999999999994,1503.7317423995664,79,0,1.0
17,Bottleneck,Optimal,0.7500000000000001,1981.1677172979573,108,0,1.0
17,Bottleneck,Optimal,0.5499999999999999,1484.003661912723,75,0,1.0
17,Bottleneck,Optimal,0.5499999999999999,2122.510158231625,106,0,1.0
17,Bottleneck,Optimal,0.7500000000000001,2004.7977311321906,105,0,1.0
17,Bottleneck,Optimal,0.49999999999999994,1676.1444727240716,88,0,1.0
17,Bottleneck,Optimal,0.8000000000000002,2447.9263351430313,121,0,1.0
17,Bottleneck,Optimal,0.8000000000000002,2069.3281681227536,102,0,1.0
17,Bottleneck,Optimal,0.7500000000000001,1660.1285106931787,83,0,1.0
17,Bottleneck,Optimal,0.9000000000000002,1930.9986867622206,106,0,1.0
17,Bottleneck,Optimal,0.7000000000000001,1383.8480226963557,70,0,1.0
17,Bottleneck,Optimal,0.7500000000000001,1847.1303898613216,97,0,1.0
17,Bottleneck,Optimal,0.8500000000000002,2466.616553218761,128,0,1.0
17,Bottleneck,Optimal,0.7000000000000001,2344.8721235568887,123,0,1.0
17,Bottleneck,Optimal,0.8500000000000002,1844.2037107651392,96,0,1.0
17,Bottleneck,Optimal,0.7000000000000001,2654.510519856899,133,0,1.0
17,Bottleneck,Optimal,0.7000000000000001,1880.7171736497307,108,0,1.0
17,Bottleneck,Optimal,0.5499999999999999,1524.3861711867507,82,0,1.0
17,Bottleneck,Optimal,0.8500000000000002,2379.204986485241,117,0,1.0
17,Bottleneck,Optimal,0.6,2712.25015824448,134,0,1.0
17,Bottleneck,Optimal,0.7500000000000001,2409.9774647929544,125,0,1.0
17,Bottleneck,Optimal,0.8000000000000002,2713.579126857082,140,0,1.0
17,Bottleneck,Optimal,0.8000000000000002,2279.8063887544813,113,0,1.0
17,Bottleneck,Optimal,0.9000000000000002,2545.155944482006,142,0,1.0
17,Bottleneck,Optimal,0.7500000000000001,1789.8555866148035,96,0,1.0
17,Bottleneck,Optimal,0.7500000000000001,2740.843733244562,135,0,1.0
17,Bottleneck,Optimal,0.9000000000000002,2262.4927522893763,114,0,1.0
17,Bottleneck,Optimal,0.6,1711.3768987991393,85,0,1.0
17,Bottleneck,Optimal,0.7500000000000001,1627.0860830487031,84,0,1.0
17,Bottleneck,Optimal,0.8000000000000002,2202.1624695615587,110,0,1.0
17,Bottleneck,Optimal,0.7500000000000001,2156.4894889632833,108,0,1.0
17,Bottleneck,Optimal,0.8500000000000002,1634.143324317692,87,0,1.0
17,Bottleneck,Optimal,0.8000000000000002,1262.2020492380252,63,0,1.0
17,Bottleneck,Optimal,0.7000000000000001,2394.7696333618806,120,0,1.0
17,Bottleneck,Optimal,0.7500000000000001,1765.9937823253636,90,0,1.0
17,Bottleneck,Optimal,0.7000000000000001,2143.1494216942897,111,0,1.0
17,Bottleneck,Optimal,0.9000000000000002,2712.718890982139,133,0,1.0
17,Bottleneck,Optimal,0.8500000000000002,1911.4662313762715,110,0,1.0
17,Bottleneck,Optimal,0.65,1862.3532839297127,109,0,1.0
17,Bottleneck,Optimal,0.65,2066.8041819923637,109,0,1.0
17,Bottleneck,Optimal,0.7500000000000001,1669.5776617400543,95,0,1.0
17,Bottleneck,Optimal,0.8000000000000002,2254.8813927586307,115,0,1.0
17,Bottleneck,Optimal,0.9000000000000002,2052.5309385642004,109,0,1.0
17,Bottleneck,Optimal,0.8000000000000002,3285.3216648195307,162,0,1.0
17,Bottleneck,Optimal,0.8000000000000002,2124.2624213951126,105,0,1.0
17,Bottleneck,Optimal,0.7500000000000001,1989.9604873801482,109,0,1.0
17,Bottleneck,Optimal,0.7500000000000001,2501.9807719510895,123,0,1.0
17,Bottleneck,Optimal,0.7000000000000001,2125.220971152624,105,0,1.0
17,Bottleneck,Optimal,0.8500000000000002,2137.347889732321,117,0,1.0
17,Bottleneck,Optimal,0.7000000000000001,2120.3290006052057,111,0,1.0
17,Bottleneck,Optimal,0.7500000000000001,2020.763771921002,111,0,1.0
17,Bottleneck,Optimal,0.7500000000000001,1689.467157605812,100,0,1.0
17,Bottleneck,Optimal,0.7500000000000001,2112.3385656464934,108,0,1.0
17,Bottleneck,Optimal,0.8000000000000002,2360.70119939047,118,0,1.0
17,Bottleneck,Optimal,0.7500000000000001,2472.316432157999,122,0,1.0
17,Bottleneck,Optimal,0.8000000000000002,2055.4504903460156,107,0,1.0
17,Bottleneck,Optimal,0.8500000000000002,1661.0411621883813,82,0,1.0
17,Bottleneck,Optimal,0.9000000000000002,1623.0326716621798,81,0,1.0
17,Bottleneck,Optimal,0.6,1368.8643755164258,70,0,1.0
17,Bottleneck,Optimal,0.65,1763.1765444376929,87,0,1.0
17,Bottleneck,Optimal,0.6,1644.284444912483,82,0,1.0
17,Bottleneck,Optimal,0.65,2317.3096821386825,114,0,1.0
17,Bottleneck,Optimal,0.7000000000000001,2204.602558806583,122,0,1.0
17,Bottleneck,Optimal,0.65,1787.9046486974576,91,0,1.0
17,Bottleneck,Optimal,0.7000000000000001,1786.47426369605,91,0,1.0
17,Bottleneck,Optimal,0.6,1821.1487005827303,90,0,1.0
17,Bottleneck,Optimal,0.7500000000000001,1863.503126445192,113,0,1.0
17,Bottleneck,Optimal,0.8000000000000002,1406.508048979616,80,0,1.0
17,Bottleneck,Optimal,0.8000000000000002,3291.1088079761994,162,0,1.0
17,Bottleneck,Optimal,0.65,1889.9285500857259,94,0,1.0
17,Bottleneck,Optimal,0.7000000000000001,2633.1288823363666,130,0,1.0
17,Bottleneck,Optimal,0.5499999999999999,1946.6640527378552,100,0,1.0
17,Bottleneck,Optimal,0.8000000000000002,2426.4119400373197,120,0,1.0
17,Bottleneck,Optimal,0.8000000000000002,2768.1235922274363,147,0,1.0
17,Bottleneck,Optimal,0.7500000000000001,1928.0830470323554,97,0,1.0
17,Bottleneck,Optimal,0.6,2236.5255920962404,111,0,1.0
17,Bottleneck,Optimal,0.9000000000000002,2617.291055970424,129,0,1.0
17,Bottleneck,Optimal,0.8000000000000002,2704.9813378575423,133,0,1.0
17,Bottleneck,Optimal,0.8500000000000002,2743.8658170001945,149,0,1.0
17,Bottleneck,Optimal,0.65,1308.7635818562867,67,0,1.0
17,Bottleneck,Optimal,0.65,2016.5318717994778,113,0,1.0
17,Bottleneck,Optimal,0.7000000000000001,2319.2230671986536,121,0,1.0
17,Bottleneck,Optimal,0.9500000000000003,1617.9419901964397,93,0,1.0
17,Bottleneck,Optimal,0.7500000000000001,2619.308324400453,130,0,1.0
17,Bottleneck,Optimal,0.9500000000000003,3181.2237458804107,156,0,1.0
17,Bottleneck,Optimal,0.7500000000000001,1921.215511714108,95,0,1.0
17,Bottleneck,Optimal,0.9000000000000002,2573.9021631842998,142,0,1.0
17,Bottleneck,Optimal,0.7500000000000001,1954.419885287336,106,0,1.0
17,Bottleneck,Optimal,0.8000000000000002,2854.7024363653795,143,0,1.0
17,Bottleneck,Optimal,0.7500000000000001,2538.6208600068053,143,0,1.0
17,Bottleneck,Optimal,0.8500000000000002,2473.6952414350235,125,0,1.0
17,Bottleneck,Optimal,0.7000000000000001,1911.9146464695418,102,0,1.0
17,Bottleneck,Optimal,0.9000000000000002,2569.0910295090607,128,0,1.0
17,Bottleneck,Optimal,0.7500000000000001,2306.741617162446,113,0,1.0
17,Bottleneck,Optimal,0.9500000000000003,2297.5198192034463,114,0,1.0
17,Bottleneck,Optimal,0.8500000000000002,2815.233527521281,140,0,1.0
17,Bottleneck,Optimal,0.5499999999999999,2029.5524200604636,104,0,1.0
17,Bottleneck,Optimal,0.8000000000000002,2011.978117668617,112,0,1.0
17,Bottleneck,Optimal,0.8500000000000002,1983.759007630569,98,0,1.0
17,Bottleneck,Optimal,0.8500000000000002,3142.327617477576,153,0,1.0
17,Bottleneck,Optimal,0.9000000000000002,2262.7537587802826,126,0,1.0
17,Bottleneck,Optimal,0.7500000000000001,2872.7904013626458,143,0,1.0
17,Bottleneck,Optimal,0.8000000000000002,2850.536080816806,139,0,1.0
17,Bottleneck,Optimal,0.7500000000000001,2472.7368133228347,139,0,1.0
17,Bottleneck,Optimal,0.65,2673.4381204139554,133,0,1.0
17,Bottleneck,Optimal,0.9000000000000002,3220.875483789334,158,0,1.0
17,Bottleneck,Optimal,0.8500000000000002,2284.422998617848,127,0,1.0
17,Bottleneck,Optimal,0.9000000000000002,1818.9180403332707,104,0,1.0
17,Bottleneck,Optimal,0.65,1963.2496269432468,97,0,1.0
17,Bottleneck,Optimal,0.8000000000000002,1672.9074745913686,90,0,1.0
17,Bottleneck,Optimal,0.9000000000000002,2942.685629072952,155,0,1.0
17,Bottleneck,Optimal,0.7000000000000001,2258.0686959127756,117,0,1.0
17,Bottleneck,Optimal,0.8500000000000002,2505.6381644331545,134,0,1.0
17,Bottleneck,Optimal,0.7000000000000001,2626.3493645882104,138,0,1.0
17,Bottleneck,Optimal,0.7000000000000001,1649.33059128162,95,0,1.0
17,Bottleneck,Optimal,0.8500000000000002,2363.6033873023807,146,0,1.0
17,Bottleneck,Optimal,0.9000000000000002,2826.414035193223,146,0,1.0
17,Bottleneck,Optimal,0.8500000000000002,2396.2342864447846,140,0,1.0
17,Bottleneck,Optimal,0.8000000000000002,1558.7862942422717,78,0,1.0
17,Bottleneck,Optimal,0.8500000000000002,3018.087813016519,156,0,1.0
17,Bottleneck,Optimal,0.8500000000000002,2197.885804460465,108,0,1.0
17,Bottleneck,Optimal,0.9000000000000002,1908.7014908439114,104,0,1.0
17,Bottleneck,Optimal,0.9000000000000002,2443.6013635173476,120,0,1.0
17,Bottleneck,Optimal,0.8500000000000002,2545.905574813385,125,0,1.0
17,Bottleneck,Optimal,0.7500000000000001,2359.2725935552985,119,0,1.0
17,Bottleneck,Optimal,0.9000000000000002,3084.4011995325923,151,0,1.0
17,Bottleneck,Optimal,0.6,2199.066114490733,116,0,1.0
17,Bottleneck,Optimal,0.8000000000000002,2453.832926797898,126,0,1.0
17,Bottleneck,Optimal,0.9000000000000002,2934.789330620545,146,0,1.0
17,Bottleneck,Optimal,0.7500000000000001,1464.5205211505172,74,0,1.0
17,Bottleneck,Optimal,0.65,1178.69250974305,70,0,1.0
17,Bottleneck,Optimal,0.8000000000000002,2158.9593821418175,107,0,1.0
17,Bottleneck,Optimal,0.8000000000000002,2780.3354329805084,141,0,1.0
17,Bottleneck,Optimal,0.8000000000000002,2506.8407674139476,128,0,1.0
17,Bottleneck,Optimal,0.7500000000000001,2131.813831676863,107,0,1.0
17,Bottleneck,Optimal,0.44999999999999996,1731.8499416464706,94,0,1.0
17,Bottleneck,Optimal,0.9500000000000003,2810.9362654499178,140,0,1.0
17,Bottleneck,Optimal,0.7000000000000001,1658.9378429814503,82,0,1.0
17,Bottleneck,Optimal,0.8000000000000002,2462.7606864070003,132,0,1.0
17,Bottleneck,Optimal,0.6,2083.411748414893,109,0,1.0
17,Bottleneck,Optimal,0.7500000000000001,1853.2295788350634,92,0,1.0
17,Bottleneck,Optimal,0.9000000000000002,1373.641445544808,72,0,1.0
17,Bottleneck,Optimal,0.9500000000000003,3405.551496679762,168,0,1.0
17,Bottleneck,Optimal,0.9000000000000002,2945.1312839737857,144,0,1.0
17,Bottleneck,Optimal,0.65,1398.5190257196084,83,0,1.0
17,Bottleneck,Optimal,0.9000000000000002,2273.20728687242,112,0,1.0
17,Bottleneck,Optimal,0.8500000000000002,2230.5139796579506,110,0,1.0
17,Bottleneck,Optimal,0.9000000000000002,3349.945665191399,167,0,1.0
17,Bottleneck,Optimal,0.5499999999999999,1851.6296968571964,101,0,1.0
17,Bottleneck,Optimal,0.7500000000000001,2343.9415873988255,124,0,1.0
17,Bottleneck,Optimal,0.8500000000000002,2083.848129898186,104,0,1.0
17,Bottleneck,Optimal,0.8500000000000002,2384.140793573112,118,0,1.0
17,Bottleneck,Optimal,0.7500000000000001,1284.0590463549684,74,0,1.0
17,Bottleneck,Optimal,0.9000000000000002,1495.4694978742527,84,0,1.0
17,Bottleneck,Optimal,0.7500000000000001,1582.6046089729166,87,0,1.0
17,Bottleneck,Optimal,0.6,909.1942756558185,49,0,1.0
17,Bottleneck,Optimal,0.8500000000000002,3145.0762903866616,160,0,1.0
17,Bottleneck,Optimal,0.8000000000000002,1559.9008308985112,79,0,1.0
17,Bottleneck,Optimal,0.7500000000000001,2102.27302301004,113,0,1.0
17,Bottleneck,Optimal,0.8500000000000002,2438.7455461088243,120,0,1.0
17,Bottleneck,Optimal,0.7500000000000001,1412.1638029715934,89,0,1.0
17,Bottleneck,Optimal,0.9000000000000002,1814.9021895747762,91,0,1.0
17,Bottleneck,Optimal,0.8000000000000002,2140.6582084848988,106,0,1.0
17,Bottleneck,Optimal,0.7000000000000001,1999.2291315511582,109,0,1.0
17,Bottleneck,Optimal,0.8500000000000002,3130.8867346618435,153,0,1.0
17,Bottleneck,Optimal,0.8000000000000002,1664.5560451223155,86,0,1.0
17,Bottleneck,Optimal,0.8000000000000002,2256.897366089616,114,0,1.0
17,Bottleneck,Optimal,0.8000000000000002,2643.653254332976,139,0,1.0
17,Bottleneck,Optimal,0.7000000000000001,2375.180662706406,122,0,1.0
17,Bottleneck,Optimal,0.65,2444.6844478865414,126,0,1.0
17,Bottleneck,Optimal,0.7000000000000001,1902.2378852965721,94,0,1.0
17,Bottleneck,Optimal,0.8000000000000002,3066.4478559440477,151,0,1.0
17,Bottleneck,Optimal,0.65,1793.3883478393045,104,0,1.0
17,Bottleneck,Optimal,0.6,2029.5259328305576,107,0,1.0
17,Bottleneck,Optimal,0.8000000000000002,2671.4210046720536,137,0,1.0
17,Bottleneck,Optimal,0.8500000000000002,3235.8482120946373,159,0,1.0
17,Bottleneck,Optimal,0.49999999999999994,1539.1054826091545,81,0,1.0
17,Bottleneck,Optimal,0.8500000000000002,2229.094683039444,110,0,1.0
17,Bottleneck,Optimal,0.8500000000000002,2985.4942906796255,151,0,1.0
17,Bottleneck,Optimal,0.7500000000000001,2344.055197441069,125,0,1.0
17,Bottleneck,Optimal,0.7000000000000001,2218.0006840369374,109,0,1.0
17,Bottleneck,Optimal,0.65,1870.1625453514516,102,0,1.0
17,Bottleneck,Optimal,0.8000000000000002,2980.083488115739,146,0,1.0
17,Bottleneck,Optimal,0.7500000000000001,1446.0013176230118,79,0,1.0
17,Bottleneck,Optimal,0.8500000000000002,2651.1744137774895,150,0,1.0
17,Bottleneck,Optimal,0.7500000000000001,1493.7794366586083,75,0,1.0
17,Bottleneck,Optimal,0.7500000000000001,1752.6812249291206,87,0,1.0
17,Bottleneck,Optimal,0.6,1614.9164973597476,81,0,1.0
17,Bottleneck,Optimal,0.8000000000000002,1842.6324665032128,98,0,1.0
17,Bottleneck,Optimal,0.8000000000000002,1419.472574897337,81,0,1.0
17,Bottleneck,Optimal,0.7000000000000001,1692.4770937456838,97,0,1.0
17,Bottleneck,Optimal,0.8000000000000002,1949.0434881116632,104,0,1.0
17,Bottleneck,Optimal,0.65,1906.1747528105439,96,0,1.0
17,Bottleneck,Optimal,0.6,2093.2309588476346,109,0,1.0
17,Bottleneck,Optimal,0.65,2476.33303931356,129,0,1.0
17,Bottleneck,Optimal,0.8000000000000002,1784.004808182447,103,0,1.0
17,Bottleneck,Optimal,0.7000000000000001,2016.8611903617584,102,0,1.0
17,Bottleneck,Optimal,0.8500000000000002,1899.5568036198033,106,0,1.0
17,Bottleneck,Optimal,0.7500000000000001,1411.4866411386038,80,0,1.0
17,Bottleneck,Optimal,0.7500000000000001,1478.9206518453973,76,0,1.0
17,Bottleneck,Optimal,0.8500000000000002,2595.246263707104,131,0,1.0
17,Bottleneck,Optimal,0.7500000000000001,2280.2948117545484,114,0,1.0
17,Bottleneck,Optimal,0.7500000000000001,1779.005526141484,91,0,1.0
17,Bottleneck,Optimal,0.6,924.6947482426065,54,0,1.0
17,Bottleneck,Optimal,0.8000000000000002,1899.5074380766227,94,0,1.0
17,Bottleneck,Optimal,0.8000000000000002,1583.9279059102005,81,0,1.0
17,Bottleneck,Optimal,0.7000000000000001,1334.2266370946083,73,0,1.0
17,Bottleneck,Optimal,0.7500000000000001,2515.0132309569226,124,0,1.0
17,Bottleneck,Optimal,0.8500000000000002,2680.452721442878,132,0,1.0
17,Bottleneck,Optimal,0.8500000000000002,2025.2851604778702,113,0,1.0
17,Bottleneck,Optimal,0.7000000000000001,2349.642967933971,122,0,1.0
17,Bottleneck,Optimal,0.6,2322.0830594301096,114,0,1.0
17,Bottleneck,Optimal,0.8500000000000002,2973.4225214854814,161,0,1.0
17,Bottleneck,Optimal,0.8500000000000002,2506.8875434692764,123,0,1.0
17,Bottleneck,Optimal,0.8000000000000002,1982.5810638649261,105,0,1.0
17,Bottleneck,Optimal,0.8500000000000002,2157.4754192595738,111,0,1.0
17,Bottleneck,Optimal,0.8500000000000002,2986.3931746935345,153,0,1.0
17,Bottleneck,Optimal,0.9000000000000002,2856.848402796805,143,0,1.0
17,Bottleneck,Optimal,0.8000000000000002,1676.6196529572223,91,0,1.0
17,Bottleneck,Optimal,0.8500000000000002,2547.303102283152,133,0,1.0
17,Bottleneck,Optimal,0.9500000000000003,1980.7476033821408,98,0,1.0
17,Bottleneck,Optimal,0.9000000000000002,2240.0685133282627,126,0,1.0
17,Bottleneck,Optimal,0.5499999999999999,1577.606144716505,83,0,1.0
17,Bottleneck,Optimal,0.9000000000000002,4180.731155741138,207,0,1.0
17,Bottleneck,Optimal,0.6,2118.4118723394813,107,0,1.0
17,Bottleneck,Optimal,0.7000000000000001,1865.956397686623,97,0,1.0
17,Bottleneck,Optimal,0.9000000000000002,3001.3798651026123,147,0,1.0
17,Bottleneck,Optimal,0.9500000000000003,2527.0765068165256,127,0,1.0
17,Bottleneck,Optimal,0.8500000000000002,2779.4982427122454,138,0,1.0
17,Bottleneck,Optimal,0.7500000000000001,2064.2097538272205,104,0,1.0
17,Bottleneck,Optimal,0.9000000000000002,2960.985802670444,151,0,1.0
17,Bottleneck,Optimal,0.8500000000000002,2321.634697267177,132,0,1.0
17,Bottleneck,Optimal,0.8500000000000002,1720.2185834135698,87,0,1.0
17,Bottleneck,Optimal,0.8500000000000002,2060.9972593352913,106,0,1.0
17,Bottleneck,Optimal,0.65,1539.7785499307813,80,0,1.0
17,Bottleneck,Optimal,0.9500000000000003,2105.013528555378,104,0,1.0
17,Bottleneck,Optimal,0.8500000000000002,2231.6259152710923,121,0,1.0
17,Bottleneck,Optimal,0.8500000000000002,3145.452017868867,154,0,1.0
17,Bottleneck,Optimal,0.6,1961.6479165663823,101,0,1.0
17,Bottleneck,Optimal,0.65,1645.7753250451567,85,0,1.0
17,Bottleneck,Optimal,0.8500000000000002,1695.3209685387844,96,0,1.0
17,Bottleneck,Optimal,0.7500000000000001,2869.331856365028,141,0,1.0
17,Bottleneck,Optimal,0.7000000000000001,1949.2673338795676,110,0,1.0
17,Bottleneck,Optimal,0.9000000000000002,3431.4373046502037,170,0,1.0
17,Bottleneck,Optimal,0.8000000000000002,2098.8706686340684,116,0,1.0
17,Bottleneck,Optimal,0.8500000000000002,2166.639691424297,107,0,1.0
17,Bottleneck,Optimal,0.49999999999999994,1681.254838889356,91,0,1.0
17,Bottleneck,Optimal,0.6,2043.9628119382783,102,0,1.0
17,Bottleneck,Optimal,0.8500000000000002,2134.8998952637935,114,0,1.0
17,Bottleneck,Optimal,0.65,2143.582673094893,113,0,1.0
17,Bottleneck,Optimal,0.8500000000000002,2886.776212176778,146,0,1.0
17,Bottleneck,Optimal,0.7500000000000001,2212.094249636345,118,0,1.0
17,Bottleneck,Optimal,0.65,1852.1094584793864,94,0,1.0
17,Bottleneck,Optimal,0.65,1500.662922487286,88,0,1.0
17,Bottleneck,Optimal,0.7000000000000001,2441.1583493332305,120,0,1.0
17,Bottleneck,Optimal,0.65,2609.854643119301,135,0,1.0
17,Bottleneck,Optimal,0.7000000000000001,2917.679620660875,147,0,1.0
17,Bottleneck,Optimal,0.8000000000000002,2266.579987421515,113,0,1.0
17,Bottleneck,Optimal,0.9000000000000002,1444.3474745821215,86,0,1.0
17,Bottleneck,Optimal,0.7000000000000001,2145.0913768222235,123,0,1.0
17,Bottleneck,Optimal,0.65,2001.943759039682,105,0,1.0
17,Bottleneck,Optimal,0.39999999999999997,1346.0846228539922,74,0,1.0
17,Bottleneck,Optimal,0.7500000000000001,1871.0531224600359,108,0,1.0
17,Bottleneck,Optimal,0.7000000000000001,1742.124697315962,102,0,1.0
17,Bottleneck,Optimal,0.6,1904.2326418843654,99,0,1.0
17,Bottleneck,Optimal,0.8500000000000002,1512.6760421607655,95,0,1.0
17,Bottleneck,Optimal,0.65,1981.0611000629112,102,0,1.0
17,Bottleneck,Optimal,0.8000000000000002,2133.9406846239817,106,0,1.0
17,Bottleneck,Optimal,0.6,2310.8979594598914,114,0,1.0
17,Bottleneck,Optimal,0.7500000000000001,2611.6812811933037,133,0,1.0
17,Bottleneck,Optimal,0.7500000000000001,2665.1656276741314,138,0,1.0
17,Bottleneck,Optimal,0.8500000000000002,1995.7647283382212,105,0,1.0
17,Bottleneck,Optimal,0.7500000000000001,2489.404340570401,138,0,1.0
17,Bottleneck,Optimal,0.8000000000000002,2193.183568513378,118,0,1.0
17,Bottleneck,Optimal,0.8000000000000002,2323.086696756997,120,0,1.0
17,Bottleneck,Optimal,0.9000000000000002,2153.16086626649,109,0,1.0
17,Bottleneck,Optimal,0.7500000000000001,2326.485326958239,123,0,1.0
17,Bottleneck,Optimal,0.8500000000000002,2186.9839617296916,108,0,1.0
17,Bottleneck,Optimal,0.8500000000000002,2229.201279787541,111,0,1.0
17,Bottleneck,Optimal,0.65,2595.2337207307905,129,0,1.0
17,Bottleneck,Optimal,0.65,2223.5433306696937,109,0,1.0
17,Bottleneck,Optimal,0.7500000000000001,2184.552965122425,108,0,1.0
17,Bottleneck,Optimal,0.65,1619.5386230553354,81,0,1.0
17,Bottleneck,Optimal,0.8500000000000002,3561.832062071431,178,0,1.0
17,Bottleneck,Optimal,0.44999999999999996,737.402678616296,40,0,1.0
17,Bottleneck,Optimal,0.6,1695.096247647354,89,0,1.0
17,Bottleneck,Optimal,0.8000000000000002,1724.802359504681,98,0,1.0
17,Bottleneck,Optimal,0.7500000000000001,2535.838608179165,125,0,1.0
17,Bottleneck,Optimal,0.8000000000000002,2450.9956781046485,123,0,1.0
17,Bottleneck,Optimal,0.5499999999999999,1217.0206280714729,63,0,1.0
17,Bottleneck,Optimal,0.65,1784.6326474383604,91,0,1.0
17,Bottleneck,Optimal,0.8500000000000002,1913.492410487525,99,0,1.0
17,Bottleneck,Optimal,0.8000000000000002,3066.658750573883,156,0,1.0
17,Bottleneck,Optimal,0.7000000000000001,2504.6859557652724,123,0,1.0
17,Bottleneck,Optimal,0.7500000000000001,1904.3300513148658,112,0,1.0
17,Bottleneck,Optimal,0.7500000000000001,2429.9551445537354,148,0,1.0
17,Bottleneck,Optimal,0.8500000000000002,2351.112733990296,116,0,1.0
17,Bottleneck,Optimal,0.7000000000000001,2542.187699410507,125,0,1.0
17,Bottleneck,Optimal,0.9000000000000002,2600.4292529428367,132,0,1.0
17,Bottleneck,Optimal,0.44999999999999996,1634.3586046651267,89,0,1.0
17,Bottleneck,Optimal,0.7000000000000001,2309.6135516892145,114,0,1.0
17,Bottleneck,Optimal,0.8000000000000002,2074.926047601189,111,0,1.0
17,Bottleneck,Optimal,0.9000000000000002,3465.338137011454,169,0,1.0
17,Bottleneck,Optimal,0.8000000000000002,2641.9985412435744,132,0,1.0
17,Bottleneck,Optimal,0.6,1977.9950764092664,98,0,1.0
17,Bottleneck,Optimal,0.44999999999999996,1981.4539867666222,105,0,1.0
17,Bottleneck,Optimal,0.6,1604.8963579754964,89,0,1.0
17,Bottleneck,Optimal,0.49999999999999994,1829.9427613166358,93,0,1.0
17,Bottleneck,Optimal,0.8000000000000002,1230.2932676760017,70,0,1.0
17,Bottleneck,Optimal,0.65,2342.9776420512917,116,0,1.0
17,Bottleneck,Optimal,0.65,1488.8965291040195,77,0,1.0
17,Bottleneck,Optimal,0.65,1275.9082296671463,71,0,1.0
17,Bottleneck,Optimal,0.49999999999999994,1760.27966724565,87,0,1.0
17,Bottleneck,Optimal,0.8500000000000002,3090.07642023446,164,0,1.0
17,Bottleneck,Optimal,0.7000000000000001,1889.9170667096028,97,0,1.0
17,Bottleneck,Optimal,0.49999999999999994,1648.585405999158,90,0,1.0
17,Bottleneck,Optimal,0.3,1614.856256418754,83,0,1.0
17,Bottleneck,Optimal,0.8000000000000002,2987.15189113464,158,0,1.0
17,Bottleneck,Optimal,0.8500000000000002,3037.142536007261,149,0,1.0
17,Bottleneck,Optimal,0.8500000000000002,2615.7392100697043,128,0,1.0
17,Bottleneck,Optimal,0.6,2023.0312810241112,106,0,1.0
17,Bottleneck,Optimal,0.7500000000000001,2491.566920396487,131,0,1.0
17,Bottleneck,Optimal,0.6,1871.3955194118394,101,0,1.0
17,Bottleneck,Optimal,0.8000000000000002,2156.087098522582,108,0,1.0
17,Bottleneck,Optimal,0.9000000000000002,2212.9295597278806,111,0,1.0
17,Bottleneck,Optimal,0.6,1301.554096366061,72,0,1.0
17,Bottleneck,Optimal,0.6,1812.661986370034,99,0,1.0
17,Bottleneck,Optimal,0.7500000000000001,2534.5893290490258,136,0,1.0
17,Bottleneck,Optimal,0.7500000000000001,1401.072027240201,84,0,1.0
17,Bottleneck,Optimal,0.49999999999999994,1866.0426093592278,93,0,1.0
17,Bottleneck,Optimal,0.6,1853.95269295668,92,0,1.0
17,Bottleneck,Optimal,0.8000000000000002,1856.1318075017707,93,0,1.0
17,Bottleneck,Optimal,0.8000000000000002,2688.5503940480276,132,0,1.0
17,Bottleneck,Optimal,0.49999999999999994,1262.508460291805,67,0,1.0
17,Bottleneck,Optimal,0.65,1596.372889440996,95,0,1.0
17,Bottleneck,Optimal,0.49999999999999994,1244.158295372614,67,0,1.0
17,Bottleneck,Optimal,0.5499999999999999,1306.3407037189918,70,0,1.0
17,Bottleneck,Optimal,0.39999999999999997,1476.6449167650742,78,0,1.0
17,Bottleneck,Optimal,0.44999999999999996,1584.2384867978728,79,0,1.0
17,Bottleneck,Optimal,0.7000000000000001,1494.106704998837,81,0,1.0
17,Bottleneck,Optimal,0.7500000000000001,1688.8317265346473,86,0,1.0
17,Bottleneck,Optimal,0.5499999999999999,2103.991432004021,109,0,1.0
17,Bottleneck,Optimal,0.5499999999999999,939.3950685347158,53,0,1.0
17,Bottleneck,Optimal,0.7000000000000001,2476.05643486483,123,0,1.0
17,Bottleneck,Optimal,0.7000000000000001,1602.3636967514813,88,0,1.0
17,Bottleneck,Optimal,0.65,1920.0042282799877,95,0,1.0
17,Bottleneck,Optimal,0.9000000000000002,2961.8722200087614,150,0,1.0
17,Bottleneck,Optimal,0.8500000000000002,2309.667433259171,124,0,1.0
17,Bottleneck,Optimal,0.7000000000000001,2436.2770348168415,121,0,1.0
17,Bottleneck,Optimal,0.7500000000000001,2076.9434140856238,103,0,1.0
17,Bottleneck,Optimal,0.8500000000000002,1953.0522749314575,106,0,1.0
17,Bottleneck,Optimal,0.9000000000000002,2965.3310400811197,148,0,1.0
17,Bottleneck,Optimal,0.7500000000000001,1307.879755059111,82,0,1.0
17,Bottleneck,Optimal,0.5499999999999999,1779.945835730024,91,0,1.0
17,Bottleneck,Optimal,0.8000000000000002,2353.2696704152604,116,0,1.0
17,Bottleneck,Optimal,0.7500000000000001,1706.7648992445975,97,0,1.0
17,Bottleneck,Optimal,0.65,2525.5928375422254,134,0,1.0
17,Bottleneck,Optimal,0.7000000000000001,1078.1432879738063,63,0,1.0
17,Bottleneck,Optimal,0.7500000000000001,2563.1183390787446,136,0,1.0
17,Bottleneck,Optimal,0.7500000000000001,1747.269712822686,94,0,1.0
17,Bottleneck,Optimal,0.65,2347.5290678107967,116,0,1.0
17,Bottleneck,Optimal,0.7500000000000001,2266.3851364295183,120,0,1.0
17,Bottleneck,Optimal,0.7500000000000001,2304.9550056285407,114,0,1.0
17,Bottleneck,Optimal,0.8500000000000002,2054.5965440249115,101,0,1.0
17,Bottleneck,Optimal,0.49999999999999994,1678.2700971616287,94,0,1.0
17,Bottleneck,Optimal,0.65,1701.1622870808683,85,0,1.0
17,Bottleneck,Optimal,0.7500000000000001,3164.8629591560575,155,0,1.0
17,Bottleneck,Optimal,0.7000000000000001,2448.5194971710325,124,0,1.0
17,Bottleneck,Optimal,0.7500000000000001,1862.111761506525,99,0,1.0
17,Bottleneck,Optimal,0.7000000000000001,2072.0484895262566,107,0,1.0
17,Bottleneck,Optimal,0.8500000000000002,1993.0006175753515,103,0,1.0
17,Bottleneck,Optimal,0.6,2208.649521059916,109,0,1.0
17,Bottleneck,Optimal,0.7000000000000001,1772.6082367140089,95,0,1.0
17,Bottleneck,Optimal,0.7000000000000001,2618.614785369401,136,0,1.0
17,Bottleneck,Optimal,0.8000000000000002,1567.6013428579492,93,0,1.0
17,Bottleneck,Optimal,0.7500000000000001,1625.7433219569184,84,0,1.0
17,Bottleneck,Optimal,0.7000000000000001,2281.389132623318,113,0,1.0
17,Bottleneck,Optimal,0.7000000000000001,1878.1438817860376,97,0,1.0
17,Bottleneck,Optimal,0.44999999999999996,1044.189486377529,57,0,1.0
17,Bottleneck,Optimal,0.9000000000000002,3339.8293738040074,163,0,1.0
17,Bottleneck,Optimal,0.7000000000000001,1572.4620858267024,78,0,1.0
17,Bottleneck,Optimal,0.7500000000000001,2153.986483784102,106,0,1.0
17,Bottleneck,Optimal,0.6,1769.1239115393082,88,0,1.0
17,Bottleneck,Optimal,0.8000000000000002,1729.16635203339,107,0,1.0
17,Bottleneck,Optimal,0.7000000000000001,2058.740928439983,104,0,1.0
17,Bottleneck,Optimal,0.65,1817.3935609088167,98,0,1.0
17,Bottleneck,Optimal,0.65,1859.6490848698481,95,0,1.0
17,Bottleneck,Optimal,0.9000000000000002,2711.9768443889434,137,0,1.0
17,Bottleneck,Optimal,0.65,2027.9705622588665,102,0,1.0
17,Bottleneck,Optimal,0.7500000000000001,1401.3820633353062,75,0,1.0
17,Bottleneck,Optimal,0.8500000000000002,1977.5229818670268,98,0,1.0
17,Bottleneck,Optimal,0.7000000000000001,1777.798095361822,96,0,1.0
17,Bottleneck,Optimal,0.8500000000000002,1456.732809031319,73,0,1.0
17,Bottleneck,Optimal,0.65,1830.0765538032147,95,0,1.0
17,Bottleneck,Optimal,0.7500000000000001,2407.3248518513706,137,0,1.0
17,Bottleneck,Optimal,0.7000000000000001,2053.626518071414,101,0,1.0
17,Bottleneck,Optimal,0.7500000000000001,1661.5886708641763,91,0,1.0
17,Bottleneck,Optimal,0.65,2138.711788613914,120,0,1.0
17,Bottleneck,Optimal,0.9500000000000003,3536.8799183962465,174,0,1.0
17,Bottleneck,Optimal,0.6,1527.4450211597155,81,0,1.0
17,Bottleneck,Optimal,0.5499999999999999,1371.0703488641464,77,0,1.0
17,Bottleneck,Optimal,0.6,1952.9228698474983,103,0,1.0
17,Bottleneck,Optimal,0.8000000000000002,1834.7449375593364,94,0,1.0
17,Bottleneck,Optimal,0.6,1214.0150037435847,70,0,1.0
17,Bottleneck,Optimal,0.8500000000000002,2605.082187105172,129,0,1.0
17,Bottleneck,Optimal,0.7500000000000001,2317.65884386769,117,0,1.0
17,Bottleneck,Optimal,0.7000000000000001,1354.0588348906244,74,0,1.0
17,Bottleneck,Optimal,0.9500000000000003,1921.2182400990732,95,0,1.0
17,Bottleneck,Optimal,0.8000000000000002,1613.1515531538826,80,0,1.0
17,Bottleneck,Optimal,0.7500000000000001,2267.91490555769,112,0,1.0
17,Bottleneck,Optimal,0.7500000000000001,1890.3604318778252,102,0,1.0
17,Bottleneck,Optimal,0.7000000000000001,1360.2145623301355,73,0,1.0
17,Bottleneck,Optimal,0.7500000000000001,2493.678577665324,123,0,1.0
17,Bottleneck,Optimal,0.7500000000000001,2054.413433025232,106,0,1.0
17,Bottleneck,Optimal,0.7000000000000001,2690.5373437836024,138,0,1.0
17,Bottleneck,Optimal,0.8000000000000002,2760.8959947856974,139,0,1.0
17,Bottleneck,Optimal,0.65,1990.4534203792643,100,0,1.0
17,Bottleneck,Optimal,0.7500000000000001,1778.9390664761747,90,0,1.0
17,Bottleneck,Optimal,0.6,1416.3113055389658,82,0,1.0
17,Bottleneck,Optimal,0.8000000000000002,1636.0557019888906,98,0,1.0
17,Bottleneck,Optimal,0.7000000000000001,1934.9644994196483,96,0,1.0
17,Bottleneck,Optimal,0.65,1309.3549142128434,77,0,1.0
17,Bottleneck,Optimal,0.65,2410.680459850355,119,0,1.0
17,Bottleneck,Optimal,0.8000000000000002,2031.7524489889395,101,0,1.0
17,Bottleneck,Optimal,0.7500000000000001,1858.320832861501,94,0,1.0
17,Bottleneck,Optimal,0.7000000000000001,2625.329585667614,129,0,1.0
17,Bottleneck,Optimal,0.9000000000000002,2734.6490853921146,140,0,1.0
17,Bottleneck,Optimal,0.7500000000000001,2309.7393647657764,120,0,1.0
17,Bottleneck,Optimal,0.8500000000000002,2076.2628097101697,102,0,1.0
17,Bottleneck,Optimal,0.7500000000000001,2087.3960372411375,108,0,1.0
17,Bottleneck,Optimal,0.7000000000000001,1760.6149076500178,104,0,1.0
17,Bottleneck,Optimal,0.9000000000000002,3221.63562439032,164,0,1.0
17,Bottleneck,Optimal,0.8000000000000002,1956.4212373462653,107,0,1.0
17,Bottleneck,Optimal,0.65,1518.466096043197,76,0,1.0
17,Bottleneck,Optimal,0.8000000000000002,2363.3152592430883,126,0,1.0
17,Bottleneck,Optimal,0.65,2417.312090117058,119,0,1.0
17,Bottleneck,Optimal,0.35,1026.3106523343113,52,0,1.0
17,Bottleneck,Optimal,0.7000000000000001,2480.884845883762,122,0,1.0
17,Bottleneck,Optimal,0.8000000000000002,2609.6548902532218,134,0,1.0
17,Bottleneck,Optimal,0.6,2550.5704571174724,125,0,1.0
17,Bottleneck,Optimal,0.7500000000000001,2633.5720306934663,132,0,1.0
17,Bottleneck,Optimal,0.7000000000000001,1868.0066286550045,99,0,1.0
17,Bottleneck,Optimal,0.7500000000000001,2387.6966674993323,118,0,1.0
17,Bottleneck,Optimal,0.8000000000000002,2941.053565428494,144,0,1.0
17,Bottleneck,Optimal,0.65,1613.9088754172767,81,0,1.0
17,Bottleneck,Optimal,0.9000000000000002,1480.8960850196383,87,0,1.0
17,Bottleneck,Optimal,0.6,1720.391097899339,88,0,1.0
17,Bottleneck,Optimal,0.7000000000000001,2928.546707062681,149,0,1.0
17,Bottleneck,Optimal,0.49999999999999994,1571.305103791615,80,0,1.0
17,Bottleneck,Optimal,0.7000000000000001,2348.50193657232,115,0,1.0
17,Bottleneck,Optimal,0.7500000000000001,1907.130016154501,98,0,1.0
17,Bottleneck,Optimal,0.7000000000000001,1194.201606199465,65,0,1.0
17,Bottleneck,Optimal,0.7500000000000001,2977.871976176517,146,0,1.0
17,Bottleneck,Optimal,0.8000000000000002,1801.9385830267693,91,0,1.0
17,Bottleneck,Optimal,0.8000000000000002,1997.236520839064,100,0,1.0
17,Bottleneck,Optimal,0.6,1653.7572646184003,82,0,1.0
17,Bottleneck,Optimal,0.7000000000000001,1329.1141408949843,84,0,1.0
17,Bottleneck,Optimal,0.8000000000000002,1519.5574947324658,82,0,1.0
17,Bottleneck,Optimal,0.7500000000000001,2200.6594169352384,112,0,1.0
17,Bottleneck,Optimal,0.7500000000000001,2175.2588647892953,108,0,1.0
17,Bottleneck,Optimal,0.49999999999999994,1691.9857640235252,93,0,1.0
17,Bottleneck,Optimal,0.49999999999999994,2583.1482484627973,138,0,1.0
17,Bottleneck,Optimal,0.7500000000000001,1468.4116975680254,79,0,1.0
17,Bottleneck,Optimal,0.8500000000000002,2338.823287412069,128,0,1.0
17,Bottleneck,Optimal,0.7500000000000001,2069.820016631101,102,0,1.0
17,Bottleneck,Optimal,0.7500000000000001,2106.038935176918,109,0,1.0
17,Bottleneck,Optimal,0.7500000000000001,2114.268892461644,104,0,1.0
17,Bottleneck,Optimal,0.8000000000000002,1632.829454954157,85,0,1.0
17,Bottleneck,Optimal,0.8500000000000002,2264.9013679312034,111,0,1.0
17,Bottleneck,Optimal,0.7000000000000001,2016.7616176216516,105,0,1.0
17,Bottleneck,Optimal,0.9000000000000002,1746.1409541833168,95,0,1.0
17,Bottleneck,Optimal,0.8000000000000002,2429.2837777155164,123,0,1.0
17,Bottleneck,Optimal,0.7000000000000001,2621.524197995826,136,0,1.0
17,Bottleneck,Optimal,0.65,2039.8638929595227,111,0,1.0
17,Bottleneck,Optimal,0.8000000000000002,3080.643757469412,151,0,1.0
17,Bottleneck,Optimal,0.9000000000000002,2397.7193978380656,128,0,1.0
17,Bottleneck,Optimal,0.7500000000000001,1088.9754274445302,64,0,1.0
17,Bottleneck,Optimal,0.65,2171.4015403863878,109,0,1.0
17,Bottleneck,Optimal,0.7500000000000001,1666.9272575092791,84,0,1.0
17,Bottleneck,Optimal,0.8500000000000002,2434.749143494165,120,0,1.0
17,Bottleneck,Optimal,0.7500000000000001,1674.216756363664,99,0,1.0
17,Bottleneck,Optimal,0.7000000000000001,1432.2708261037396,81,0,1.0
17,Bottleneck,Optimal,0.7500000000000001,1893.068759521958,97,0,1.0
17,Bottleneck,Optimal,0.8500000000000002,2367.816137451875,122,0,1.0
17,Bottleneck,Optimal,0.8000000000000002,1762.680686014247,87,0,1.0
17,Bottleneck,Optimal,0.7000000000000001,1394.7490026923883,76,0,1.0
17,Bottleneck,Optimal,0.65,2004.1497653934323,104,0,1.0
17,Bottleneck,Optimal,0.7000000000000001,1563.3840887381523,81,0,1.0
17,Bottleneck,Optimal,0.7000000000000001,1724.5538207596096,101,0,1.0
17,Bottleneck,Optimal,0.8000000000000002,1974.1096195461557,110,0,1.0
17,Bottleneck,Optimal,0.7500000000000001,2767.6658864851506,137,0,1.0
17,Bottleneck,Optimal,0.7500000000000001,1290.9613100743436,69,0,1.0
17,Bottleneck,Optimal,0.65,2343.35550413457,131,0,1.0
17,Bottleneck,Optimal,0.8000000000000002,2484.7404964483876,126,0,1.0
17,Bottleneck,Optimal,0.8000000000000002,1598.3612731984626,81,0,1.0
17,Bottleneck,Optimal,0.65,2263.6473451824068,127,0,1.0
17,Bottleneck,Optimal,0.8000000000000002,2781.5854082395463,139,0,1.0
17,Bottleneck,Optimal,0.9000000000000002,2846.5958995669894,140,0,1.0
17,Bottleneck,Optimal,0.7000000000000001,1918.4894893245532,95,0,1.0
17,Bottleneck,Optimal,0.7000000000000001,1420.8509475407502,74,0,1.0
17,Bottleneck,Optimal,0.7000000000000001,1673.6897623478978,92,0,1.0
17,Bottleneck,Optimal,0.8000000000000002,2124.764370329007,105,0,1.0
17,Bottleneck,Optimal,0.7500000000000001,2642.6241364248463,135,0,1.0
17,Bottleneck,Optimal,0.65,2206.1927121763338,110,0,1.0
17,Bottleneck,Optimal,0.7500000000000001,2055.6040746817366,116,0,1.0
17,Bottleneck,Optimal,0.6,2141.3161661518293,121,0,1.0
17,Bottleneck,Optimal,0.7500000000000001,2036.2540143151145,105,0,1.0
17,Bottleneck,Optimal,0.7000000000000001,1506.8941718301326,84,0,1.0
17,Bottleneck,Optimal,0.44999999999999996,1528.2448803583593,79,0,1.0
17,Bottleneck,Optimal,0.9000000000000002,1727.9490700618258,102,0,1.0
17,Bottleneck,Optimal,0.8500000000000002,1821.3757787817926,101,0,1.0
17,Bottleneck,Optimal,0.7000000000000001,2197.013672893372,111,0,1.0
17,Bottleneck,Optimal,0.65,2142.977153140916,116,0,1.0
17,Bottleneck,Optimal,0.8000000000000002,2315.0307605682565,121,0,1.0
17,Bottleneck,Optimal,0.7000000000000001,2036.377447660829,124,0,1.0
17,Bottleneck,Optimal,0.49999999999999994,694.6916859300477,45,0,1.0
17,Bottleneck,Optimal,0.65,1974.6571611412428,121,0,1.0
17,Bottleneck,Optimal,0.7500000000000001,1704.263585150099,94,0,1.0
17,Bottleneck,Optimal,0.8000000000000002,2329.9558356023335,115,0,1.0
17,Bottleneck,Optimal,0.65,1856.2701607542795,95,0,1.0
17,Bottleneck,Optimal,0.8500000000000002,1586.516593667803,87,0,1.0
17,Bottleneck,Optimal,0.9000000000000002,2316.2919825304043,117,0,1.0
17,Bottleneck,Optimal,0.8500000000000002,2802.837742556173,149,0,1.0
17,Bottleneck,Optimal,0.8000000000000002,2031.2638336675595,104,0,1.0
17,Bottleneck,Optimal,0.7000000000000001,2564.715786125088,126,0,1.0
17,Bottleneck,Optimal,0.65,1996.387824505475,104,0,1.0
17,Bottleneck,Optimal,0.9000000000000002,3098.4513083550014,151,0,1.0
17,Bottleneck,Optimal,0.7000000000000001,1862.811048781156,105,0,1.0
17,Bottleneck,Optimal,0.8500000000000002,2110.0876132095987,104,0,1.0
17,Bottleneck,Optimal,0.7500000000000001,3035.7831145470545,155,0,1.0
17,Bottleneck,Optimal,0.65,1821.460029565402,109,0,1.0
17,Bottleneck,Optimal,0.7500000000000001,2114.6138701098344,105,0,1.0
17,Bottleneck,Optimal,0.8500000000000002,1694.9590194254004,92,0,1.0
17,Bottleneck,Optimal,0.7000000000000001,1118.36061355919,68,0,1.0
17,Bottleneck,Optimal,0.5499999999999999,1370.2161007797072,75,0,1.0
17,Bottleneck,Optimal,0.49999999999999994,1281.8288344325565,69,0,1.0
17,Bottleneck,Optimal,0.6,2172.537820430363,111,0,1.0
17,Bottleneck,Optimal,0.65,1135.8361460151314,57,0,1.0
17,Bottleneck,Optimal,0.65,1514.5874007327404,79,0,1.0
17,Bottleneck,Optimal,0.7500000000000001,2045.88755932277,102,0,1.0
17,Bottleneck,Optimal,0.8000000000000002,2136.1650883791126,106,0,1.0
17,Bottleneck,Optimal,0.8000000000000002,3093.2841307865046,155,0,1.0
17,Bottleneck,Optimal,0.65,1654.1870136384298,82,0,1.0
17,Bottleneck,Optimal,0.8500000000000002,2162.796797059622,115,0,1.0
17,Bottleneck,Optimal,0.8500000000000002,2162.3451560838284,109,0,1.0
17,Bottleneck,Optimal,0.6,1663.0814372905156,85,0,1.0
17,Bottleneck,Optimal,0.5499999999999999,1236.8090913304081,62,0,1.0
17,Bottleneck,Optimal,0.7500000000000001,2348.901900336082,116,0,1.0
17,Bottleneck,Optimal,0.65,1608.4610408516073,80,0,1.0
17,Bottleneck,Optimal,0.65,2422.6887523083915,124,0,1.0
17,Bottleneck,Optimal,0.7500000000000001,1487.1618436382964,82,0,1.0
17,Bottleneck,Optimal,0.8000000000000002,2212.8815013695157,115,0,1.0
17,Bottleneck,Optimal,0.65,1415.3681829796317,74,0,1.0
17,Bottleneck,Optimal,0.65,1643.3868980395855,93,0,1.0
17,Bottleneck,Optimal,0.65,2328.150221647249,123,0,1.0
17,Bottleneck,Optimal,0.65,1633.0517906041616,88,0,1.0
17,Bottleneck,Optimal,0.44999999999999996,1238.5163273238954,63,0,1.0
17,Bottleneck,Optimal,0.7000000000000001,1732.4765310628395,89,0,1.0
17,Bottleneck,Optimal,0.7500000000000001,2016.340284365011,101,0,1.0
17,Bottleneck,Optimal,0.5499999999999999,1188.8658016003812,65,0,1.0
17,Bottleneck,Optimal,0.49999999999999994,1763.226432496145,88,0,1.0
17,Bottleneck,Optimal,0.7000000000000001,1310.744710109299,68,0,1.0
17,Bottleneck,Optimal,0.7000000000000001,1473.248570315452,82,0,1.0
17,Bottleneck,Optimal,0.7500000000000001,2451.938175953591,120,0,1.0
17,Bottleneck,Optimal,0.7500000000000001,2002.6635507902104,109,0,1.0
17,Bottleneck,Optimal,0.6,1749.8696195677962,89,0,1.0
17,Bottleneck,Optimal,0.8500000000000002,2687.3766965292552,150,0,1.0
17,Bottleneck,Optimal,0.7500000000000001,2086.746280791604,106,0,1.0
17,Bottleneck,Optimal,0.7000000000000001,1699.002600726095,87,0,1.0
17,Bottleneck,Optimal,0.5499999999999999,1274.5153840537282,73,0,1.0
17,Bottleneck,Optimal,0.7000000000000001,2046.1720311606987,102,0,1.0
17,Bottleneck,Optimal,0.7000000000000001,2421.09194071518,119,0,1.0
17,Bottleneck,Optimal,0.65,1505.5010915694625,78,0,1.0
17,Bottleneck,Optimal,0.8000000000000002,1841.2272260449556,94,0,1.0
17,Bottleneck,Optimal,0.65,1387.4342582272775,70,0,1.0
17,Bottleneck,Optimal,0.6,2140.6112102923444,106,0,1.0
17,Bottleneck,Optimal,0.7000000000000001,1266.5249802440921,77,0,1.0
17,Bottleneck,Optimal,0.5499999999999999,1743.8515224759913,87,0,1.0
17,Bottleneck,Optimal,0.5499999999999999,1611.6945034465289,88,0,1.0
17,Bottleneck,Optimal,0.65,1290.547356863612,66,0,1.0
17,Bottleneck,Optimal,0.6,1611.973986414905,105,0,1.0
17,Bottleneck,Optimal,0.7000000000000001,2220.0430479370607,123,0,1.0
17,Bottleneck,Optimal,0.65,1399.0949497293473,73,0,1.0
17,Bottleneck,Optimal,0.65,1310.8811104600795,69,0,1.0
17,Bottleneck,Optimal,0.65,1590.8681455279868,88,0,1.0
17,Bottleneck,Optimal,0.8000000000000002,2491.340868066245,132,0,1.0
17,Bottleneck,Optimal,0.7500000000000001,2664.199328350557,136,0,1.0
17,Bottleneck,Optimal,0.7500000000000001,1691.0958700258157,105,0,1.0
17,Bottleneck,Optimal,0.8000000000000002,2821.866881865476,141,0,1.0
17,Bottleneck,Optimal,0.65,2073.1654602300837,106,0,1.0
17,Bottleneck,Optimal,0.9500000000000003,3219.3848631630135,166,0,1.0
17,Bottleneck,Optimal,0.49999999999999994,1981.3378268826843,105,0,1.0
17,Bottleneck,Optimal,0.8500000000000002,2469.8999309364754,128,0,1.0
17,Bottleneck,Optimal,0.9000000000000002,2084.042940549793,109,0,1.0
17,Bottleneck,Optimal,0.8500000000000002,2733.886521613067,146,0,1.0
17,Bottleneck,Optimal,0.5499999999999999,1473.5424279879367,77,0,1.0
17,Bottleneck,Optimal,0.65,1094.6277470139667,56,0,1.0
17,Bottleneck,Optimal,0.65,1697.2997804941342,89,0,1.0
17,Bottleneck,Optimal,0.8500000000000002,2023.0729571126767,107,0,1.0
17,Bottleneck,Optimal,0.9500000000000003,3260.0010102128335,164,0,1.0
17,Bottleneck,Optimal,0.7000000000000001,1631.933038750291,95,0,1.0
17,Bottleneck,Optimal,0.8000000000000002,1893.1796862615083,94,0,1.0
17,Bottleneck,Optimal,0.6,1612.1289639007337,95,0,1.0
17,Bottleneck,Optimal,0.6,1320.040060316219,71,0,1.0
17,Bottleneck,Optimal,0.9000000000000002,2832.7900928307927,146,0,1.0
17,Bottleneck,Optimal,0.65,1990.0742287823628,101,0,1.0
17,Bottleneck,Optimal,0.44999999999999996,1520.48423685646,77,0,1.0
17,Bottleneck,Optimal,0.8000000000000002,2367.8823967786884,117,0,1.0
17,Bottleneck,Optimal,0.7000000000000001,2492.339909592245,123,0,1.0
17,Bottleneck,Optimal,0.9000000000000002,1968.6534428952564,102,0,1.0
17,Bottleneck,Optimal,0.8500000000000002,2214.7602250861546,109,0,1.0
17,Bottleneck,Optimal,0.8000000000000002,2216.2777140065064,110,0,1.0
17,Bottleneck,Optimal,0.8000000000000002,2298.6151918931037,114,0,1.0
17,Bottleneck,Optimal,0.8500000000000002,2643.0857615414566,132,0,1.0
17,Bottleneck,Optimal,0.65,2060.4862882393236,121,0,1.0
17,Bottleneck,Optimal,0.7500000000000001,2098.2355764580107,104,0,1.0
17,Bottleneck,Optimal,0.8000000000000002,2563.461489536663,135,0,1.0
17,Bottleneck,Optimal,0.8000000000000002,1818.3643032394557,91,0,1.0
17,Bottleneck,Optimal,0.7000000000000001,2288.5864239936845,115,0,1.0
17,Bottleneck,Optimal,0.9000000000000002,2283.7491053315634,122,0,1.0
17,Bottleneck,Optimal,0.65,1914.5388552952948,95,0,1.0
17,Bottleneck,Optimal,0.65,2849.4597062163302,158,0,1.0
17,Bottleneck,Optimal,0.9000000000000002,2376.051768652885,136,0,1.0
17,Bottleneck,Optimal,0.9000000000000002,2200.893598402145,109,0,1.0
17,Bottleneck,Optimal,0.8500000000000002,1904.90908767404,108,0,1.0
17,Bottleneck,Optimal,0.7000000000000001,1600.3119291007902,96,0,1.0
17,Bottleneck,Optimal,0.8000000000000002,2104.9339189591847,104,0,1.0
17,Bottleneck,Optimal,0.7500000000000001,2036.2199683774897,101,0,1.0
17,Bottleneck,Optimal,0.8000000000000002,1597.0440848174044,80,0,1.0
17,Bottleneck,Optimal,0.7500000000000001,1591.3009745838717,79,0,1.0
17,Bottleneck,Optimal,0.7500000000000001,2454.882408218767,124,0,1.0
17,Bottleneck,Optimal,0.7000000000000001,1319.711361220417,73,0,1.0
17,Bottleneck,Optimal,0.9000000000000002,3155.686850210982,154,0,1.0
17,Bottleneck,Optimal,0.7000000000000001,1612.3633935820862,94,0,1.0
17,Bottleneck,Optimal,0.7500000000000001,2794.5829527144624,140,0,1.0
17,Bottleneck,Optimal,0.9000000000000002,1462.1902430715031,84,0,1.0
17,Bottleneck,Optimal,0.8000000000000002,1954.1510736525365,105,0,1.0
17,Bottleneck,Optimal,0.7000000000000001,2535.978931229419,130,0,1.0
17,Bottleneck,Optimal,0.8000000000000002,2435.314426241801,120,0,1.0
17,Bottleneck,Optimal,0.7500000000000001,2342.6801196572587,115,0,1.0
17,Bottleneck,Optimal,0.5499999999999999,1763.9937295202672,101,0,1.0
17,Bottleneck,Optimal,0.65,1857.5268526520545,92,0,1.0
17,Bottleneck,Optimal,0.5499999999999999,2093.90968250248,104,0,1.0
17,Bottleneck,Optimal,0.7000000000000001,2171.9291702320934,107,0,1.0
17,Bottleneck,Optimal,0.7500000000000001,2709.2493395610554,156,0,1.0
17,Bottleneck,Optimal,0.8000000000000002,2122.089052455809,115,0,1.0
17,Bottleneck,Optimal,0.8000000000000002,2377.9511494721078,123,0,1.0
17,Bottleneck,Optimal,0.8000000000000002,2265.78963851496,112,0,1.0
17,Bottleneck,Optimal,0.8000000000000002,1493.520665946171,82,0,1.0
17,Bottleneck,Optimal,0.8500000000000002,1708.7526086303324,100,0,1.0
17,Bottleneck,Optimal,0.9000000000000002,2319.85756126654,114,0,1.0
17,Bottleneck,Optimal,0.7000000000000001,1768.5908649766125,91,0,1.0
17,Bottleneck,Optimal,0.8000000000000002,1904.3560194873066,99,0,1.0
17,Bottleneck,Optimal,0.65,2525.5655092690195,125,0,1.0
17,Bottleneck,Optimal,0.35,1237.1289069952295,62,0,1.0
17,Bottleneck,Optimal,0.8500000000000002,2423.152670685196,128,0,1.0
17,Bottleneck,Optimal,0.9000000000000002,2698.6431845089137,135,0,1.0
17,Bottleneck,Optimal,0.8000000000000002,1849.8972668377432,102,0,1.0
17,Bottleneck,Optimal,0.8500000000000002,2319.688884145994,116,0,1.0
17,Bottleneck,Optimal,0.6,1973.6616504377498,112,0,1.0
17,Bottleneck,Optimal,0.7000000000000001,1847.175771830664,92,0,1.0
17,Bottleneck,Optimal,0.65,2048.9338883265696,101,0,1.0
17,Bottleneck,Optimal,0.8000000000000002,2216.2533155533492,110,0,1.0
17,Bottleneck,Optimal,0.65,1137.9781046532426,63,0,1.0
17,Bottleneck,Optimal,0.65,1274.4773453147473,67,0,1.0
17,Bottleneck,Optimal,0.8000000000000002,2120.9461280216283,110,0,1.0
17,Bottleneck,Optimal,0.6,1477.3829422156498,74,0,1.0
17,Bottleneck,Optimal,0.7500000000000001,1478.730275552024,74,0,1.0
17,Bottleneck,Optimal,0.8000000000000002,2385.4981694376124,125,0,1.0
17,Bottleneck,Optimal,0.7500000000000001,1960.7109321592907,97,0,1.0
17,Bottleneck,Optimal,0.44999999999999996,1434.0313128963635,77,0,1.0
17,Bottleneck,Optimal,0.8000000000000002,2466.1121235603755,131,0,1.0
17,Bottleneck,Optimal,0.65,1747.022203635467,95,0,1.0
17,Bottleneck,Optimal,0.9000000000000002,1773.715047782826,96,0,1.0
17,Bottleneck,Optimal,0.7000000000000001,1492.1613941787778,85,0,1.0
17,Bottleneck,Optimal,0.65,2044.2598714292826,106,0,1.0
17,Bottleneck,Optimal,0.7000000000000001,1807.6416720185634,94,0,1.0
17,Bottleneck,Optimal,0.7000000000000001,1829.2304161484585,90,0,1.0
17,Bottleneck,Optimal,0.65,1634.914762860031,89,0,1.0
17,Bottleneck,Optimal,0.44999999999999996,1789.213477855509,90,0,1.0
17,Bottleneck,Optimal,0.7000000000000001,1700.1411917612959,101,0,1.0
17,Bottleneck,Optimal,0.49999999999999994,1591.2927637588248,79,0,1.0
17,Bottleneck,Optimal,0.7500000000000001,2345.0151349322023,117,0,1.0
17,Bottleneck,Optimal,0.7500000000000001,2042.0872905447884,109,0,1.0
17,Bottleneck,Optimal,0.7000000000000001,1080.5548655049336,71,0,1.0
17,Bottleneck,Optimal,0.7000000000000001,2428.3697076843923,120,0,1.0
17,Bottleneck,Optimal,0.8000000000000002,2877.775804723643,142,0,1.0
17,Bottleneck,Optimal,0.5499999999999999,1777.6253640497528,107,0,1.0
17,Bottleneck,Optimal,0.7000000000000001,2084.7805663896347,106,0,1.0
17,Bottleneck,Optimal,0.8000000000000002,1503.679602858519,88,0,1.0
17,Bottleneck,Optimal,0.7500000000000001,1336.927640663353,79,0,1.0
17,Bottleneck,Optimal,0.65,1888.8756815106863,101,0,1.0
17,Bottleneck,Optimal,0.7500000000000001,1920.1491665793164,103,0,1.0
17,Bottleneck,Optimal,0.7000000000000001,1477.5468565938654,73,0,1.0
17,Bottleneck,Optimal,0.65,1238.2606533642695,62,0,1.0
17,Bottleneck,Optimal,0.49999999999999994,2231.6469439128796,119,0,1.0
17,Bottleneck,Optimal,0.44999999999999996,1552.350639765703,78,0,1.0
17,Bottleneck,Optimal,0.6,1508.15904600072,75,0,1.0
17,Bottleneck,Optimal,0.5499999999999999,1859.183243403109,93,0,1.0
17,Bottleneck,Optimal,0.65,1440.6212479205396,77,0,1.0
17,Bottleneck,Optimal,0.5499999999999999,1509.6941801675584,83,0,1.0
17,Bottleneck,Optimal,0.25,1093.1765593268588,61,0,1.0
17,Bottleneck,Optimal,0.7000000000000001,2172.224123137942,116,0,1.0
17,Bottleneck,Optimal,0.65,1775.5983773934581,98,0,1.0
17,Bottleneck,Optimal,0.7500000000000001,1848.0362980168234,97,0,1.0
17,Bottleneck,Optimal,0.5499999999999999,1526.7948816183123,76,0,1.0
17,Bottleneck,Optimal,0.8000000000000002,1875.2867466193115,110,0,1.0
17,Bottleneck,Optimal,0.6,1984.53800622577,119,0,1.0
17,Bottleneck,Optimal,0.6,2017.4878863924293,105,0,1.0
17,Bottleneck,Optimal,0.5499999999999999,1402.0242267649487,75,0,1.0
17,Bottleneck,Optimal,0.7000000000000001,1981.7968808376447,98,0,1.0
17,Bottleneck,Optimal,0.7000000000000001,1371.2950058325814,75,0,1.0
17,Bottleneck,Optimal,0.7500000000000001,1993.0309220384927,102,0,1.0
17,Bottleneck,Optimal,0.7000000000000001,1468.7920886044994,74,0,1.0
17,Bottleneck,Optimal,0.8500000000000002,2598.423257353965,128,0,1.0
17,Bottleneck,Optimal,0.7500000000000001,1862.3647432498824,96,0,1.0
17,Bottleneck,Optimal,0.65,2039.4706713690944,100,0,1.0
17,Bottleneck,Optimal,0.49999999999999994,1467.8885027519425,74,0,1.0
17,Bottleneck,Optimal,0.8500000000000002,1643.3639400305756,95,0,1.0
17,Bottleneck,Optimal,0.5499999999999999,1440.8943510748832,78,0,1.0
17,Bottleneck,Optimal,0.8000000000000002,2611.1820540270587,142,0,1.0
17,Bottleneck,Optimal,0.9000000000000002,1688.9605722965507,87,0,1.0
17,Bottleneck,Optimal,0.9000000000000002,2646.3297000452567,145,0,1.0
17,Bottleneck,Optimal,0.6,2188.6212494168544,108,0,1.0
17,Bottleneck,Optimal,0.7500000000000001,2198.3715587063048,116,0,1.0
17,Bottleneck,Optimal,0.8000000000000002,2371.493780790476,121,0,1.0
17,Bottleneck,Optimal,0.9000000000000002,2305.353321309643,123,0,1.0
17,Bottleneck,Optimal,0.8500000000000002,1403.5223833463374,75,0,1.0
17,Bottleneck,Optimal,0.7500000000000001,2895.4389007937843,142,0,1.0
17,Bottleneck,Optimal,0.44999999999999996,1452.9346090187105,76,0,1.0
17,Bottleneck,Optimal,0.7500000000000001,2041.7395732806103,103,0,1.0
17,Bottleneck,Optimal,0.65,1185.7574487161125,87,0,1.0
17,Bottleneck,Optimal,0.6,1375.3852324598915,75,0,1.0
17,Bottleneck,Optimal,0.7000000000000001,2038.541362819608,101,0,1.0
17,Bottleneck,Optimal,0.7000000000000001,1670.4187504742504,89,0,1.0
17,Bottleneck,Optimal,0.8000000000000002,1833.3911886731544,102,0,1.0
17,Bottleneck,Optimal,0.65,2507.617811256008,137,0,1.0
17,Bottleneck,Optimal,0.7500000000000001,2095.5984770642826,110,0,1.0
17,Bottleneck,Optimal,0.8500000000000002,1609.0142448732736,93,0,1.0
17,Bottleneck,Optimal,0.7000000000000001,1469.1814395916313,76,0,1.0
17,Bottleneck,Optimal,0.6,2047.104911711323,122,0,1.0
17,Bottleneck,Optimal,0.6,1793.3189950308192,89,0,1.0
17,Bottleneck,Optimal,0.65,1763.9960117137884,93,0,1.0
17,Bottleneck,Optimal,0.7000000000000001,2087.6561300286776,105,0,1.0
17,Bottleneck,Optimal,0.5499999999999999,1902.8816525697537,99,0,1.0
17,Bottleneck,Optimal,0.7500000000000001,1471.4345662401065,95,0,1.0
17,Bottleneck,Optimal,0.49999999999999994,1614.566149223649,91,0,1.0
17,Bottleneck,Optimal,0.7000000000000001,1809.0620384460296,97,0,1.0
17,Bottleneck,Optimal,0.44999999999999996,1327.4266936765853,77,0,1.0
17,Bottleneck,Optimal,0.8500000000000002,2061.6826906643887,102,0,1.0
17,Bottleneck,Optimal,0.5499999999999999,2336.095906373908,126,0,1.0
17,Bottleneck,Optimal,0.7500000000000001,1531.5204578592427,84,0,1.0
17,Bottleneck,Optimal,0.5499999999999999,2040.884591208828,111,0,1.0
17,Bottleneck,Optimal,0.7000000000000001,2272.443775014218,114,0,1.0
17,Bottleneck,Optimal,0.49999999999999994,1831.8283281312906,98,0,1.0
17,Bottleneck,Optimal,0.7500000000000001,2144.425421699595,112,0,1.0
17,Bottleneck,Optimal,0.8000000000000002,2148.8475096357542,110,0,1.0
17,Bottleneck,Optimal,0.8000000000000002,2101.4407208260377,107,0,1.0
17,Bottleneck,Optimal,0.8500000000000002,2635.678232603369,136,0,1.0
17,Bottleneck,Optimal,0.7500000000000001,1849.3447543669831,98,0,1.0
17,Bottleneck,Optimal,0.7500000000000001,2449.1486614414753,124,0,1.0
17,Bottleneck,Optimal,0.8500000000000002,1743.5713781220493,93,0,1.0
17,Bottleneck,Optimal,0.9000000000000002,1770.3610622114506,93,0,1.0
17,Bottleneck,Optimal,0.65,1326.6588189303764,78,0,1.0
17,Bottleneck,Optimal,0.9000000000000002,2449.005100324646,125,0,1.0
17,Bottleneck,Optimal,0.8500000000000002,2512.8800665924964,124,0,1.0
17,Bottleneck,Optimal,0.5499999999999999,1600.9482786439917,83,0,1.0
17,Bottleneck,Optimal,0.5499999999999999,1721.2721259457821,86,0,1.0
17,Bottleneck,Optimal,0.7000000000000001,2788.629457832772,143,0,1.0
17,Bottleneck,Optimal,0.7500000000000001,2132.006167401359,117,0,1.0
17,Bottleneck,Optimal,0.7000000000000001,2446.445454166167,121,0,1.0
17,Bottleneck,Optimal,0.9000000000000002,2600.2914746194033,131,0,1.0
17,Bottleneck,Optimal,0.7000000000000001,1756.8329698757652,92,0,1.0
17,Bottleneck,Optimal,0.8000000000000002,2397.963472251797,119,0,1.0
17,Bottleneck,Optimal,0.49999999999999994,1901.6974248958786,101,0,1.0
17,Bottleneck,Optimal,0.44999999999999996,1771.4001810954128,93,0,1.0
17,Bottleneck,Optimal,0.7000000000000001,2082.2770342538047,117,0,1.0
17,Bottleneck,Optimal,0.6,1663.7763094853667,91,0,1.0
17,Bottleneck,Optimal,0.5499999999999999,1959.262051500983,101,0,1.0
17,Bottleneck,Optimal,0.8500000000000002,1922.5436474489109,99,0,1.0
17,Bottleneck,Optimal,0.8000000000000002,1964.4637554728943,98,0,1.0
17,Bottleneck,Optimal,0.8000000000000002,1998.8676365131837,100,0,1.0
17,Bottleneck,Optimal,0.7000000000000001,1899.147472262382,100,0,1.0
17,Bottleneck,Optimal,0.7000000000000001,2578.77063153895,131,0,1.0
17,Bottleneck,Optimal,0.8000000000000002,1616.6891047181605,84,0,1.0
17,Bottleneck,Optimal,0.8500000000000002,3269.377989256267,163,0,1.0
17,Bottleneck,Optimal,0.8000000000000002,2027.0883035046077,109,0,1.0
17,Bottleneck,Optimal,0.7500000000000001,2418.1699601200166,119,0,1.0
17,Bottleneck,Optimal,0.8000000000000002,1934.6306990340497,117,0,1.0
17,Bottleneck,Optimal,0.8000000000000002,2587.8642225476624,132,0,1.0
17,Bottleneck,Optimal,0.65,1244.7551272508879,72,0,1.0
17,Bottleneck,Optimal,0.65,1780.8831505284493,96,0,1.0
17,Bottleneck,Optimal,0.7500000000000001,1655.2258655682338,96,0,1.0
17,Bottleneck,Optimal,0.65,2314.4580124150907,137,0,1.0
17,Bottleneck,Optimal,0.6,2506.6975647867985,129,0,1.0
17,Bottleneck,Optimal,0.44999999999999996,2094.9874526839862,114,0,1.0
17,Bottleneck,Optimal,0.7500000000000001,1756.7989140023458,94,0,1.0
17,Bottleneck,Optimal,0.9000000000000002,2438.727079316772,127,0,1.0
17,Bottleneck,Optimal,0.7000000000000001,1995.1019373070399,99,0,1.0
17,Bottleneck,Optimal,0.6,1954.4922803343472,97,0,1.0
17,Bottleneck,Optimal,0.8000000000000002,1640.2157508089294,82,0,1.0
17,Bottleneck,Optimal,0.7500000000000001,2383.890181122042,119,0,1.0
17,Bottleneck,Optimal,0.7500000000000001,2050.71606106598,101,0,1.0
17,Bottleneck,Optimal,0.8000000000000002,2061.7769344153785,116,0,1.0
17,Bottleneck,Optimal,0.8000000000000002,1915.0277629440766,102,0,1.0
17,Bottleneck,Optimal,0.65,1604.7690198592568,80,0,1.0
17,Bottleneck,Optimal,0.44999999999999996,1114.6401434621043,61,0,1.0
17,Bottleneck,Optimal,0.7000000000000001,2218.532069927552,110,0,1.0
17,Bottleneck,Optimal,0.7000000000000001,2465.2806384364003,121,0,1.0
17,Bottleneck,Optimal,0.65,1443.2951884963695,79,0,1.0
17,Bottleneck,Optimal,0.65,2320.315709844465,115,0,1.0
17,Bottleneck,Optimal,0.7000000000000001,1899.4021995713133,103,0,1.0
17,Bottleneck,Optimal,0.7000000000000001,1278.2537798972148,71,0,1.0
17,Bottleneck,Optimal,0.7500000000000001,2083.3669097288625,120,0,1.0
17,Bottleneck,Optimal,0.65,1673.3050991633681,84,0,1.0
17,Bottleneck,Optimal,0.7000000000000001,1871.976747914548,94,0,1.0
17,Bottleneck,Optimal,0.7000000000000001,2264.107056513045,113,0,1.0
17,Bottleneck,Optimal,0.9000000000000002,2246.4948847182154,119,0,1.0
17,Bottleneck,Optimal,0.7500000000000001,2492.325544439004,129,0,1.0
17,Bottleneck,Optimal,0.65,2101.2934899456145,109,0,1.0
17,Bottleneck,Optimal,0.7000000000000001,1511.066762305214,78,0,1.0
17,Bottleneck,Optimal,0.8000000000000002,2513.868780202589,124,0,1.0
17,Bottleneck,Optimal,0.6,2078.7491978362327,103,0,1.0
17,Bottleneck,Optimal,0.7000000000000001,2386.8291028804397,123,0,1.0
17,Bottleneck,Optimal,0.8500000000000002,2078.51687831239,110,0,1.0
17,Bottleneck,Optimal,0.7000000000000001,2062.0174246271704,104,0,1.0
17,Bottleneck,Optimal,0.7500000000000001,1748.5213096842167,92,0,1.0
17,Bottleneck,Optimal,0.7000000000000001,2153.2080588305544,114,0,1.0
17,Bottleneck,Optimal,0.7500000000000001,1533.8216936030935,77,0,1.0
17,Bottleneck,Optimal,0.7500000000000001,2551.7457956946578,125,0,1.0
17,Bottleneck,Optimal,0.65,2176.9916102341267,108,0,1.0
17,Bottleneck,Optimal,0.65,1649.5136675532246,83,0,1.0
17,Bottleneck,Optimal,0.9000000000000002,2430.3549264153266,126,0,1.0
17,Bottleneck,Optimal,0.49999999999999994,954.2086760712062,57,0,1.0
17,Bottleneck,Optimal,0.7500000000000001,1838.2503333350487,91,0,1.0
17,Bottleneck,Optimal,0.7000000000000001,1710.6594508863602,85,0,1.0
17,Bottleneck,Optimal,0.6,2311.8405018188905,114,0,1.0
17,Bottleneck,Optimal,0.44999999999999996,1444.738974702029,78,0,1.0
17,Bottleneck,Optimal,0.5499999999999999,2023.0386917288497,109,0,1.0
17,Bottleneck,Optimal,0.8000000000000002,1077.1383550928338,61,0,1.0
17,Bottleneck,Optimal,0.7000000000000001,2265.91296423273,112,0,1.0
17,Bottleneck,Optimal,0.7500000000000001,1697.0408148621589,90,0,1.0
17,Bottleneck,Optimal,0.6,1430.1137735120526,83,0,1.0
17,Bottleneck,Optimal,0.8000000000000002,2816.2773720713817,138,0,1.0
17,Bottleneck,Optimal,0.6,1799.6041562974974,102,0,1.0
17,Bottleneck,Optimal,0.7500000000000001,2179.523340998262,108,0,1.0
17,Bottleneck,Optimal,0.6,2366.4507531075365,117,0,1.0
17,Bottleneck,Optimal,0.8500000000000002,2409.058729321823,133,0,1.0
17,Bottleneck,Optimal,0.7500000000000001,2418.4579977150343,122,0,1.0
17,Bottleneck,Optimal,0.8000000000000002,2648.878326546871,138,0,1.0
17,Bottleneck,Optimal,0.65,1813.3834568421494,91,0,1.0
17,Bottleneck,Optimal,0.8000000000000002,1774.0028526786155,91,0,1.0
17,Bottleneck,Optimal,0.7500000000000001,1791.1031119696472,95,0,1.0
17,Bottleneck,Optimal,0.8000000000000002,2308.2656761297303,129,0,1.0
17,Bottleneck,Optimal,0.7000000000000001,2489.797126673825,122,0,1.0
17,Bottleneck,Optimal,0.8000000000000002,2441.7310706935364,127,0,1.0
17,Bottleneck,Optimal,0.5499999999999999,2018.3524574881783,101,0,1.0
17,Bottleneck,Optimal,0.7500000000000001,1715.5303331747675,86,0,1.0
17,Bottleneck,Optimal,0.65,1806.0195445468719,95,0,1.0
17,Bottleneck,Optimal,0.8000000000000002,2003.9699660547212,100,0,1.0
17,Bottleneck,Optimal,0.8000000000000002,2235.37217904749,119,0,1.0
17,Bottleneck,Optimal,0.5499999999999999,2013.416917109791,109,0,1.0
17,Bottleneck,Optimal,0.8000000000000002,2028.3069811908376,101,0,1.0
17,Bottleneck,Optimal,0.9500000000000003,3005.7859458787243,148,0,1.0
17,Bottleneck,Optimal,0.8000000000000002,2298.6021625711614,129,0,1.0
17,Bottleneck,Optimal,0.7000000000000001,2181.0595411675995,108,0,1.0
17,Bottleneck,Optimal,0.7500000000000001,2122.794839398146,105,0,1.0
17,Bottleneck,Optimal,0.7500000000000001,2330.6503800965984,117,0,1.0
17,Bottleneck,Optimal,0.5499999999999999,1660.8496271155655,90,0,1.0
17,Bottleneck,Optimal,0.8000000000000002,1292.495342135483,67,0,1.0
17,Bottleneck,Optimal,0.7500000000000001,2793.6897984112,144,0,1.0
17,Bottleneck,Optimal,0.8500000000000002,1841.7942406029333,92,0,1.0
17,Bottleneck,Optimal,0.7000000000000001,1875.9476670981599,93,0,1.0
17,Bottleneck,Optimal,0.9000000000000002,2218.647644084577,109,0,1.0
17,Bottleneck,Optimal,0.5499999999999999,1824.0342905899226,95,0,1.0
17,Bottleneck,Optimal,0.7500000000000001,1659.5135693274685,93,0,1.0
17,Bottleneck,Optimal,0.65,2779.146817392543,139,0,1.0
17,Bottleneck,Optimal,0.8000000000000002,1941.178410022159,102,0,1.0
17,Bottleneck,Optimal,0.8000000000000002,1968.9920829374605,108,0,1.0
17,Bottleneck,Optimal,0.49999999999999994,2237.5761292842076,117,0,1.0
17,Bottleneck,Optimal,0.65,1994.2977505833514,104,0,1.0
17,Bottleneck,Optimal,0.7500000000000001,3325.3724507781917,162,0,1.0
17,Bottleneck,Optimal,0.8000000000000002,2141.369662206849,109,0,1.0
17,Bottleneck,Optimal,0.8000000000000002,1669.2658884575949,90,0,1.0
17,Bottleneck,Optimal,0.5499999999999999,1796.303973132237,98,0,1.0
17,Bottleneck,Optimal,0.7500000000000001,2065.315740956362,103,0,1.0
17,Bottleneck,Optimal,0.6,1633.1977372134584,90,0,1.0
17,Bottleneck,Optimal,0.7000000000000001,1946.32521823348,98,0,1.0
17,Bottleneck,Optimal,0.8000000000000002,2371.8607077712504,123,0,1.0
17,Bottleneck,Optimal,0.65,1693.2607404974997,84,0,1.0
17,Bottleneck,Optimal,0.6,2322.4934192862574,114,0,1.0
17,Bottleneck,Optimal,0.65,1900.5174412954884,98,0,1.0
17,Bottleneck,Optimal,0.7000000000000001,1615.7853380692604,88,0,1.0
17,Bottleneck,Optimal,0.65,2715.152315374993,139,0,1.0
17,Bottleneck,Optimal,0.65,1850.150532008245,100,0,1.0
17,Bottleneck,Optimal,0.8000000000000002,2354.0409231934163,130,0,1.0
17,Bottleneck,Optimal,0.8000000000000002,2252.2984471607583,111,0,1.0
17,Bottleneck,Optimal,0.9000000000000002,2677.2780146078785,132,0,1.0
17,Bottleneck,Optimal,0.65,2214.543933408219,112,0,1.0
17,Bottleneck,Optimal,0.6,1384.2967158846404,72,0,1.0
17,Bottleneck,Optimal,0.65,2432.0406060713563,120,0,1.0
17,Bottleneck,Optimal,0.7500000000000001,2194.5434805822174,110,0,1.0
17,Bottleneck,Optimal,0.8000000000000002,1745.7901966955797,87,0,1.0
17,Bottleneck,Optimal,0.8000000000000002,1653.7908591196315,93,0,1.0
17,Bottleneck,Optimal,0.6,1975.6765960096639,108,0,1.0
17,Bottleneck,Optimal,0.7500000000000001,1940.9303704955155,99,0,1.0
17,Bottleneck,Optimal,0.65,1862.0844050525352,97,0,1.0
17,Bottleneck,Optimal,0.65,1353.321167625657,81,0,1.0
17,Bottleneck,Optimal,0.7500000000000001,1908.6369695428057,98,0,1.0
17,Bottleneck,Optimal,0.8500000000000002,1790.7645559930006,96,0,1.0
17,Bottleneck,Optimal,0.7000000000000001,1349.9761981002882,74,0,1.0
17,Bottleneck,Optimal,0.8000000000000002,1919.5013133378566,95,0,1.0
17,Bottleneck,Optimal,0.8500000000000002,3390.486508403612,166,0,1.0
17,Bottleneck,Optimal,0.65,2332.9028774885646,125,0,1.0
17,Bottleneck,Optimal,0.7500000000000001,2458.8000840077425,121,0,1.0
17,Bottleneck,Optimal,0.8000000000000002,1606.4820790575927,88,0,1.0
17,Bottleneck,Optimal,0.7500000000000001,2559.0059963649983,132,0,1.0
17,Bottleneck,Optimal,0.8000000000000002,1279.744490238796,77,0,1.0
17,Bottleneck,Optimal,0.65,2570.983811833399,126,0,1.0
17,Bottleneck,Optimal,0.49999999999999994,1853.822089665363,106,0,1.0
17,Bottleneck,Optimal,0.7500000000000001,2259.536080369115,111,0,1.0
17,Bottleneck,Optimal,0.8000000000000002,3112.74290042551,158,0,1.0
17,Bottleneck,Optimal,0.8000000000000002,2141.0438736996175,107,0,1.0
17,Bottleneck,Optimal,0.7000000000000001,2090.671352601965,115,0,1.0
17,Bottleneck,Optimal,0.9000000000000002,2563.390399075206,134,0,1.0
17,Bottleneck,Optimal,0.7000000000000001,1608.230521817451,83,0,1.0
17,Bottleneck,Optimal,0.7500000000000001,2258.402359183351,111,0,1.0
17,Bottleneck,Optimal,0.5499999999999999,1630.303565624434,81,0,1.0
17,Bottleneck,Optimal,0.8500000000000002,2215.6188210610926,116,0,1.0
17,Bottleneck,Optimal,0.8500000000000002,2866.7526377696086,140,0,1.0
17,Bottleneck,Optimal,0.8000000000000002,1722.0220735379557,89,0,1.0
17,Bottleneck,Optimal,0.7500000000000001,1921.2339322619441,97,0,1.0
17,Bottleneck,Optimal,0.9000000000000002,2595.2677820421504,127,0,1.0
17,Bottleneck,Optimal,0.7000000000000001,1394.9958348211233,85,0,1.0
17,Bottleneck,Optimal,0.8000000000000002,1788.4693463517287,105,0,1.0
17,Bottleneck,Optimal,0.44999999999999996,1313.0197055192364,78,0,1.0
17,Bottleneck,Optimal,0.7500000000000001,2144.6788997232525,122,0,1.0
17,Bottleneck,Optimal,0.8000000000000002,2659.8057549365394,135,0,1.0
17,Bottleneck,Optimal,0.49999999999999994,1081.0868990681736,58,0,1.0
17,Bottleneck,Optimal,0.39999999999999997,1148.1851445275493,58,0,1.0
17,Bottleneck,Optimal,0.8500000000000002,1650.358278196873,91,0,1.0
17,Bottleneck,Optimal,0.7000000000000001,1561.8494798406753,82,0,1.0
17,Bottleneck,Optimal,0.65,1951.974699218341,100,0,1.0
17,Bottleneck,Optimal,0.8000000000000002,2290.1126038439083,121,0,1.0
17,Bottleneck,Optimal,0.7500000000000001,2415.207649909674,123,0,1.0
17,Bottleneck,Optimal,0.7500000000000001,1233.6155874438364,69,0,1.0
17,Bottleneck,Optimal,0.9000000000000002,2445.91297523024,131,0,1.0
17,Bottleneck,Optimal,0.7500000000000001,2474.3215078243443,122,0,1.0
17,Bottleneck,Optimal,0.65,1733.1267390022517,86,0,1.0
17,Bottleneck,Optimal,0.65,1994.9809325484694,107,0,1.0
17,Bottleneck,Optimal,0.7000000000000001,2391.809185637602,120,0,1.0
17,Bottleneck,Optimal,0.65,1728.728636240814,88,0,1.0
17,Bottleneck,Optimal,0.9500000000000003,2857.47831628942,146,0,1.0
17,Bottleneck,Optimal,0.7500000000000001,1615.4464865065256,93,0,1.0
17,Bottleneck,Optimal,0.7500000000000001,2263.998354130075,112,0,1.0
17,Bottleneck,Optimal,0.8500000000000002,2079.5695437200707,105,0,1.0
17,Bottleneck,Optimal,0.7000000000000001,2535.655407001681,148,0,1.0
17,Bottleneck,Optimal,0.65,2216.2615782022426,109,0,1.0
17,Bottleneck,Optimal,0.7500000000000001,2217.8819063814653,112,0,1.0
17,Bottleneck,Optimal,0.65,2335.751262334457,117,0,1.0
17,Bottleneck,Optimal,0.8000000000000002,2023.610359956007,105,0,1.0
17,Bottleneck,Optimal,0.7500000000000001,1681.508348520932,86,0,1.0
17,Bottleneck,Optimal,0.65,2253.183997984334,111,0,1.0
17,Bottleneck,Optimal,0.65,1593.3017218708142,100,0,1.0
17,Bottleneck,Optimal,0.6,2203.193172818535,108,0,1.0
17,Bottleneck,Optimal,0.8000000000000002,1717.64785696044,89,0,1.0
17,Bottleneck,Optimal,0.7500000000000001,1982.9173677456213,99,0,1.0
17,Bottleneck,Optimal,0.8000000000000002,2648.4458460917563,130,0,1.0
17,Bottleneck,Optimal,0.9000000000000002,2642.283229571349,130,0,1.0
17,Bottleneck,Optimal,0.9000000000000002,2772.524342289121,141,0,1.0
17,Bottleneck,Optimal,0.7000000000000001,2437.3531319083613,123,0,1.0
17,Bottleneck,Optimal,0.7500000000000001,1887.124505306984,102,0,1.0
17,Bottleneck,Optimal,0.65,1998.1248523521567,106,0,1.0
17,Bottleneck,Optimal,0.8500000000000002,1743.560661105665,89,0,1.0
17,Bottleneck,Optimal,0.65,1457.447176968239,73,0,1.0
17,Bottleneck,Optimal,0.7000000000000001,2043.1915382614688,118,0,1.0
17,Bottleneck,Optimal,0.8500000000000002,1931.3688311332348,96,0,1.0
17,Bottleneck,Optimal,0.65,1757.388767376056,90,0,1.0
17,Bottleneck,Optimal,0.5499999999999999,2071.417847942853,107,0,1.0
17,Bottleneck,Optimal,0.7500000000000001,1874.5516921949911,106,0,1.0
17,Bottleneck,Optimal,0.8500000000000002,2968.1799214984458,148,0,1.0
17,Bottleneck,Optimal,0.65,2003.7429185350848,104,0,1.0
17,Bottleneck,Optimal,0.7000000000000001,2571.3136213182006,127,0,1.0
17,Bottleneck,Optimal,0.8000000000000002,2707.570394347695,137,0,1.0
17,Bottleneck,Optimal,0.6,1756.1752688142606,89,0,1.0
17,Bottleneck,Optimal,0.7500000000000001,2829.7673459613943,139,0,1.0
17,Bottleneck,Optimal,0.7500000000000001,1937.5873207402992,104,0,1.0
17,Bottleneck,Optimal,0.8500000000000002,1906.1785552074139,113,0,1.0
17,Bottleneck,Optimal,0.9000000000000002,3223.038853054566,170,0,1.0
17,Bottleneck,Optimal,0.8000000000000002,1406.100261152774,74,0,1.0
17,Bottleneck,Optimal,0.8000000000000002,2052.2890645811403,101,0,1.0
17,Bottleneck,Optimal,0.8000000000000002,2036.7906318582832,119,0,1.0
17,Bottleneck,Optimal,0.8500000000000002,2559.6911680103335,126,0,1.0
17,Bottleneck,Optimal,0.49999999999999994,1913.2233162241682,106,0,1.0
17,Bottleneck,Optimal,0.9000000000000002,1872.851724695725,101,0,1.0
17,Bottleneck,Optimal,0.65,1550.9579568368267,79,0,1.0
17,Bottleneck,Optimal,0.7500000000000001,2492.5256248662226,145,0,1.0
17,Bottleneck,Optimal,0.65,1697.4784533153932,88,0,1.0
17,Bottleneck,Optimal,0.7500000000000001,1803.1587005820488,89,0,1.0
17,Bottleneck,Optimal,0.8000000000000002,2694.1434305744615,137,0,1.0
17,Bottleneck,Optimal,0.7000000000000001,2491.047063553035,128,0,1.0
17,Bottleneck,Optimal,0.7500000000000001,2718.1724592675982,140,0,1.0
17,Bottleneck,Optimal,0.8000000000000002,1662.8262029831671,88,0,1.0
17,Bottleneck,Optimal,0.65,1997.1117220425053,99,0,1.0
17,Bottleneck,Optimal,0.7500000000000001,1551.4256152135936,79,0,1.0
17,Bottleneck,Optimal,0.7000000000000001,1971.6050038665749,105,0,1.0
17,Bottleneck,Optimal,0.49999999999999994,1290.5926537453445,65,0,1.0
17,Bottleneck,Optimal,0.7000000000000001,2202.03860113546,119,0,1.0
17,Bottleneck,Optimal,0.7500000000000001,1675.217274342188,91,0,1.0
17,Bottleneck,Optimal,0.8000000000000002,2697.788236010604,137,0,1.0
17,Bottleneck,Optimal,0.7000000000000001,2399.83189965724,118,0,1.0
17,Bottleneck,Optimal,0.8500000000000002,2477.417640577808,122,0,1.0
17,Bottleneck,Optimal,0.5499999999999999,1747.6536015097026,87,0,1.0
17,Bottleneck,Optimal,0.6,2544.0619531328366,129,0,1.0
17,Bottleneck,Optimal,0.8000000000000002,2635.465580497221,129,0,1.0
17,Bottleneck,Optimal,0.6,2139.8816328638986,106,0,1.0
17,Bottleneck,Optimal,0.7500000000000001,2563.583400936229,134,0,1.0
17,Bottleneck,Optimal,0.65,1860.879265131687,93,0,1.0
17,Bottleneck,Optimal,0.8500000000000002,2186.9435265655443,110,0,1.0
17,Bottleneck,Optimal,0.8000000000000002,1336.9345611126423,74,0,1.0
17,Bottleneck,Optimal,0.65,2020.0783101042289,109,0,1.0
17,Bottleneck,Optimal,0.7500000000000001,1649.042907741779,88,0,1.0
17,Bottleneck,Optimal,0.8500000000000002,2180.6907364891485,107,0,1.0
17,Bottleneck,Optimal,0.9000000000000002,2639.6593169450853,131,0,1.0
17,Bottleneck,Optimal,0.8000000000000002,2038.5588715957515,105,0,1.0
17,Bottleneck,Optimal,0.9000000000000002,3128.52505823081,155,0,1.0
17,Bottleneck,Optimal,0.7000000000000001,1948.9366766877652,97,0,1.0
17,Bottleneck,Optimal,0.6,1257.7859420111436,76,0,1.0
17,Bottleneck,Optimal,0.8500000000000002,3103.354981912935,152,0,1.0
17,Bottleneck,Optimal,0.8500000000000002,3106.460370326031,157,0,1.0
17,Bottleneck,Optimal,0.7500000000000001,2723.0025487491926,134,0,1.0
17,Bottleneck,Optimal,0.7000000000000001,3064.9393107780693,153,0,1.0
17,Bottleneck,Optimal,0.7500000000000001,2167.195157072751,107,0,1.0
17,Bottleneck,Optimal,0.8000000000000002,1702.200310243983,85,0,1.0
17,Bottleneck,Optimal,0.9000000000000002,2418.3755934236224,127,0,1.0
17,Bottleneck,Optimal,0.5499999999999999,1219.2385609864282,66,0,1.0
17,Bottleneck,Optimal,0.7000000000000001,2278.7288596153685,113,0,1.0
17,Bottleneck,Optimal,0.8500000000000002,2516.0045374697297,130,0,1.0
17,Bottleneck,Optimal,0.8500000000000002,1726.3499245752441,92,0,1.0
17,Bottleneck,Optimal,0.8000000000000002,2397.2145593059977,133,0,1.0
17,Bottleneck,Optimal,0.7500000000000001,1677.1977252543413,83,0,1.0
17,Bottleneck,Optimal,0.8000000000000002,2479.06434319499,125,0,1.0
17,Bottleneck,Optimal,0.8500000000000002,3242.025546885299,165,0,1.0
17,Bottleneck,Optimal,0.8500000000000002,2660.093523570369,130,0,1.0
17,Bottleneck,Optimal,0.9000000000000002,2360.5197024859326,125,0,1.0
17,Bottleneck,Optimal,0.49999999999999994,1664.5134773245009,83,0,1.0
17,Bottleneck,Optimal,0.8500000000000002,2542.41629052778,133,0,1.0
17,Bottleneck,Optimal,0.7000000000000001,2233.8153211814106,111,0,1.0
17,Bottleneck,Optimal,0.7000000000000001,1931.4118067058716,105,0,1.0
17,Bottleneck,Optimal,0.8500000000000002,2430.3181247274524,121,0,1.0
17,Bottleneck,Optimal,0.49999999999999994,2218.443762113104,111,0,1.0
17,Bottleneck,Optimal,0.65,2242.764796255224,111,0,1.0
17,Bottleneck,Optimal,0.6,1373.1691829133022,77,0,1.0
17,Bottleneck,Optimal,0.7500000000000001,2440.1130442295507,137,0,1.0
17,Bottleneck,Optimal,0.7500000000000001,1807.895360988444,101,0,1.0
17,Bottleneck,Optimal,0.7500000000000001,1238.6877453092434,68,0,1.0
17,Bottleneck,Optimal,0.7000000000000001,1827.6432866467044,94,0,1.0
17,Bottleneck,Optimal,0.7500000000000001,2092.944994465239,108,0,1.0
17,Bottleneck,Optimal,0.8000000000000002,1545.6268353183582,81,0,1.0
17,Bottleneck,Optimal,0.7000000000000001,1712.4145521182177,86,0,1.0
17,Bottleneck,Optimal,0.7000000000000001,2840.4658378446975,145,0,1.0
17,Bottleneck,Optimal,0.7000000000000001,1432.7602066009636,77,0,1.0
17,Bottleneck,Optimal,0.44999999999999996,1334.1459163785612,67,0,1.0
17,Bottleneck,Optimal,0.8000000000000002,2646.6833509676044,141,0,1.0
17,Bottleneck,Optimal,0.44999999999999996,1748.208136154661,89,0,1.0
17,Bottleneck,Optimal,0.6,1128.428280694045,64,0,1.0
17,Bottleneck,Optimal,0.7000000000000001,1493.796951876163,79,0,1.0
17,Bottleneck,Optimal,0.8500000000000002,2709.933795924776,148,0,1.0
17,Bottleneck,Optimal,0.8000000000000002,2153.891113273946,122,0,1.0
17,Bottleneck,Optimal,0.7500000000000001,2080.8345136027156,116,0,1.0
17,Bottleneck,Optimal,0.7500000000000001,1691.437072835312,93,0,1.0
17,Bottleneck,Optimal,0.7500000000000001,2623.7528917444515,139,0,1.0
17,Bottleneck,Optimal,0.7500000000000001,2175.814182735987,116,0,1.0
17,Bottleneck,Optimal,0.6,1574.9195660454839,78,0,1.0
17,Bottleneck,Optimal,0.49999999999999994,1300.477238936724,73,0,1.0
17,Bottleneck,Optimal,0.8000000000000002,1843.9122775780077,98,0,1.0
17,Bottleneck,Optimal,0.7000000000000001,1662.3096759416756,84,0,1.0
17,Bottleneck,Optimal,0.7500000000000001,2132.794762495108,113,0,1.0
17,Bottleneck,Optimal,0.8000000000000002,1683.342107298442,87,0,1.0
17,Bottleneck,Optimal,0.7000000000000001,1656.5054110052981,96,0,1.0
17,Bottleneck,Optimal,0.7500000000000001,1964.6821787988792,98,0,1.0
17,Bottleneck,Optimal,0.8000000000000002,2335.198540650712,121,0,1.0
17,Bottleneck,Optimal,0.8000000000000002,2496.037255255316,123,0,1.0
17,Bottleneck,Optimal,0.8000000000000002,2080.6270636592963,109,0,1.0
17,Bottleneck,Optimal,0.8500000000000002,1870.919996104206,98,0,1.0
17,Bottleneck,Optimal,0.65,2337.8176130706634,119,0,1.0
17,Bottleneck,Optimal,0.65,2311.0455321788913,114,0,1.0
17,Bottleneck,Optimal,0.7000000000000001,3037.580357698257,154,0,1.0
17,Bottleneck,Optimal,0.8000000000000002,2437.965684481409,138,0,1.0
17,Bottleneck,Optimal,0.7000000000000001,2052.957067367584,109,0,1.0
17,Bottleneck,Optimal,0.7500000000000001,2141.9641235197255,114,0,1.0
17,Bottleneck,Optimal,0.7000000000000001,1945.7255269947618,103,0,1.0
17,Bottleneck,Optimal,0.7500000000000001,2051.244035404584,102,0,1.0
17,Bottleneck,Optimal,0.39999999999999997,842.894364526715,46,0,1.0
17,Bottleneck,Optimal,0.8000000000000002,1965.539529299509,122,0,1.0
17,Bottleneck,Optimal,0.8000000000000002,2117.2920078073007,107,0,1.0
17,Bottleneck,Optimal,0.9000000000000002,2809.6386225805654,148,0,1.0
17,Bottleneck,Optimal,0.9000000000000002,2759.3183760982874,136,0,1.0
17,Bottleneck,Optimal,0.9500000000000003,3152.1650843519346,160,0,1.0
17,Bottleneck,Optimal,0.7500000000000001,2288.6640885492034,114,0,1.0
17,Bottleneck,Optimal,0.8500000000000002,2285.0924360974627,113,0,1.0
17,Bottleneck,Optimal,0.7500000000000001,2589.688255901862,128,0,1.0
17,Bottleneck,Optimal,0.7000000000000001,1913.876821088194,104,0,1.0
17,Bottleneck,Optimal,0.8000000000000002,2627.1961995606384,129,0,1.0
17,Bottleneck,Optimal,0.8500000000000002,2167.0412612609075,114,0,1.0
17,Bottleneck,Optimal,0.7000000000000001,2059.4092240355853,115,0,1.0
17,Bottleneck,Optimal,0.65,1394.649086365378,82,0,1.0
17,Bottleneck,Optimal,0.8500000000000002,2672.019728006815,135,0,1.0
17,Bottleneck,Optimal,0.9000000000000002,1659.4093827272802,88,0,1.0
17,Bottleneck,Optimal,0.9000000000000002,2230.0778894090286,110,0,1.0
17,Bottleneck,Optimal,0.6,2219.0395421757,110,0,1.0
17,Bottleneck,Optimal,0.7000000000000001,2122.9101604587236,112,0,1.0
17,Bottleneck,Optimal,0.8000000000000002,1823.9634071192718,97,0,1.0
17,Bottleneck,Optimal,0.6,1478.8848474486924,77,0,1.0
17,Bottleneck,Optimal,0.8000000000000002,2590.188442294503,127,0,1.0
17,Bottleneck,Optimal,0.6,2201.5643455159907,108,0,1.0
17,Bottleneck,Optimal,0.5499999999999999,1391.2402243890297,70,0,1.0
17,Bottleneck,Optimal,0.65,1349.1829887479648,72,0,1.0
17,Bottleneck,Optimal,0.8500000000000002,1754.6723226648896,88,0,1.0
17,Bottleneck,Optimal,0.6,1509.577354591148,83,0,1.0
17,Bottleneck,Optimal,0.8000000000000002,2124.9287468319962,126,0,1.0
17,Bottleneck,Optimal,0.6,1706.8428660449156,113,0,1.0
17,Bottleneck,Optimal,0.8000000000000002,2157.8998467271667,110,0,1.0
17,Bottleneck,Optimal,0.8000000000000002,2575.730067892809,127,0,1.0
17,Bottleneck,Optimal,0.65,1591.9893282168764,85,0,1.0
17,Bottleneck,Optimal,0.7500000000000001,1497.2019645813846,85,0,1.0
17,Bottleneck,Optimal,0.65,2487.2389276076724,125,0,1.0
17,Bottleneck,Optimal,0.7000000000000001,1248.5334073274541,72,0,1.0
17,Bottleneck,Optimal,0.7000000000000001,2507.8536993594375,131,0,1.0
17,Bottleneck,Optimal,0.8000000000000002,2430.7312857640154,125,0,1.0
17,Bottleneck,Optimal,0.7000000000000001,2234.12784768086,115,0,1.0
17,Bottleneck,Optimal,0.6,1391.697343798753,78,0,1.0
17,Bottleneck,Optimal,0.8500000000000002,2519.2046857057067,131,0,1.0
17,Bottleneck,Optimal,0.9000000000000002,2983.069740183758,155,0,1.0
17,Bottleneck,Optimal,0.65,2016.9139281735474,100,0,1.0
17,Bottleneck,Optimal,0.65,2555.2996869410467,129,0,1.0
17,Bottleneck,Optimal,0.8500000000000002,1821.5232736285832,91,0,1.0
17,Bottleneck,Optimal,0.8000000000000002,2727.5082034992274,142,0,1.0
17,Bottleneck,Optimal,0.5499999999999999,2100.79063231724,103,0,1.0
17,Bottleneck,Optimal,0.8000000000000002,1245.2502514182038,63,0,1.0
17,Bottleneck,Optimal,0.8500000000000002,1933.0760373039084,107,0,1.0
17,Bottleneck,Optimal,0.7500000000000001,1889.7698631007947,95,0,1.0
17,Bottleneck,Optimal,0.7500000000000001,1839.1377779580619,97,0,1.0
17,Bottleneck,Optimal,0.7500000000000001,1782.300806288341,100,0,1.0
17,Bottleneck,Optimal,0.6,2423.8041444764517,120,0,1.0
17,Bottleneck,Optimal,0.7500000000000001,1631.9291079121572,83,0,1.0
17,Bottleneck,Optimal,0.44999999999999996,1386.001586085567,70,0,1.0
17,Bottleneck,Optimal,0.7000000000000001,2421.944945157429,126,0,1.0
17,Bottleneck,Optimal,0.65,1524.5129647800015,79,0,1.0
17,Bottleneck,Optimal,0.6,1711.3301138816896,100,0,1.0
17,Bottleneck,Optimal,0.65,1237.7777422707254,84,0,1.0
17,Bottleneck,Optimal,0.7500000000000001,1972.4674203082604,102,0,1.0
17,Bottleneck,Optimal,0.8000000000000002,2231.6487985524313,110,0,1.0
17,Bottleneck,Optimal,0.8500000000000002,1748.0674863959753,89,0,1.0
17,Bottleneck,Optimal,0.8000000000000002,2458.8677250464975,121,0,1.0
17,Bottleneck,Optimal,0.7500000000000001,1694.3483804023635,90,0,1.0
17,Bottleneck,Optimal,0.8000000000000002,1668.7871708309679,88,0,1.0
17,Bottleneck,Optimal,0.8500000000000002,1998.432867669986,100,0,1.0
17,Bottleneck,Optimal,0.9000000000000002,2633.440210085345,133,0,1.0
17,Bottleneck,Optimal,0.65,1289.9341132128166,74,0,1.0
17,Bottleneck,Optimal,0.65,2323.483442852129,115,0,1.0
17,Bottleneck,Optimal,0.8000000000000002,2028.8701630084065,100,0,1.0
17,Bottleneck,Optimal,0.8000000000000002,1610.8718549850123,85,0,1.0
17,Bottleneck,Optimal,0.8000000000000002,2005.2598691197895,103,0,1.0
17,Bottleneck,Optimal,0.65,1736.0541643222327,87,0,1.0
17,Bottleneck,Optimal,0.7000000000000001,2375.4801792843614,117,0,1.0
17,Bottleneck,Optimal,0.9000000000000002,2592.851064615152,137,0,1.0
17,Bottleneck,Optimal,0.7000000000000001,1285.546787585647,65,0,1.0
17,Bottleneck,Optimal,0.9000000000000002,3005.0138724675226,148,0,1.0
17,Bottleneck,Optimal,0.49999999999999994,1597.0069860424696,91,0,1.0
17,Bottleneck,Optimal,0.8500000000000002,2587.207980839515,134,0,1.0
17,Bottleneck,Optimal,0.7500000000000001,1820.9968436250306,99,0,1.0
17,Bottleneck,Optimal,0.8000000000000002,2039.0406156524273,109,0,1.0
17,Bottleneck,Optimal,0.65,2450.7820695986825,127,0,1.0
17,Bottleneck,Optimal,0.7500000000000001,2061.480291671225,106,0,1.0
17,Bottleneck,Optimal,0.7000000000000001,2617.159477885735,140,0,1.0
17,Bottleneck,Optimal,0.44999999999999996,1856.439378505686,92,0,1.0
17,Bottleneck,Optimal,0.8000000000000002,2455.667369914934,125,0,1.0
17,Bottleneck,Optimal,0.49999999999999994,2232.229358887466,110,0,1.0
17,Bottleneck,Optimal,0.6,2141.501325220688,107,0,1.0
17,Bottleneck,Optimal,0.65,1904.4310919007407,94,0,1.0
17,Bottleneck,Optimal,0.65,1555.4784080215206,85,0,1.0
17,Bottleneck,Optimal,0.8000000000000002,1381.5954728460026,79,0,1.0
17,Bottleneck,Optimal,0.65,2613.4242035032044,133,0,1.0
17,Bottleneck,Optimal,0.5499999999999999,1769.1468303301504,88,0,1.0
17,Bottleneck,Optimal,0.6,1552.1963736560333,86,0,1.0
17,Bottleneck,Optimal,0.5499999999999999,1380.944839283105,72,0,1.0
17,Bottleneck,Optimal,0.6,1579.3588333365178,82,0,1.0
17,Bottleneck,Optimal,0.6,2178.4660236399827,113,0,1.0
17,Bottleneck,Optimal,0.35,1573.0583783906836,82,0,1.0
17,Bottleneck,Optimal,0.65,1749.2154025533464,92,0,1.0
17,Bottleneck,Optimal,0.65,1400.5661025615464,76,0,1.0
17,Bottleneck,Optimal,0.7500000000000001,2175.66888738589,112,0,1.0
17,Bottleneck,Optimal,0.7500000000000001,2382.436872467816,117,0,1.0
17,Bottleneck,Optimal,0.49999999999999994,1105.7277724871115,62,0,1.0
17,Bottleneck,Optimal,0.8000000000000002,1424.8231984435643,82,0,1.0
17,Bottleneck,Optimal,0.7000000000000001,1988.3777395584261,99,0,1.0
17,Bottleneck,Optimal,0.39999999999999997,1412.9856193786936,70,0,1.0
17,Bottleneck,Optimal,0.7000000000000001,1896.5906618064648,100,0,1.0
17,Bottleneck,Optimal,0.7500000000000001,2057.7312501896768,102,0,1.0
17,Bottleneck,Optimal,0.49999999999999994,1188.7964116115843,68,0,1.0
17,Bottleneck,Optimal,0.7000000000000001,1739.8993426882937,86,0,1.0
17,Bottleneck,Optimal,0.65,1818.97839602836,93,0,1.0
17,Bottleneck,Optimal,0.65,1800.3365707569794,94,0,1.0
17,Bottleneck,Optimal,0.7000000000000001,1933.0074050545916,105,0,1.0
17,Bottleneck,Optimal,0.65,2033.745676066937,101,0,1.0
17,Bottleneck,Optimal,0.8000000000000002,2495.7190326543887,128,0,1.0
17,Bottleneck,Optimal,0.8000000000000002,3170.205731252248,155,0,1.0
17,Bottleneck,Optimal,0.7000000000000001,2093.9412200946626,103,0,1.0
17,Bottleneck,Optimal,0.44999999999999996,685.6641971134358,45,0,1.0
17,Bottleneck,Optimal,0.7000000000000001,2124.0155089557966,114,0,1.0
17,Bottleneck,Optimal,0.9000000000000002,2880.0462113587873,144,0,1.0
17,Bottleneck,Optimal,0.65,1941.7139749238327,97,0,1.0
17,Bottleneck,Optimal,0.65,1816.1228797115352,90,0,1.0
17,Bottleneck,Optimal,0.49999999999999994,1466.6358833329007,74,0,1.0
17,Bottleneck,Optimal,0.8000000000000002,2358.032680175701,117,0,1.0
17,Bottleneck,Optimal,0.7500000000000001,2049.9340929111454,112,0,1.0
17,Bottleneck,Optimal,0.65,1952.3583555759894,96,0,1.0
17,Bottleneck,Optimal,0.65,1787.0072951668647,96,0,1.0
17,Bottleneck,Optimal,0.6,2088.961992215264,106,0,1.0
17,Bottleneck,Optimal,0.6,1355.7216399970657,73,0,1.0
17,Bottleneck,Optimal,0.7500000000000001,1645.6209929410443,88,0,1.0
17,Bottleneck,Optimal,0.7000000000000001,1325.0493714978693,68,0,1.0
17,Bottleneck,Optimal,0.5499999999999999,1996.8555883041581,114,0,1.0
17,Bottleneck,Optimal,0.8000000000000002,2928.963194932058,145,0,1.0
17,Bottleneck,Optimal,0.7500000000000001,1953.807199202291,99,0,1.0
17,Bottleneck,Optimal,0.6,1581.5151729725428,79,0,1.0
17,Bottleneck,Optimal,0.7000000000000001,2215.505667956677,110,0,1.0
17,Bottleneck,Optimal,0.7500000000000001,3239.884634722276,158,0,1.0
17,Bottleneck,Optimal,0.7000000000000001,2254.5636067565274,128,0,1.0
17,Bottleneck,Optimal,0.7500000000000001,3238.492648733348,159,0,1.0
17,Bottleneck,Optimal,0.6,2149.5455215423735,117,0,1.0
17,Bottleneck,Optimal,0.7500000000000001,2601.1715541715384,128,0,1.0
17,Bottleneck,Optimal,0.8500000000000002,2343.562410548542,116,0,1.0
17,Bottleneck,Optimal,0.7500000000000001,2510.637717764944,126,0,1.0
17,Bottleneck,Optimal,0.8000000000000002,1109.5324667554653,66,0,1.0
17,Bottleneck,Optimal,0.5499999999999999,1731.3177403842237,90,0,1.0
17,Bottleneck,Optimal,0.65,1945.6195973673725,112,0,1.0
17,Bottleneck,Optimal,0.7500000000000001,2694.045220857935,141,0,1.0
17,Bottleneck,Optimal,0.8000000000000002,2473.975567889216,122,0,1.0
17,Bottleneck,Optimal,0.6,1372.5799996807582,80,0,1.0
17,Bottleneck,Optimal,0.49999999999999994,2073.4332213803427,104,0,1.0
17,Bottleneck,Optimal,0.6,1928.4192387161538,108,0,1.0
17,Bottleneck,Optimal,0.6,1854.2204411476087,94,0,1.0
17,Bottleneck,Optimal,0.7000000000000001,1906.3191091561016,94,0,1.0
17,Bottleneck,Optimal,0.7000000000000001,2008.61769135036,101,0,1.0
17,Bottleneck,Optimal,0.8000000000000002,2524.5689688757484,124,0,1.0
17,Bottleneck,Optimal,0.8500000000000002,1790.574817270353,96,0,1.0
