19,Min Sum,No-Contraction,0.0,702.425186786344,36,32,0.4582521117608837
19,Min Sum,No-Contraction,0.0,927.2101923471216,47,41,0.5665049147691925
19,Min Sum,No-Contraction,0.0,657.941644998848,34,30,0.3503611971104231
19,Min Sum,No-Contraction,0.0,404.9727629042989,22,18,0.39420520999468367
19,Min Sum,No-Contraction,0.0,675.1773820185058,35,30,0.558563074352548
19,Min Sum,No-Contraction,0.0,1005.9024468058503,51,44,0.5065932805870886
19,Min Sum,No-Contraction,0.0,566.1248744533304,30,23,0.41559454191033135
19,Min Sum,No-Contraction,0.0,986.7456815389146,50,44,0.5246783625730994
19,Min Sum,No-Contraction,0.0,484.2869176405453,26,22,0.46671165092217726
19,Min Sum,No-Contraction,0.0,564.9992873532793,30,22,0.45730994152046783
19,Min Sum,No-Contraction,0.0,743.825962293482,38,34,0.3448753462603878
19,Min Sum,No-Contraction,0.0,1082.4910409862032,54,48,0.581654754169374
19,Min Sum,No-Contraction,0.0,719.1216389943795,37,31,0.4336968547494864
19,Min Sum,No-Contraction,0.0,529.862334131636,28,23,0.46720969089390135
19,Min Sum,No-Contraction,0.0,862.2260161211492,44,38,0.410154173312068
19,Min Sum,No-Contraction,0.0,665.0694824139806,34,30,0.4303405572755418
19,Min Sum,No-Contraction,0.0,573.267532561463,30,25,0.40019493177387916
19,Min Sum,No-Contraction,0.0,571.0099603542463,30,25,0.4610136452241715
19,Min Sum,No-Contraction,0.0,701.5933428581297,36,32,0.5183560753736192
19,Min Sum,No-Contraction,0.0,919.6262813353419,47,42,0.3762597984322508
19,Min Sum,No-Contraction,0.0,649.691587730266,34,28,0.5128998968008256
19,Min Sum,No-Contraction,0.0,948.0290162300979,48,43,0.3583089668615984
19,Min Sum,No-Contraction,0.0,501.5471793842104,27,23,0.33051765215507906
19,Min Sum,No-Contraction,0.0,919.4246104378728,47,35,0.49458753266144084
19,Min Sum,No-Contraction,0.0,435.0523331671053,23,19,0.3623188405797101
19,Min Sum,No-Contraction,0.0,954.0563473166718,48,43,0.3637914230019493
19,Min Sum,No-Contraction,0.0,627.2521320554473,33,28,0.3521176679071416
19,Min Sum,No-Contraction,0.0,891.8894995164023,45,40,0.3278752436647174
19,Min Sum,No-Contraction,0.0,619.0997608400487,32,25,0.5623172514619883
19,Min Sum,No-Contraction,0.0,435.08356100007705,23,17,0.5270785659801678
19,Min Sum,No-Contraction,0.0,677.1666594232627,35,29,0.5655806182121972
19,Min Sum,No-Contraction,0.0,770.2537073716369,39,34,0.46393762183235865
19,Min Sum,No-Contraction,0.0,702.4305483173135,36,32,0.44899285250162435
19,Min Sum,No-Contraction,0.0,681.2857722253707,35,31,0.4277360066833751
19,Min Sum,No-Contraction,0.0,1031.901276917081,52,47,0.3439046333783176
19,Min Sum,No-Contraction,0.0,761.5690301935431,39,34,0.34098065677013045
19,Min Sum,No-Contraction,0.0,615.3521096751249,32,27,0.4029605263157895
19,Min Sum,No-Contraction,0.0,514.0519049252027,27,23,0.43209876543209874
19,Min Sum,No-Contraction,0.0,751.1465479514384,39,33,0.4537411905832958
19,Min Sum,No-Contraction,0.0,797.6373672561597,41,37,0.344743973755527
19,Min Sum,No-Contraction,0.0,454.36193424768487,24,20,0.32821637426900585
19,Min Sum,No-Contraction,0.0,861.1510134037127,44,39,0.442849548112706
19,Min Sum,No-Contraction,0.0,489.78235164640085,26,22,0.43409806567701303
19,Min Sum,No-Contraction,0.0,555.2874769114337,29,21,0.6477112321032467
19,Min Sum,No-Contraction,0.0,427.0836386403866,23,16,0.41367912534960594
19,Min Sum,No-Contraction,0.0,466.47683768101206,25,20,0.35929824561403506
19,Min Sum,No-Contraction,0.0,440.29285863454726,24,19,0.4568713450292397
19,Min Sum,No-Contraction,0.0,631.0194081482746,33,29,0.3866737550948077
19,Min Sum,No-Contraction,0.0,611.009726421563,32,24,0.6032529239766081
19,Min Sum,No-Contraction,0.0,585.0403446957014,31,27,0.38634219958498395
19,Min Sum,No-Contraction,0.0,468.7668275361118,25,21,0.4858479532163743
19,Min Sum,No-Contraction,0.0,453.04677771553037,24,19,0.42884990253411304
19,Min Sum,No-Contraction,0.0,756.6290242283417,39,32,0.35537561853351324
19,Min Sum,No-Contraction,0.0,416.3460023228092,22,19,0.5175438596491229
19,Min Sum,No-Contraction,0.0,629.4581773143211,33,26,0.46322877901825266
19,Min Sum,No-Contraction,0.0,519.8175654661959,27,23,0.6369937188650638
19,Min Sum,No-Contraction,0.0,458.38810268688025,25,20,0.6680701754385965
19,Min Sum,No-Contraction,0.0,518.5787178120507,27,23,0.41802035954082734
19,Min Sum,No-Contraction,0.0,870.9549826876572,44,39,0.39154704944178625
19,Min Sum,No-Contraction,0.0,611.4620143127584,32,26,0.3958333333333333
19,Min Sum,No-Contraction,0.0,626.0745278011407,33,28,0.4336345915293284
19,Min Sum,No-Contraction,0.0,478.2655134806639,25,20,0.48397660818713445
19,Min Sum,No-Contraction,0.0,729.7806561330034,38,33,0.41351184979993844
19,Min Sum,No-Contraction,0.0,825.0461754348661,42,35,0.4058758006126427
19,Min Sum,No-Contraction,0.0,979.8177999713026,50,34,0.5854970760233918
19,Min Sum,No-Contraction,0.0,845.4839328561914,43,38,0.311437508499932
19,Min Sum,No-Contraction,0.0,452.3954189968639,24,20,0.4130116959064327
19,Min Sum,No-Contraction,0.0,935.5347466173357,47,42,0.5133756376757497
19,Min Sum,No-Contraction,0.0,626.6651168166799,33,29,0.3815346446925394
19,Min Sum,No-Contraction,0.0,943.5651854145233,48,43,0.5170565302144249
19,Min Sum,No-Contraction,0.0,583.9913446322358,31,27,0.44312393887945667
19,Min Sum,No-Contraction,0.0,666.3283505133165,34,31,0.3300653594771242
19,Min Sum,No-Contraction,0.0,777.2513738869968,40,34,0.44824561403508767
19,Min Sum,No-Contraction,0.0,698.9180231488195,36,32,0.43973359324236516
19,Min Sum,No-Contraction,0.0,432.6145463925316,23,16,0.4879227053140096
19,Min Sum,No-Contraction,0.0,671.283424828079,35,31,0.3497076023391813
19,Min Sum,No-Contraction,0.0,632.1409769817958,33,27,0.4651780967570441
19,Min Sum,No-Contraction,0.0,699.2970892273656,36,30,0.4117933723196881
19,Min Sum,No-Contraction,0.0,567.8117023368957,30,25,0.453411306042885
19,Min Sum,No-Contraction,0.0,666.8477337239545,35,30,0.5470342522974102
19,Min Sum,No-Contraction,0.0,807.1974935815643,41,36,0.34617030380830127
19,Min Sum,No-Contraction,0.0,680.4670742707671,35,31,0.4527986633249791
19,Min Sum,No-Contraction,0.0,1027.316932904016,52,47,0.32130004498425546
19,Min Sum,No-Contraction,0.0,738.1657643756397,38,31,0.4629116651277316
19,Min Sum,No-Contraction,0.0,695.2757873692709,36,30,0.33966861598440545
19,Min Sum,No-Contraction,0.0,669.4949002326855,35,30,0.41269841269841273
19,Min Sum,No-Contraction,0.0,798.9768854832977,41,35,0.3424618456710883
19,Min Sum,No-Contraction,0.0,439.4662443401934,24,20,0.41861598440545805
19,Min Sum,No-Contraction,0.0,493.48328515811767,26,22,0.3866396761133603
19,Min Sum,No-Contraction,0.0,799.8188152931401,41,36,0.331193838254172
19,Min Sum,No-Contraction,0.0,471.7649023223038,25,21,0.5574269005847953
19,Min Sum,No-Contraction,0.0,853.4627766129764,43,36,0.382156942744458
19,Min Sum,No-Contraction,0.0,851.7617873291497,43,38,0.39698082415340674
19,Min Sum,No-Contraction,0.0,685.4994066103503,35,32,0.32999164578111945
19,Min Sum,No-Contraction,0.0,849.0847345273253,43,39,0.42363661090711274
19,Min Sum,No-Contraction,0.0,652.8069720675513,34,28,0.414000687994496
19,Min Sum,No-Contraction,0.0,434.30392244554866,23,20,0.4040172896008136
19,Min Sum,No-Contraction,0.0,562.9975275716234,30,24,0.3645224171539961
19,Min Sum,No-Contraction,0.0,696.90133680171,36,29,0.42576348278102666
19,Min Sum,No-Contraction,0.0,807.8330076859257,41,36,0.3400370845813721
19,Min Sum,No-Contraction,0.0,660.0183872122274,34,29,0.38011695906432746
19,Min Sum,No-Contraction,0.0,512.329541767978,27,22,0.46826943902967294
19,Min Sum,No-Contraction,0.0,596.1990875852271,31,25,0.4019996227126957
19,Min Sum,No-Contraction,0.0,708.1588907491858,36,32,0.4514294996751137
19,Min Sum,No-Contraction,0.0,653.929064150144,34,30,0.52218782249742
19,Min Sum,No-Contraction,0.0,778.032840120738,40,33,0.539766081871345
19,Min Sum,No-Contraction,0.0,751.3873842579566,39,33,0.41760383865647027
19,Min Sum,No-Contraction,0.0,496.62905663037066,26,22,0.49302744039586144
19,Min Sum,No-Contraction,0.0,509.00023828643674,27,23,0.363872644574399
19,Min Sum,No-Contraction,0.0,605.6272191309068,32,27,0.3715277777777778
19,Min Sum,No-Contraction,0.0,981.2709487626921,50,46,0.3953216374269006
19,Min Sum,No-Contraction,0.0,947.0615966092723,48,44,0.2892300194931774
19,Min Sum,No-Contraction,0.0,671.396303594529,35,22,0.7221386800334169
19,Min Sum,No-Contraction,0.0,733.5710766160249,38,33,0.31486611265004616
19,Min Sum,No-Contraction,0.0,605.5971240307691,32,24,0.4919590643274854
19,Min Sum,No-Contraction,0.0,1212.1661106636802,61,54,0.3820343207746141
19,Min Sum,No-Contraction,0.0,914.269590654705,46,41,0.37592168827866773
19,Min Sum,No-Contraction,0.0,1163.315491826154,58,54,0.5117967332123412
19,Min Sum,No-Contraction,0.0,603.6234386900373,31,27,0.35880022637238257
19,Min Sum,No-Contraction,0.0,736.690962484908,38,33,0.3731917513080948
19,Min Sum,No-Contraction,0.0,867.2331689872204,44,40,0.46677299308878256
19,Min Sum,No-Contraction,0.0,774.2078940097807,40,36,0.4087719298245614
19,Min Sum,No-Contraction,0.0,521.9721840176953,28,24,0.31495405179615704
19,Min Sum,No-Contraction,0.0,821.7321159406483,42,36,0.5381509328877749
19,Min Sum,No-Contraction,0.0,440.4933265573612,24,20,0.3362573099415205
19,Min Sum,No-Contraction,0.0,849.5363415992432,43,36,0.41153270773833805
19,Min Sum,No-Contraction,0.0,697.97769195727,36,32,0.578622482131254
19,Min Sum,No-Contraction,0.0,848.0044004912365,43,39,0.35808513531891745
19,Min Sum,No-Contraction,0.0,1071.0673525667687,54,46,0.303335499241932
19,Min Sum,No-Contraction,0.0,780.3064981801031,40,34,0.6216374269005848
19,Min Sum,No-Contraction,0.0,1247.3686825386314,62,59,0.25108470099981134
19,Min Sum,No-Contraction,0.0,901.0597061438541,46,41,0.421815408085431
19,Min Sum,No-Contraction,0.0,892.716650059084,45,40,0.2969460688758934
19,Min Sum,No-Contraction,0.0,556.6320581228534,29,24,0.39564428312159705
19,Min Sum,No-Contraction,0.0,838.9465198242164,43,37,0.4402284781721746
19,Min Sum,No-Contraction,0.0,623.0952663433903,32,26,0.5297880116959064
19,Min Sum,No-Contraction,0.0,598.6196534567708,31,25,0.40822486323335216
19,Min Sum,No-Contraction,0.0,786.4575011704641,40,36,0.28157894736842104
19,Min Sum,No-Contraction,0.0,511.9545034173026,27,22,0.5050898852068443
19,Min Sum,No-Contraction,0.0,1021.2229731762556,52,47,0.46153846153846156
19,Min Sum,No-Contraction,0.0,882.3888314153176,45,40,0.3564652371669916
19,Min Sum,No-Contraction,0.0,694.7749977907426,36,32,0.40253411306042886
19,Min Sum,No-Contraction,0.0,752.4659096411073,39,34,0.30844204528415053
19,Min Sum,No-Contraction,0.0,727.904434499435,37,31,0.55049786628734
19,Min Sum,No-Contraction,0.0,429.868713934865,23,19,0.30765319094838545
19,Min Sum,No-Contraction,0.0,596.744990851572,31,27,0.38879456706281834
19,Min Sum,No-Contraction,0.0,662.7663601774289,34,28,0.4169246646026832
19,Min Sum,No-Contraction,0.0,762.1607170215062,39,35,0.4507422402159244
19,Min Sum,No-Contraction,0.0,594.6318861381952,31,27,0.3972835314091681
19,Min Sum,No-Contraction,0.0,846.3929871952208,43,38,0.5679314565483476
19,Min Sum,No-Contraction,0.0,400.17163034589726,22,17,0.5443912812333864
19,Min Sum,No-Contraction,0.0,547.6108700607595,29,24,0.41984271022383546
19,Min Sum,No-Contraction,0.0,442.8240706343241,24,19,0.42714424951267055
19,Min Sum,No-Contraction,0.0,767.2295360913953,39,34,0.349527665317139
19,Min Sum,No-Contraction,0.0,743.2026227539998,38,30,0.42705447830101567
19,Min Sum,No-Contraction,0.0,762.7584195497965,39,35,0.43259859049332733
19,Min Sum,No-Contraction,0.0,568.3446809182593,30,24,0.5196881091617933
19,Min Sum,No-Contraction,0.0,490.8540350775318,26,21,0.4365721997300944
19,Min Sum,No-Contraction,0.0,689.6739655867548,36,32,0.3349577647823262
19,Min Sum,No-Contraction,0.0,877.0649758740703,45,37,0.4896686159844055
19,Min Sum,No-Contraction,0.0,812.0062930023595,41,37,0.392811296534018
19,Min Sum,No-Contraction,0.0,498.5279513413746,26,23,0.4122807017543859
19,Min Sum,No-Contraction,0.0,811.3888166218359,41,33,0.4487234346027671
19,Min Sum,No-Contraction,0.0,559.3910681959527,29,23,0.42629562411776567
19,Min Sum,No-Contraction,0.0,752.5727518614125,39,31,0.4861298545509071
19,Min Sum,No-Contraction,0.0,705.8568806892231,36,33,0.41390513320337885
19,Min Sum,No-Contraction,0.0,649.5654285648507,34,28,0.46233230134158926
19,Min Sum,No-Contraction,0.0,675.3557244630697,35,31,0.43324979114452794
19,Min Sum,No-Contraction,0.0,719.7350643164698,37,33,0.34044570886676145
19,Min Sum,No-Contraction,0.0,759.4566726161423,39,32,0.4556905083220873
19,Min Sum,No-Contraction,0.0,549.1340584930336,29,25,0.29340592861464004
19,Min Sum,No-Contraction,0.0,731.8710961743486,38,33,0.33779624499846106
19,Min Sum,No-Contraction,0.0,439.45923892688666,24,20,0.3637914230019493
19,Min Sum,No-Contraction,0.0,629.0813956922448,33,28,0.4961899698741804
19,Min Sum,No-Contraction,0.0,553.9724194531569,29,25,0.3762855414398064
19,Min Sum,No-Contraction,0.0,650.0704591016411,34,28,0.45459236326109387
19,Min Sum,No-Contraction,0.0,621.4967679490779,32,28,0.5122441520467836
19,Min Sum,No-Contraction,0.0,634.2660928634206,33,28,0.3328017012227538
19,Min Sum,No-Contraction,0.0,719.9469657289094,37,32,0.3714240556345819
19,Min Sum,No-Contraction,0.0,639.7251667258295,33,29,0.3182704235335814
19,Min Sum,No-Contraction,0.0,719.7194561625038,37,30,0.39623834360676463
19,Min Sum,No-Contraction,0.0,818.2133376536224,42,38,0.501113895850738
19,Min Sum,No-Contraction,0.0,529.3763951043505,28,24,0.4323308270676692
19,Min Sum,No-Contraction,0.0,495.90868624941504,26,23,0.4664867296446244
19,Min Sum,No-Contraction,0.0,808.8842376229508,41,37,0.38453858222792753
19,Min Sum,No-Contraction,0.0,590.2349529797865,31,25,0.46519524617996605
19,Min Sum,No-Contraction,0.0,736.6159808407397,38,31,0.46722068328716526
19,Min Sum,No-Contraction,0.0,796.5281813379872,41,36,0.40108401084010836
19,Min Sum,No-Contraction,0.0,590.2506459731612,31,25,0.5219769854744387
19,Min Sum,No-Contraction,0.0,871.942896680451,44,40,0.28375863902179693
19,Min Sum,No-Contraction,0.0,668.3653937134424,35,26,0.5060985797827903
19,Min Sum,No-Contraction,0.0,604.1880902101467,32,26,0.4760599415204678
19,Min Sum,No-Contraction,0.0,471.28765871676006,25,21,0.33473684210526317
19,Min Sum,No-Contraction,0.0,680.3168242631704,35,29,0.41503759398496237
19,Min Sum,No-Contraction,0.0,508.871869404632,27,19,0.6363439462854666
19,Min Sum,No-Contraction,0.0,1012.9825558473218,51,39,0.5227611512441234
19,Min Sum,No-Contraction,0.0,607.3441142838834,32,27,0.4621710526315789
19,Min Sum,No-Contraction,0.0,1001.4828275716156,51,43,0.5970645568168788
19,Min Sum,No-Contraction,0.0,455.2591949557784,24,19,0.6371832358674464
19,Min Sum,No-Contraction,0.0,584.8391046716632,31,22,0.527824938690813
19,Min Sum,No-Contraction,0.0,813.8749479756027,42,32,0.43762183235867447
19,Min Sum,No-Contraction,0.0,1060.958053296553,53,47,0.5460664239214388
19,Min Sum,No-Contraction,0.0,719.4300717780907,37,33,0.4758969495811601
19,Min Sum,No-Contraction,0.0,651.6111702369556,34,30,0.43636050911592705
19,Min Sum,No-Contraction,0.0,1071.2898815479837,54,50,0.38412388997184316
19,Min Sum,No-Contraction,0.0,778.0585229981237,40,35,0.3992690058479532
19,Min Sum,No-Contraction,0.0,682.7703774279897,35,30,0.4741854636591478
19,Min Sum,No-Contraction,0.0,569.0691025496885,30,24,0.44015594541910336
19,Min Sum,No-Contraction,0.0,804.127549752874,41,37,0.47382684353159316
19,Min Sum,No-Contraction,0.0,973.7590519925732,49,44,0.36436328917531924
19,Min Sum,No-Contraction,0.0,726.622133771728,37,33,0.48490595859016905
19,Min Sum,No-Contraction,0.0,950.6903480382064,48,43,0.3501461988304093
19,Min Sum,No-Contraction,0.0,437.52945789801197,24,20,0.3762183235867446
19,Min Sum,No-Contraction,0.0,1063.3761388406992,54,49,0.4249512670565302
19,Min Sum,No-Contraction,0.0,401.37251117045327,22,18,0.49415204678362573
19,Min Sum,No-Contraction,0.0,856.7460045935197,44,36,0.4182615629984051
19,Min Sum,No-Contraction,0.0,820.2315749703633,42,37,0.3833194096351991
19,Min Sum,No-Contraction,0.0,865.7646827232696,44,40,0.4060340244550771
19,Min Sum,No-Contraction,0.0,752.8503623205513,39,34,0.5006747638326586
19,Min Sum,No-Contraction,0.0,540.2320568700069,28,24,0.4091478696741855
19,Min Sum,No-Contraction,0.0,676.5028945762814,35,30,0.5408521303258146
19,Min Sum,No-Contraction,0.0,878.0879602115244,45,40,0.4135152696556205
19,Min Sum,No-Contraction,0.0,634.1035032130751,33,28,0.3833067517278044
19,Min Sum,No-Contraction,0.0,863.0762931469984,44,40,0.3463583200425306
19,Min Sum,No-Contraction,0.0,1062.3203996735342,53,48,0.33774688293059696
19,Min Sum,No-Contraction,0.0,797.8963421691197,41,37,0.31122521751533305
19,Min Sum,No-Contraction,0.0,591.2757310482123,31,25,0.43897377853235237
19,Min Sum,No-Contraction,0.0,503.5419788218156,27,22,0.46826943902967294
19,Min Sum,No-Contraction,0.0,781.8314852607547,40,32,0.46871345029239764
19,Min Sum,No-Contraction,0.0,759.1463648380442,39,35,0.3007947218473534
19,Min Sum,No-Contraction,0.0,555.1049389259849,29,24,0.5277273643879814
19,Min Sum,No-Contraction,0.0,838.4568467777384,43,33,0.5117639058887529
19,Min Sum,No-Contraction,0.0,612.6697200255543,32,27,0.41739766081871343
19,Min Sum,No-Contraction,0.0,506.7506310042167,27,23,0.4548408057179987
19,Min Sum,No-Contraction,0.0,646.3678104244401,34,29,0.45545235638114895
19,Min Sum,No-Contraction,0.0,454.2725489685205,24,19,0.3664717348927875
19,Min Sum,No-Contraction,0.0,411.56708908297867,22,15,0.5653907496012759
19,Min Sum,No-Contraction,0.0,645.7049106115437,33,28,0.5502392344497608
19,Min Sum,No-Contraction,0.0,649.3762373987588,34,29,0.49484004127966974
19,Min Sum,No-Contraction,0.0,727.8486428682594,37,31,0.4057215109846689
19,Min Sum,No-Contraction,0.0,764.8437772080435,39,29,0.5828460038986355
19,Min Sum,No-Contraction,0.0,554.1210305319687,29,25,0.5424480742085097
19,Min Sum,No-Contraction,0.0,738.8392595724454,38,33,0.38442597722376115
19,Min Sum,No-Contraction,0.0,547.6500382295375,29,23,0.48981649526114135
19,Min Sum,No-Contraction,0.0,687.9911637567546,36,29,0.6085120207927226
19,Min Sum,No-Contraction,0.0,582.6306103421929,30,26,0.3717348927875244
19,Min Sum,No-Contraction,0.0,740.6715507725802,38,32,0.47260695598645736
19,Min Sum,No-Contraction,0.0,540.0999354970857,28,24,0.3694653299916458
19,Min Sum,No-Contraction,0.0,757.5352559791008,39,35,0.4249512670565302
19,Min Sum,No-Contraction,0.0,1031.13452234143,52,43,0.4285874943769681
19,Min Sum,No-Contraction,0.0,853.5226777964151,43,38,0.47014823881408946
19,Min Sum,No-Contraction,0.0,711.2633538626395,37,30,0.40556345819503714
19,Min Sum,No-Contraction,0.0,475.86225319163196,25,21,0.4753216374269006
19,Min Sum,No-Contraction,0.0,1001.0129202068487,51,45,0.5734434124527004
19,Min Sum,No-Contraction,0.0,842.2766426535356,43,36,0.37644498844009244
19,Min Sum,No-Contraction,0.0,1029.264896592782,52,48,0.3085919928025191
19,Min Sum,No-Contraction,0.0,760.1266929142687,39,33,0.3702204228520018
19,Min Sum,No-Contraction,0.0,501.67998940917414,27,23,0.4316655837123673
19,Min Sum,No-Contraction,0.0,1006.6241118018125,51,42,0.5339983946795093
19,Min Sum,No-Contraction,0.0,537.1715751727577,28,24,0.33187134502923976
19,Min Sum,No-Contraction,0.0,527.1948062321304,28,23,0.3538011695906432
19,Min Sum,No-Contraction,0.0,768.7547130295823,39,34,0.38641475483580745
19,Min Sum,No-Contraction,0.0,571.1116968409589,30,27,0.25692007797270955
19,Min Sum,No-Contraction,0.0,725.3307636813773,37,31,0.49960486802592063
19,Min Sum,No-Contraction,0.0,518.5272433750278,27,19,0.7093350660602122
19,Min Sum,No-Contraction,0.0,697.0133899029189,36,31,0.503411306042885
19,Min Sum,No-Contraction,0.0,842.228285154821,43,39,0.3598531211750306
19,Min Sum,No-Contraction,0.0,651.8006363930788,34,29,0.4375644994840041
19,Min Sum,No-Contraction,0.0,1094.316441490234,55,50,0.298989898989899
19,Min Sum,No-Contraction,0.0,895.8699481737494,46,41,0.3698194762267989
19,Min Sum,No-Contraction,0.0,812.2460364446374,41,37,0.28826130366566827
19,Min Sum,No-Contraction,0.0,540.8253130426153,28,24,0.3191311612364244
19,Min Sum,No-Contraction,0.0,703.0068652078901,36,30,0.5190058479532164
19,Min Sum,No-Contraction,0.0,681.2668275235683,35,31,0.3493734335839599
19,Min Sum,No-Contraction,0.0,614.1929525962602,32,28,0.32693713450292394
19,Min Sum,No-Contraction,0.0,640.1332273259143,33,28,0.5514797093744461
19,Min Sum,No-Contraction,0.0,598.789720015277,31,22,0.6204489718920958
19,Min Sum,No-Contraction,0.0,871.3142933156674,44,40,0.4126794258373206
19,Min Sum,No-Contraction,0.0,766.9978505230993,39,31,0.5509071824861298
19,Min Sum,No-Contraction,0.0,670.8616510748061,35,29,0.4524644945697577
19,Min Sum,No-Contraction,0.0,708.7356250850285,37,31,0.3935514461830251
19,Min Sum,No-Contraction,0.0,551.5166071826034,29,24,0.43718491631377293
19,Min Sum,No-Contraction,0.0,350.9819762088448,19,15,0.4715297014465989
19,Min Sum,No-Contraction,0.0,513.0461412981157,27,22,0.4297162659735759
19,Min Sum,No-Contraction,0.0,631.6124257054792,33,29,0.31951089845826686
19,Min Sum,No-Contraction,0.0,842.1746754683979,43,36,0.4599483204134367
19,Min Sum,No-Contraction,0.0,706.221909908853,36,32,0.53183885640026
19,Min Sum,No-Contraction,0.0,882.4897257074873,45,39,0.3576348278102664
19,Min Sum,No-Contraction,0.0,948.96472201032,48,41,0.5966130604288499
19,Min Sum,No-Contraction,0.0,502.01676004072567,27,23,0.3753519601472818
19,Min Sum,No-Contraction,0.0,341.3202021847231,19,14,0.6124961526623577
19,Min Sum,No-Contraction,0.0,613.6422413823146,32,28,0.4369517543859649
19,Min Sum,No-Contraction,0.0,1034.0830424325015,52,46,0.29520917678812414
19,Min Sum,No-Contraction,0.0,1048.246176968512,53,48,0.4017433520909191
19,Min Sum,No-Contraction,0.0,1012.2783180762118,51,45,0.695562435500516
19,Min Sum,No-Contraction,0.0,856.5719630310912,44,38,0.3225677830940989
19,Min Sum,No-Contraction,0.0,770.9489140756165,40,35,0.393859649122807
19,Min Sum,No-Contraction,0.0,1413.111412023457,70,65,0.2962406015037594
19,Min Sum,No-Contraction,0.0,986.1748899421336,50,45,0.4084210526315789
19,Min Sum,No-Contraction,0.0,1214.6707689555212,61,51,0.48250407439363435
19,Min Sum,No-Contraction,0.0,603.9003966799359,31,27,0.4091680814940577
19,Min Sum,No-Contraction,0.0,781.5134802346332,40,37,0.3422514619883041
19,Min Sum,No-Contraction,0.0,938.7623724331128,48,41,0.46759259259259256
19,Min Sum,No-Contraction,0.0,949.2573811425907,48,44,0.27546296296296297
19,Min Sum,No-Contraction,0.0,677.496239732714,35,32,0.35137844611528823
19,Min Sum,No-Contraction,0.0,1177.2847220895724,59,55,0.3462186539795817
19,Min Sum,No-Contraction,0.0,618.7800171779502,32,27,0.4967105263157895
19,Min Sum,No-Contraction,0.0,915.3461178883844,46,41,0.4132977370963641
19,Min Sum,No-Contraction,0.0,833.0727033258387,42,34,0.3810916179337232
19,Min Sum,No-Contraction,0.0,990.7258156411943,50,46,0.4883040935672514
19,Min Sum,No-Contraction,0.0,1330.8168911833102,66,60,0.28779018252702465
19,Min Sum,No-Contraction,0.0,1204.7819653681759,60,53,0.4574074074074074
19,Min Sum,No-Contraction,0.0,1254.0105915513006,63,57,0.3032581453634085
19,Min Sum,No-Contraction,0.0,950.7930754639534,48,40,0.41861598440545805
19,Min Sum,No-Contraction,0.0,1103.924459944022,55,50,0.41531100478468896
19,Min Sum,No-Contraction,0.0,727.6429335914158,37,34,0.35135135135135137
19,Min Sum,No-Contraction,0.0,976.1404109113694,49,44,0.4414607948442535
19,Min Sum,No-Contraction,0.0,503.42342358437827,27,22,0.552956465237167
19,Min Sum,No-Contraction,0.0,675.3476427941706,35,29,0.6096908939014202
19,Min Sum,No-Contraction,0.0,1107.12667413238,56,52,0.3701963241436926
19,Min Sum,No-Contraction,0.0,593.2731034098175,31,27,0.3812488209771741
19,Min Sum,No-Contraction,0.0,1104.1984879775682,56,50,0.47451963241436923
19,Min Sum,No-Contraction,0.0,1237.8138246368742,62,53,0.47406149783059803
19,Min Sum,No-Contraction,0.0,903.9054853476749,46,40,0.3675311467073481
19,Min Sum,No-Contraction,0.0,1012.4889553196232,51,45,0.42391927531246415
19,Min Sum,No-Contraction,0.0,869.8389280101626,44,40,0.3936735778841042
19,Min Sum,No-Contraction,0.0,629.5190425844423,33,28,0.41485025695552014
19,Min Sum,No-Contraction,0.0,808.5809394653944,41,36,0.5056340037084581
19,Min Sum,No-Contraction,0.0,791.0530349006098,40,35,0.41081871345029236
19,Min Sum,No-Contraction,0.0,632.2762731650967,33,29,0.4125465178096757
19,Min Sum,No-Contraction,0.0,425.7676559054438,23,19,0.5354691075514875
19,Min Sum,No-Contraction,0.0,747.3472512783363,38,30,0.4521391197291474
19,Min Sum,No-Contraction,0.0,738.3368835484343,38,31,0.5421668205601723
19,Min Sum,No-Contraction,0.0,844.8127262840188,43,37,0.5520195838433293
19,Min Sum,No-Contraction,0.0,521.2201889751788,28,24,0.42857142857142855
19,Min Sum,No-Contraction,0.0,458.8860588830684,25,21,0.4631578947368421
19,Min Sum,No-Contraction,0.0,655.6314949971852,34,28,0.4231166150670795
19,Min Sum,No-Contraction,0.0,926.6203286895668,47,35,0.6216249844469329
19,Min Sum,No-Contraction,0.0,771.1058543214982,40,34,0.5801169590643275
19,Min Sum,No-Contraction,0.0,367.4473409669521,20,15,0.6280701754385964
19,Min Sum,No-Contraction,0.0,788.6307541499181,40,37,0.3985380116959064
19,Min Sum,No-Contraction,0.0,476.0450031591001,25,21,0.42970760233918126
19,Min Sum,No-Contraction,0.0,825.287972323071,42,32,0.6453634085213033
19,Min Sum,No-Contraction,0.0,623.7244955748336,32,28,0.43896198830409355
19,Min Sum,No-Contraction,0.0,608.2898776461739,32,22,0.6339546783625731
19,Min Sum,No-Contraction,0.0,663.8819418663995,34,30,0.5626074991400069
19,Min Sum,No-Contraction,0.0,623.8646503129526,32,27,0.4153874269005848
19,Min Sum,No-Contraction,0.0,654.9806713992816,34,25,0.4845201238390093
19,Min Sum,No-Contraction,0.0,591.5368374951269,31,26,0.46651575174495374
19,Min Sum,No-Contraction,0.0,691.791592760674,36,32,0.29678362573099415
19,Min Sum,No-Contraction,0.0,437.4486530326138,24,19,0.4473684210526316
19,Min Sum,No-Contraction,0.0,419.88458628893704,23,17,0.5352148487159929
19,Min Sum,No-Contraction,0.0,530.9981087869063,28,22,0.6033834586466166
19,Min Sum,No-Contraction,0.0,622.4858672477266,32,29,0.36896929824561403
19,Min Sum,No-Contraction,0.0,526.5014220510308,28,23,0.5925229741019215
19,Min Sum,No-Contraction,0.0,708.8748751452679,37,31,0.39702860755492336
19,Min Sum,No-Contraction,0.0,734.7708429186476,38,32,0.4184364419821483
19,Min Sum,No-Contraction,0.0,608.1527707166616,32,28,0.44371345029239767
19,Min Sum,No-Contraction,0.0,572.2443411892117,30,25,0.3226120857699805
19,Min Sum,No-Contraction,0.0,655.5797805763503,34,27,0.4877880976952184
19,Min Sum,No-Contraction,0.0,466.95544644007765,25,21,0.6208187134502924
19,Min Sum,No-Contraction,0.0,442.8697784799436,24,18,0.4183723196881091
19,Min Sum,No-Contraction,0.0,759.5688470429245,39,34,0.43049932523616735
19,Min Sum,No-Contraction,0.0,443.1212163444874,24,18,0.5289961013645225
19,Min Sum,No-Contraction,0.0,605.4009207456152,32,26,0.7372076023391813
19,Min Sum,No-Contraction,0.0,749.8466351024018,38,32,0.3945829485995691
19,Min Sum,No-Contraction,0.0,496.5751747869646,26,22,0.352676563202879
19,Min Sum,No-Contraction,0.0,691.2337801509698,36,30,0.398635477582846
19,Min Sum,No-Contraction,0.0,505.7448674430744,27,23,0.36213991769547327
19,Min Sum,No-Contraction,0.0,531.0638089740288,28,23,0.45593149540517963
19,Min Sum,No-Contraction,0.0,400.0216535693214,22,17,0.43274853801169594
19,Min Sum,No-Contraction,0.0,623.492618947017,32,26,0.5074926900584795
19,Min Sum,No-Contraction,0.0,679.2511259874412,35,24,0.5435254803675856
19,Min Sum,No-Contraction,0.0,945.0067935840262,48,41,0.6594785575048733
19,Min Sum,No-Contraction,0.0,839.018562968277,43,39,0.4849721202230382
19,Min Sum,No-Contraction,0.0,606.0945809150152,32,27,0.3751827485380117
19,Min Sum,No-Contraction,0.0,575.1985683115956,30,23,0.5789473684210527
19,Min Sum,No-Contraction,0.0,808.2852193779197,41,38,0.4769647696476965
19,Min Sum,No-Contraction,0.0,826.7245830833202,42,37,0.3791423001949318
19,Min Sum,No-Contraction,0.0,1059.4346892822803,53,46,0.47456692044576854
19,Min Sum,No-Contraction,0.0,957.0969365369847,48,43,0.38425925925925924
19,Min Sum,No-Contraction,0.0,622.091547647944,32,27,0.37737573099415206
19,Min Sum,No-Contraction,0.0,1193.8440664177192,60,53,0.3743664717348928
19,Min Sum,No-Contraction,0.0,621.5393727762939,32,23,0.5301535087719298
19,Min Sum,No-Contraction,0.0,1055.6340149400187,53,48,0.43330023171135384
19,Min Sum,No-Contraction,0.0,506.9046983208929,27,22,0.41195581546458737
19,Min Sum,No-Contraction,0.0,802.0026334738949,41,33,0.4502923976608187
19,Min Sum,No-Contraction,0.0,759.2965349129137,39,35,0.3733693207377418
19,Min Sum,No-Contraction,0.0,950.1471484975697,48,42,0.35757797270955166
19,Min Sum,No-Contraction,0.0,491.8460386411345,26,20,0.48920377867746284
19,Min Sum,No-Contraction,0.0,893.5363771368562,45,40,0.3089018843404808
19,Min Sum,No-Contraction,0.0,663.9063466362427,34,27,0.3935328517371861
19,Min Sum,No-Contraction,0.0,655.2452390782769,34,30,0.3768489852081183
19,Min Sum,No-Contraction,0.0,792.1309452501623,41,35,0.4367422621594637
19,Min Sum,No-Contraction,0.0,788.4640650364928,40,34,0.4633040935672515
19,Min Sum,No-Contraction,0.0,948.1616853413122,48,44,0.3418615984405458
19,Min Sum,No-Contraction,0.0,906.5847550978461,46,41,0.44139333841851
19,Min Sum,No-Contraction,0.0,1042.8342960705477,53,49,0.339070947809776
19,Min Sum,No-Contraction,0.0,715.8521695475615,37,31,0.44017701912438756
19,Min Sum,No-Contraction,0.0,918.2872242278124,47,40,0.42391439591887514
19,Min Sum,No-Contraction,0.0,726.4386893328517,37,33,0.2931879247668721
19,Min Sum,No-Contraction,0.0,1049.8750605118964,53,44,0.40207436831071386
19,Min Sum,No-Contraction,0.0,453.13541645293446,24,21,0.5516569200779727
19,Min Sum,No-Contraction,0.0,599.8078978406112,31,27,0.6640256555366911
19,Min Sum,No-Contraction,0.0,1116.3152841412364,56,48,0.4424603174603175
19,Min Sum,No-Contraction,0.0,543.7085534294723,29,24,0.5607985480943739
19,Min Sum,No-Contraction,0.0,1001.6649368830925,51,43,0.40901272789817683
19,Min Sum,No-Contraction,0.0,1063.012135828471,54,48,0.4071908165475417
19,Min Sum,No-Contraction,0.0,754.7910461555049,39,35,0.30004498425551057
19,Min Sum,No-Contraction,0.0,1127.1552607035153,57,52,0.40648404637324304
19,Min Sum,No-Contraction,0.0,797.2731390607348,41,36,0.4662672942518899
19,Min Sum,No-Contraction,0.0,702.7845298407791,36,32,0.45565302144249514
19,Min Sum,No-Contraction,0.0,596.211022425184,31,27,0.5706470477268439
19,Min Sum,No-Contraction,0.0,830.0419770178834,42,37,0.34489000278473964
19,Min Sum,No-Contraction,0.0,573.2315903713699,30,24,0.5196881091617933
19,Min Sum,No-Contraction,0.0,661.258355109591,34,31,0.5930512555899553
19,Min Sum,No-Contraction,0.0,925.0882387572592,47,40,0.6022147567500311
19,Min Sum,No-Contraction,0.0,433.1445165806424,23,19,0.3691838291380625
19,Min Sum,No-Contraction,0.0,645.7877931624369,34,29,0.7105263157894737
19,Min Sum,No-Contraction,0.0,862.9985956125423,44,37,0.44670388091440727
19,Min Sum,No-Contraction,0.0,807.8746365149525,41,35,0.45713878191413493
19,Min Sum,No-Contraction,0.0,634.110651368342,33,29,0.5720361509835195
19,Min Sum,No-Contraction,0.0,458.10403039839025,24,17,0.540204678362573
19,Min Sum,No-Contraction,0.0,751.6176385826388,39,28,0.5515069725596041
19,Min Sum,No-Contraction,0.0,736.6935450667504,38,32,0.5073868882733149
19,Min Sum,No-Contraction,0.0,946.9724500814501,48,36,0.7497563352826511
19,Min Sum,No-Contraction,0.0,773.9437009933466,40,36,0.4214912280701754
19,Min Sum,No-Contraction,0.0,463.1119590335103,25,21,0.4388304093567251
19,Min Sum,No-Contraction,0.0,902.3523869574817,46,39,0.5713196033562167
19,Min Sum,No-Contraction,0.0,405.59362679891103,22,17,0.43779904306220097
19,Min Sum,No-Contraction,0.0,874.0570756567593,44,37,0.42224880382775115
19,Min Sum,No-Contraction,0.0,712.4306304152133,37,31,0.4777935830567409
19,Min Sum,No-Contraction,0.0,736.0787239189718,38,32,0.41997537703908894
19,Min Sum,No-Contraction,0.0,522.2322582477121,28,20,0.6643692564745196
19,Min Sum,No-Contraction,0.0,459.14676195460305,25,20,0.43111111111111106
19,Min Sum,No-Contraction,0.0,642.1848375133036,33,25,0.7134502923976609
19,Min Sum,No-Contraction,0.0,751.9952967185365,39,34,0.37231968810916183
19,Min Sum,No-Contraction,0.0,596.151330428387,31,27,0.5531031880777212
19,Min Sum,No-Contraction,0.0,758.2810255933007,39,32,0.40605787974209023
19,Min Sum,No-Contraction,0.0,901.8756888573926,46,42,0.3363844393592677
19,Min Sum,No-Contraction,0.0,772.8893986850031,40,36,0.3526315789473684
19,Min Sum,No-Contraction,0.0,514.6970289873725,27,23,0.35910764565735326
19,Min Sum,No-Contraction,0.0,546.8225120723148,29,22,0.5626134301270417
19,Min Sum,No-Contraction,0.0,532.6287616103041,28,24,0.41771094402673353
19,Min Sum,No-Contraction,0.0,620.857139935241,32,27,0.5778508771929824
19,Min Sum,No-Contraction,0.0,681.6986817748075,35,31,0.5560568086883876
19,Min Sum,No-Contraction,0.0,640.1759429296397,33,29,0.3450292397660819
19,Min Sum,No-Contraction,0.0,610.1509999076715,32,27,0.5317982456140351
19,Min Sum,No-Contraction,0.0,802.6797853817965,41,37,0.49022963913849665
19,Min Sum,No-Contraction,0.0,581.3505043422215,30,25,0.41130604288499023
19,Min Sum,No-Contraction,0.0,685.5176240360964,35,30,0.45363408521303256
19,Min Sum,No-Contraction,0.0,397.008191155243,22,16,0.6023391812865497
19,Min Sum,No-Contraction,0.0,544.3564191525587,29,22,0.5134099616858238
19,Min Sum,No-Contraction,0.0,486.8297583357311,26,21,0.5267656320287899
19,Min Sum,No-Contraction,0.0,478.6123914905551,25,19,0.632046783625731
19,Min Sum,No-Contraction,0.0,785.3432902097768,40,36,0.3043859649122807
19,Min Sum,No-Contraction,0.0,881.5447081179769,45,38,0.4106562703053931
19,Min Sum,No-Contraction,0.0,580.3182537846793,30,26,0.4762183235867446
19,Min Sum,No-Contraction,0.0,860.4266476049653,44,39,0.43367889420520994
19,Min Sum,No-Contraction,0.0,1152.918224662115,58,50,0.313268804194394
19,Min Sum,No-Contraction,0.0,366.13890390799367,20,16,0.5043859649122806
19,Min Sum,No-Contraction,0.0,427.4558477541245,23,19,0.3437579455886092
19,Min Sum,No-Contraction,0.0,789.0579328379615,40,35,0.35818713450292394
19,Min Sum,No-Contraction,0.0,1041.9824140607204,53,46,0.45834712567582475
19,Min Sum,No-Contraction,0.0,1174.1547438131904,59,50,0.32361978392308455
19,Min Sum,No-Contraction,0.0,1042.3326716591976,53,43,0.4939865386737283
19,Min Sum,No-Contraction,0.0,1140.5570667333072,57,53,0.3232789576279881
19,Min Sum,No-Contraction,0.0,518.4538640326753,27,22,0.3753519601472818
19,Min Sum,No-Contraction,0.0,1188.6131765063585,60,54,0.27358674463937616
19,Min Sum,No-Contraction,0.0,576.372231066575,30,24,0.42280701754385963
19,Min Sum,No-Contraction,0.0,956.7148591667205,48,44,0.32651072124756336
19,Min Sum,No-Contraction,0.0,991.3277337818624,50,45,0.3133333333333333
19,Min Sum,No-Contraction,0.0,861.4017696911426,44,39,0.31339712918660284
19,Min Sum,No-Contraction,0.0,857.2419324762999,44,39,0.43899521531100477
19,Min Sum,No-Contraction,0.0,732.8249260972499,38,30,0.39704524469067404
19,Min Sum,No-Contraction,0.0,916.5036871538083,46,41,0.48169336384439354
19,Min Sum,No-Contraction,0.0,1021.8460155144287,52,46,0.46974808816914077
19,Min Sum,No-Contraction,0.0,1001.1195533867116,51,45,0.48618277720444897
19,Min Sum,No-Contraction,0.0,971.9662084576039,49,44,0.4339419978517723
19,Min Sum,No-Contraction,0.0,1283.6147456500848,64,59,0.20111476608187134
19,Min Sum,No-Contraction,0.0,1066.9433493090369,54,50,0.22016460905349794
19,Min Sum,No-Contraction,0.0,599.1730163295936,31,25,0.34710431993963403
19,Min Sum,No-Contraction,0.0,363.8415120425225,20,15,0.5014619883040935
19,Min Sum,No-Contraction,0.0,1027.4297519949757,52,45,0.45782726045883937
19,Min Sum,No-Contraction,0.0,1020.3863838322787,51,45,0.26636853571838087
19,Min Sum,No-Contraction,0.0,625.2576256865293,33,28,0.48608895977317035
19,Min Sum,No-Contraction,0.0,942.4911566569757,48,42,0.4041179337231969
19,Min Sum,No-Contraction,0.0,701.4431823889485,36,30,0.361598440545809
19,Min Sum,No-Contraction,0.0,866.2592671485928,44,39,0.39832535885167464
19,Min Sum,No-Contraction,0.0,767.1040935341749,39,35,0.41145599040335884
19,Min Sum,No-Contraction,0.0,615.6742787379399,32,25,0.48318713450292394
19,Min Sum,No-Contraction,0.0,483.00471759453603,26,20,0.45299145299145294
19,Min Sum,No-Contraction,0.0,659.652245179787,34,30,0.3538011695906433
19,Min Sum,No-Contraction,0.0,837.6610021719412,43,36,0.37576499388004897
19,Min Sum,No-Contraction,0.0,707.2558191053911,36,31,0.394087069525666
19,Min Sum,No-Contraction,0.0,674.6034501055614,35,27,0.5801169590643275
19,Min Sum,No-Contraction,0.0,641.521102739752,33,29,0.4102427786638313
19,Min Sum,No-Contraction,0.0,955.2617911362036,48,42,0.4044834307992202
19,Min Sum,No-Contraction,0.0,1253.7206593473588,63,56,0.4547479810637705
19,Min Sum,No-Contraction,0.0,778.3754501730261,40,35,0.4428362573099415
19,Min Sum,No-Contraction,0.0,635.8636611067786,33,26,0.43806485911749066
19,Min Sum,No-Contraction,0.0,766.4537657753984,39,35,0.6723646723646723
19,Min Sum,No-Contraction,0.0,1239.953812768648,62,58,0.32173174872665533
19,Min Sum,No-Contraction,0.0,1034.5342967885076,52,48,0.3814664867296446
19,Min Sum,No-Contraction,0.0,1105.3869351135677,56,50,0.3593358395989975
19,Min Sum,No-Contraction,0.0,755.2610250988573,39,34,0.3832658569500675
19,Min Sum,No-Contraction,0.0,643.403663079083,33,29,0.41715399610136455
19,Min Sum,No-Contraction,0.0,1048.358622919692,53,48,0.49277281253448085
19,Min Sum,No-Contraction,0.0,669.9299610954884,35,31,0.3859649122807018
19,Min Sum,No-Contraction,0.0,787.3516733536281,40,37,0.2868421052631579
19,Min Sum,No-Contraction,0.0,1062.5282071574031,54,48,0.37296946068875897
19,Min Sum,No-Contraction,0.0,677.0333188416645,35,30,0.36491228070175435
19,Min Sum,No-Contraction,0.0,794.1615750061277,41,33,0.5434317501069748
19,Min Sum,No-Contraction,0.0,724.8104916244138,37,33,0.3361782835467046
19,Min Sum,No-Contraction,0.0,833.1480955621233,42,35,0.4728487886382623
19,Min Sum,No-Contraction,0.0,1233.2588403573736,62,54,0.37106206376155443
19,Min Sum,No-Contraction,0.0,1003.7356479401298,51,46,0.36177043916981994
19,Min Sum,No-Contraction,0.0,1188.1108265116866,60,53,0.31257309941520467
19,Min Sum,No-Contraction,0.0,1055.2476390434801,53,49,0.41652874324175215
19,Min Sum,No-Contraction,0.0,1073.5736515942613,54,49,0.43480615118042015
19,Min Sum,No-Contraction,0.0,573.2234736485416,30,26,0.35282651072124754
19,Min Sum,No-Contraction,0.0,804.0770131829804,41,33,0.5007844815290259
19,Min Sum,No-Contraction,0.0,616.0843390512626,32,26,0.47496345029239767
19,Min Sum,No-Contraction,0.0,794.935083000304,41,36,0.4435886464127799
19,Min Sum,No-Contraction,0.0,794.75673672889,41,37,0.3785479960062758
19,Min Sum,No-Contraction,0.0,584.7244836791331,31,24,0.610073571024335
19,Min Sum,No-Contraction,0.0,964.3094442917707,49,45,0.40231531208974813
19,Min Sum,No-Contraction,0.0,1012.9605249440493,51,46,0.4048847609219126
19,Min Sum,No-Contraction,0.0,844.6734107318066,43,38,0.4281245750034
19,Min Sum,No-Contraction,0.0,829.1166188273761,42,33,0.4569757727652464
19,Min Sum,No-Contraction,0.0,591.8565285174839,31,27,0.5189586870401811
19,Min Sum,No-Contraction,0.0,476.8585644909119,25,21,0.4339181286549707
19,Min Sum,No-Contraction,0.0,625.8927413011183,33,28,0.41449583554846714
19,Min Sum,No-Contraction,0.0,570.3307350526735,30,26,0.3846003898635477
19,Min Sum,No-Contraction,0.0,713.6548828298683,37,31,0.6067646593962384
19,Min Sum,No-Contraction,0.0,1061.1780524879096,53,48,0.4282246496745007
19,Min Sum,No-Contraction,0.0,1073.4126924868647,54,46,0.33928958197964043
19,Min Sum,No-Contraction,0.0,883.7349765953314,45,37,0.4621182586094867
19,Min Sum,No-Contraction,0.0,931.9780265199033,47,43,0.42179917879805895
19,Min Sum,No-Contraction,0.0,832.8058892334086,42,38,0.48649401280980226
19,Min Sum,No-Contraction,0.0,1340.7199402410995,67,60,0.4426115038840883
19,Min Sum,No-Contraction,0.0,883.2767328366577,45,39,0.39090318388564
19,Min Sum,No-Contraction,0.0,1333.5698798648482,67,61,0.47691367722789557
19,Min Sum,No-Contraction,0.0,547.1634075823616,29,24,0.5523290986085905
19,Min Sum,No-Contraction,0.0,932.3870948029962,47,43,0.3745178549209904
19,Min Sum,No-Contraction,0.0,980.0835044781047,50,45,0.47555555555555556
19,Min Sum,No-Contraction,0.0,1064.6708186206804,54,50,0.3919211609270089
19,Min Sum,No-Contraction,0.0,590.4953172901518,31,27,0.2967364648179589
19,Min Sum,No-Contraction,0.0,1028.3445832436819,52,47,0.3180386864597391
19,Min Sum,No-Contraction,0.0,457.7631522007752,24,19,0.37524366471734893
19,Min Sum,No-Contraction,0.0,1001.103996491795,51,47,0.4169246646026832
19,Min Sum,No-Contraction,0.0,827.2166478027384,42,39,0.3788638262322473
19,Min Sum,No-Contraction,0.0,981.3662716489711,50,44,0.4211695906432748
19,Min Sum,No-Contraction,0.0,1106.9945627348618,56,51,0.31067251461988304
19,Min Sum,No-Contraction,0.0,973.4869008095875,49,33,0.7192982456140351
19,Min Sum,No-Contraction,0.0,1308.8342557481812,65,60,0.38920377867746286
19,Min Sum,No-Contraction,0.0,965.8454050881331,49,44,0.42320085929108486
19,Min Sum,No-Contraction,0.0,1072.084500148396,54,47,0.3019276586528048
19,Min Sum,No-Contraction,0.0,779.8533729427617,40,34,0.34517543859649125
19,Min Sum,No-Contraction,0.0,1081.2569594105391,54,49,0.4884123889971843
19,Min Sum,No-Contraction,0.0,582.5461439304025,30,18,0.5812865497076023
19,Min Sum,No-Contraction,0.0,678.8138291085237,35,30,0.43241436925647453
19,Min Sum,No-Contraction,0.0,1137.8128874537995,57,44,0.420129270544783
19,Min Sum,No-Contraction,0.0,548.0184966081397,29,23,0.4640048396854204
19,Min Sum,No-Contraction,0.0,1178.448182492842,59,54,0.3613836852017048
19,Min Sum,No-Contraction,0.0,1195.857237471065,60,52,0.44590643274853803
19,Min Sum,No-Contraction,0.0,962.3946584622812,49,45,0.4080439193221148
19,Min Sum,No-Contraction,0.0,970.5551301999875,49,46,0.34598400763814297
19,Min Sum,No-Contraction,0.0,936.2952492126493,47,37,0.7148189622993655
19,Min Sum,No-Contraction,0.0,652.5346572843471,34,25,0.47058823529411764
19,Min Sum,No-Contraction,0.0,724.5974460964694,37,33,0.3537221431958274
19,Min Sum,No-Contraction,0.0,827.7665660918811,42,38,0.4099136730715678
19,Min Sum,No-Contraction,0.0,760.6840515851543,39,34,0.38641475483580745
19,Min Sum,No-Contraction,0.0,935.741429880038,47,37,0.5617767823814857
19,Min Sum,No-Contraction,0.0,795.6237824383651,41,31,0.518470974183426
19,Min Sum,No-Contraction,0.0,659.0812067387458,34,30,0.3249054007567939
19,Min Sum,No-Contraction,0.0,475.5833145585925,25,21,0.5136842105263159
19,Min Sum,No-Contraction,0.0,1057.2919607978633,53,47,0.40152267461105595
19,Min Sum,No-Contraction,0.0,837.4653009569986,43,36,0.3368693050455596
19,Min Sum,No-Contraction,0.0,1069.8826648702761,54,45,0.557504873294347
19,Min Sum,No-Contraction,0.0,746.685301713475,38,31,0.41874422899353647
19,Min Sum,No-Contraction,0.0,458.64025307168436,25,20,0.45707602339181286
19,Min Sum,No-Contraction,0.0,928.3277738002668,47,40,0.5962423789971383
19,Min Sum,No-Contraction,0.0,665.815663788091,34,28,0.3768489852081183
19,Min Sum,No-Contraction,0.0,657.1112198763878,34,29,0.33316133470932235
19,Min Sum,No-Contraction,0.0,897.4573568703139,46,38,0.49529621154335113
19,Min Sum,No-Contraction,0.0,547.0595086692225,29,25,0.2958257713248639
19,Min Sum,No-Contraction,0.0,713.2085995461117,37,32,0.5781571044728939
19,Min Sum,No-Contraction,0.0,606.6202504206325,32,26,0.412828947368421
19,Min Sum,No-Contraction,0.0,891.3967573655136,45,36,0.5360623781676414
19,Min Sum,No-Contraction,0.0,979.0802651023071,50,41,0.42771929824561405
19,Min Sum,No-Contraction,0.0,789.0701282591699,40,37,0.42397660818713445
19,Min Sum,No-Contraction,0.0,894.3113928740173,45,41,0.2939571150097466
19,Min Sum,No-Contraction,0.0,956.4117675420988,48,45,0.3043372319688109
19,Min Sum,No-Contraction,0.0,909.2232955509887,46,37,0.4079583015509789
19,Min Sum,No-Contraction,0.0,586.9678567694694,31,23,0.4750047160913035
19,Min Sum,No-Contraction,0.0,748.0544680863943,38,32,0.3364112034472145
19,Min Sum,No-Contraction,0.0,573.18864230516,30,22,0.5998050682261209
19,Min Sum,No-Contraction,0.0,684.8058447272794,35,31,0.42589807852965744
19,Min Sum,No-Contraction,0.0,892.0667104796207,45,40,0.4205328135152696
19,Min Sum,No-Contraction,0.0,621.3630802306037,32,29,0.34100877192982454
19,Min Sum,No-Contraction,0.0,795.8641786890594,41,35,0.4207673655683925
19,Min Sum,No-Contraction,0.0,990.0636914698276,50,43,0.7526315789473683
19,Min Sum,No-Contraction,0.0,714.7427709535606,37,29,0.474158368895211
19,Min Sum,No-Contraction,0.0,783.4494836184259,40,36,0.6021929824561403
19,Min Sum,No-Contraction,0.0,558.9929320365763,29,25,0.38152853397862474
19,Min Sum,No-Contraction,0.0,522.1572899981364,28,24,0.460735171261487
19,Min Sum,No-Contraction,0.0,705.8261043080291,36,30,0.4535412605588044
19,Min Sum,No-Contraction,0.0,593.3011767013378,31,23,0.4834936804376533
19,Min Sum,No-Contraction,0.0,643.5265843159464,33,27,0.35672514619883045
19,Min Sum,No-Contraction,0.0,929.7021330869022,47,23,0.7668284185641409
19,Min Sum,No-Contraction,0.0,879.7319400854851,45,40,0.47680311890838206
19,Min Sum,No-Contraction,0.0,449.7848052453746,24,20,0.5165692007797271
19,Min Sum,No-Contraction,0.0,531.5732643934188,28,24,0.44381787802840433
19,Min Sum,No-Contraction,0.0,689.2558330500068,36,29,0.5643274853801169
19,Min Sum,No-Contraction,0.0,545.2953634469743,29,23,0.4720709820528332
19,Min Sum,No-Contraction,0.0,840.7305765076017,43,38,0.42526859785121723
19,Min Sum,No-Contraction,0.0,702.9896819766792,36,33,0.26738141650422353
19,Min Sum,No-Contraction,0.0,692.6814849340223,36,31,0.38710201429499674
19,Min Sum,No-Contraction,0.0,670.9775492912242,35,30,0.37142857142857144
19,Min Sum,No-Contraction,0.0,943.6848827175099,48,40,0.3996101364522417
19,Min Sum,No-Contraction,0.0,375.8767017312113,21,16,0.4241158451684767
19,Min Sum,No-Contraction,0.0,954.7773579687051,48,44,0.2587719298245614
19,Min Sum,No-Contraction,0.0,505.07256273075507,27,23,0.3272687892570933
19,Min Sum,No-Contraction,0.0,396.93636424994196,22,17,0.46943115364168
19,Min Sum,No-Contraction,0.0,458.5905356082722,25,19,0.3925146198830409
19,Min Sum,No-Contraction,0.0,530.7223404329608,28,23,0.6330409356725146
19,Min Sum,No-Contraction,0.0,425.94187229056394,23,19,0.45080091533180777
19,Min Sum,No-Contraction,0.0,612.5603925381973,32,28,0.35928362573099415
19,Min Sum,No-Contraction,0.0,849.1039147128973,43,38,0.2941656466748266
19,Min Sum,No-Contraction,0.0,606.6426007850511,32,28,0.4296418128654971
19,Min Sum,No-Contraction,0.0,734.6144578138825,38,33,0.3184056632810095
19,Min Sum,No-Contraction,0.0,786.7480775919219,40,31,0.47675438596491226
19,Min Sum,No-Contraction,0.0,659.263863392201,34,28,0.5402476780185759
19,Min Sum,No-Contraction,0.0,638.2533596729335,33,29,0.38507885876306924
19,Min Sum,No-Contraction,0.0,767.1937088547833,39,35,0.45344129554655865
19,Min Sum,No-Contraction,0.0,701.798870101837,36,30,0.4769330734243014
19,Min Sum,No-Contraction,0.0,506.06608786482855,27,23,0.43404808317089016
19,Min Sum,No-Contraction,0.0,474.80792368908345,25,21,0.42760233918128654
19,Min Sum,No-Contraction,0.0,413.43654246108315,22,18,0.38490164805954274
19,Min Sum,No-Contraction,0.0,679.8884222464648,35,31,0.3020885547201337
19,Min Sum,No-Contraction,0.0,599.0429727185568,31,24,0.4634974533106961
19,Min Sum,No-Contraction,0.0,780.0660391207307,40,36,0.3638888888888889
19,Min Sum,No-Contraction,0.0,597.9788280199011,31,27,0.4087907941897755
19,Min Sum,No-Contraction,0.0,651.0178238493081,34,29,0.5700034399724803
19,Min Sum,No-Contraction,0.0,1179.8396118197047,59,53,0.33997422935870747
19,Min Sum,No-Contraction,0.0,1220.0760153294245,61,52,0.5443389895503786
19,Min Sum,No-Contraction,0.0,688.9576722627669,36,28,0.46361273554256005
19,Min Sum,No-Contraction,0.0,800.2263011274263,41,35,0.4819569248324062
19,Min Sum,No-Contraction,0.0,542.21462012653,29,23,0.4627949183303085
19,Min Sum,No-Contraction,0.0,881.8524105880158,45,37,0.4457439896036387
19,Min Sum,No-Contraction,0.0,737.9029538890721,38,34,0.3605724838411819
19,Min Sum,No-Contraction,0.0,1069.8601189991498,54,47,0.32672731210742906
19,Min Sum,No-Contraction,0.0,378.53815556575057,21,16,0.4238373712057923
19,Min Sum,No-Contraction,0.0,915.7709098842995,46,41,0.48016781083142634
19,Min Sum,No-Contraction,0.0,778.832439712105,40,35,0.38055555555555554
19,Min Sum,No-Contraction,0.0,740.9711502211973,38,34,0.31732840874115115
19,Min Sum,No-Contraction,0.0,1141.714172329803,57,53,0.2330973632912691
19,Min Sum,No-Contraction,0.0,605.5840904180541,32,23,0.6394371345029239
19,Min Sum,No-Contraction,0.0,814.8911859615882,42,36,0.36786410470621
19,Min Sum,No-Contraction,0.0,680.6127283176111,35,31,0.5269841269841269
19,Min Sum,No-Contraction,0.0,690.867455524827,36,32,0.31319038336582194
19,Min Sum,No-Contraction,0.0,886.2562162434194,45,39,0.3964912280701754
19,Min Sum,No-Contraction,0.0,851.389505864054,43,40,0.3609411124711002
19,Min Sum,No-Contraction,0.0,643.4933725238214,33,28,0.3834839624313308
19,Min Sum,No-Contraction,0.0,768.9080756558826,39,32,0.458239616134353
19,Min Sum,No-Contraction,0.0,968.8953571049981,49,45,0.23737916219119226
19,Min Sum,No-Contraction,0.0,1081.6411660582405,54,47,0.4008013861815031
19,Min Sum,No-Contraction,0.0,755.7145937252621,39,32,0.4954266006897585
19,Min Sum,No-Contraction,0.0,646.8153100121758,34,29,0.5159958720330238
19,Min Sum,No-Contraction,0.0,1140.6752196266368,57,46,0.46178311275264183
19,Min Sum,No-Contraction,0.0,754.2971624601898,39,34,0.39676113360323884
19,Min Sum,No-Contraction,0.0,1021.5778357110095,52,45,0.4706477732793522
19,Min Sum,No-Contraction,0.0,893.1604209584237,45,40,0.31215074723846653
19,Min Sum,No-Contraction,0.0,661.9307374521242,34,29,0.3548331613347093
19,Min Sum,No-Contraction,0.0,1106.8158952436286,56,50,0.32393483709273185
19,Min Sum,No-Contraction,0.0,928.0272419203118,47,41,0.3758865248226951
19,Min Sum,No-Contraction,0.0,1049.9556559227913,53,47,0.3239545404391481
19,Min Sum,No-Contraction,0.0,790.7856010705091,40,37,0.37748538011695904
19,Min Sum,No-Contraction,0.0,912.9027312217245,46,38,0.47724383422323924
19,Min Sum,No-Contraction,0.0,366.57299391227417,20,16,0.44122807017543864
19,Min Sum,No-Contraction,0.0,898.8881952602676,46,42,0.34884312229849984
19,Min Sum,No-Contraction,0.0,1102.1502654365022,55,41,0.5262094630515682
19,Min Sum,No-Contraction,0.0,1360.45803970359,68,60,0.3874269005847953
19,Min Sum,No-Contraction,0.0,1045.2292865846189,53,47,0.5755268674831734
19,Min Sum,No-Contraction,0.0,1103.5778630687146,55,51,0.3088782562466773
19,Min Sum,No-Contraction,0.0,693.6280458656407,36,31,0.4649122807017544
19,Min Sum,No-Contraction,0.0,1163.369709380279,58,52,0.5085702762653761
19,Min Sum,No-Contraction,0.0,596.3470827543508,31,27,0.36445953593661573
19,Min Sum,No-Contraction,0.0,1104.8228302007274,56,51,0.3975563909774436
19,Min Sum,No-Contraction,0.0,1102.1093112852973,55,51,0.34439128123338647
19,Min Sum,No-Contraction,0.0,824.9208757178563,42,37,0.36382623224728483
19,Min Sum,No-Contraction,0.0,857.2769453831979,44,37,0.568447634237108
19,Min Sum,No-Contraction,0.0,843.1685084392948,43,39,0.3644770841833265
19,Min Sum,No-Contraction,0.0,1089.725033906128,55,49,0.5165337586390217
19,Min Sum,No-Contraction,0.0,1123.7506957714015,56,51,0.4132205513784461
19,Min Sum,No-Contraction,0.0,1170.6904824257779,59,55,0.4062840717613242
19,Min Sum,No-Contraction,0.0,1061.4611963096281,53,49,0.36853139137151053
19,Min Sum,No-Contraction,0.0,1382.478149999244,69,65,0.41071277226883635
19,Min Sum,No-Contraction,0.0,1258.8761614419088,63,60,0.2854358117516012
19,Min Sum,No-Contraction,0.0,761.0918255964967,39,35,0.5201679412205729
19,Min Sum,No-Contraction,0.0,575.809928343988,30,26,0.5499025341130604
19,Min Sum,No-Contraction,0.0,1085.2110712447852,55,50,0.5466241360978202
19,Min Sum,No-Contraction,0.0,1139.7932426677273,57,52,0.3908895044629117
19,Min Sum,No-Contraction,0.0,497.6873021063971,26,19,0.4820062977957714
19,Min Sum,No-Contraction,0.0,1089.879270100654,55,50,0.4780435938330675
19,Min Sum,No-Contraction,0.0,841.6974227483208,43,39,0.2802937576499388
19,Min Sum,No-Contraction,0.0,942.5551729007153,48,44,0.3836500974658869
19,Min Sum,No-Contraction,0.0,791.2201716084577,40,36,0.42953216374269
19,Min Sum,No-Contraction,0.0,671.7253294043975,35,31,0.4203842940685046
19,Min Sum,No-Contraction,0.0,464.11436588585474,25,17,0.7338011695906432
19,Min Sum,No-Contraction,0.0,749.1442466429987,38,34,0.3658048630347799
19,Min Sum,No-Contraction,0.0,841.6698249721203,43,38,0.46579627362981096
19,Min Sum,No-Contraction,0.0,653.8379455187493,34,26,0.5677674578603371
19,Min Sum,No-Contraction,0.0,702.9138604825187,36,30,0.43112410656270306
19,Min Sum,No-Contraction,0.0,1071.6101827418338,54,48,0.33474117392246044
19,Min Sum,No-Contraction,0.0,1134.94517021442,57,46,0.4865086693341541
19,Min Sum,No-Contraction,0.0,1033.4209925661012,52,46,0.34064327485380114
19,Min Sum,No-Contraction,0.0,945.6929768676993,48,43,0.38681773879142295
19,Min Sum,No-Contraction,0.0,504.5938110331537,27,22,0.4169374052414988
19,Min Sum,No-Contraction,0.0,1241.0358948107812,62,55,0.44104885870590455
19,Min Sum,No-Contraction,0.0,482.9608772643237,26,21,0.48830409356725146
19,Min Sum,No-Contraction,0.0,918.7455278760547,47,42,0.36779892994898594
19,Min Sum,No-Contraction,0.0,936.2516846413513,47,41,0.3690431753141719
19,Min Sum,No-Contraction,0.0,818.2092284997495,42,36,0.3737120579225842
19,Min Sum,No-Contraction,0.0,900.1922445775596,46,37,0.6244596999745741
19,Min Sum,No-Contraction,0.0,697.3939734137629,36,29,0.3965237166991553
19,Min Sum,No-Contraction,0.0,966.0692552881767,49,44,0.4387158372120778
19,Min Sum,No-Contraction,0.0,1149.3225212624025,58,54,0.3284936479128856
19,Min Sum,No-Contraction,0.0,955.0511005196882,48,42,0.42677875243664715
19,Min Sum,No-Contraction,0.0,1134.8666441630523,57,53,0.2742382271468144
19,Min Sum,No-Contraction,0.0,1210.973344973613,61,56,0.33994823123382223
19,Min Sum,No-Contraction,0.0,1123.3471867178057,56,51,0.32320384294068505
19,Min Sum,No-Contraction,0.0,628.7652914513351,33,29,0.3962431330852383
19,Min Sum,No-Contraction,0.0,438.3530613530146,24,18,0.5453216374269005
19,Min Sum,No-Contraction,0.0,921.2845317873649,47,40,0.421177056115466
19,Min Sum,No-Contraction,0.0,966.7745902812793,49,44,0.4052989616899391
19,Min Sum,No-Contraction,0.0,457.23196259565765,24,21,0.3767056530214425
19,Min Sum,No-Contraction,0.0,922.8822466651422,47,42,0.5156152793330845
19,Min Sum,No-Contraction,0.0,859.5946609709996,44,38,0.3035619351408825
19,Min Sum,No-Contraction,0.0,889.8820882747517,45,41,0.4071474983755685
19,Min Sum,No-Contraction,0.0,710.8568635515167,37,30,0.4758969495811601
19,Min Sum,No-Contraction,0.0,682.0726521752783,35,29,0.48203842940685043
19,Min Sum,No-Contraction,0.0,484.9554976066231,26,22,0.46018893387314436
19,Min Sum,No-Contraction,0.0,611.2537860057107,32,28,0.3357090643274854
19,Min Sum,No-Contraction,0.0,744.3853953293648,38,31,0.38381040320098486
19,Min Sum,No-Contraction,0.0,460.56038464935256,25,20,0.6149707602339182
19,Min Sum,No-Contraction,0.0,824.008077735879,42,36,0.43107769423558895
19,Min Sum,No-Contraction,0.0,678.4327272383177,35,29,0.5238095238095237
19,Min Sum,No-Contraction,0.0,920.0689874876077,47,37,0.513251213139231
19,Min Sum,No-Contraction,0.0,565.2033144316512,30,26,0.3368421052631579
19,Min Sum,No-Contraction,0.0,588.6444236459804,31,24,0.4857574042633465
19,Min Sum,No-Contraction,0.0,654.5859194564567,34,30,0.5775713794289645
19,Min Sum,No-Contraction,0.0,493.47548163084883,26,22,0.46806117858749435
19,Min Sum,No-Contraction,0.0,755.7727653887015,39,29,0.5835957414904783
19,Min Sum,No-Contraction,0.0,580.344252534921,30,27,0.48401559454191034
19,Min Sum,No-Contraction,0.0,686.5368871854156,35,31,0.29273182957393484
19,Min Sum,No-Contraction,0.0,512.232994003057,27,23,0.4091401342863331
19,Min Sum,No-Contraction,0.0,449.57038401681024,24,20,0.553849902534113
19,Min Sum,No-Contraction,0.0,617.3789757770307,32,27,0.40460526315789475
19,Min Sum,No-Contraction,0.0,765.0667400033135,39,36,0.3001949317738792
19,Min Sum,No-Contraction,0.0,648.1708976077134,34,28,0.5975232198142414
19,Min Sum,No-Contraction,0.0,888.1818148906227,45,42,0.3961013645224171
19,Min Sum,No-Contraction,0.0,703.7781441449463,36,28,0.3706952566601689
19,Min Sum,No-Contraction,0.0,724.4863046687007,37,32,0.36194088825667775
19,Min Sum,No-Contraction,0.0,573.209576088756,30,26,0.294541910331384
19,Min Sum,No-Contraction,0.0,701.1608159223921,36,31,0.633203378817414
19,Min Sum,No-Contraction,0.0,417.6441179299244,23,19,0.42690058479532167
19,Min Sum,No-Contraction,0.0,404.1094293511978,22,18,0.3588516746411483
19,Min Sum,No-Contraction,0.0,831.6210498838861,42,38,0.4892787524366472
19,Min Sum,No-Contraction,0.0,485.8171857542514,26,21,0.45883940620782726
19,Min Sum,No-Contraction,0.0,655.610967605824,34,30,0.4062607499140007
19,Min Sum,No-Contraction,0.0,739.8817780043762,38,34,0.35041551246537395
19,Min Sum,No-Contraction,0.0,390.82874367792823,21,16,0.5324422166527429
19,Min Sum,No-Contraction,0.0,773.7957936817867,40,35,0.37266081871345025
19,Min Sum,No-Contraction,0.0,506.19920520603625,27,23,0.45960580463504436
19,Min Sum,No-Contraction,0.0,590.9293339461855,31,25,0.4659498207885305
19,Min Sum,No-Contraction,0.0,491.59317902003625,26,20,0.3857399910031489
19,Min Sum,No-Contraction,0.0,403.1043311750736,22,14,0.68367889420521
19,Min Sum,No-Contraction,0.0,920.6855867374459,47,41,0.6262286922981212
19,Min Sum,No-Contraction,0.0,522.8099280074917,28,24,0.3055555555555555
19,Min Sum,No-Contraction,0.0,1176.2781671560972,59,51,0.3816037268312023
19,Min Sum,No-Contraction,0.0,894.6440438208192,45,39,0.36660168940870697
19,Min Sum,No-Contraction,0.0,777.7316052651811,40,36,0.4076023391812866
19,Min Sum,No-Contraction,0.0,881.3182138112586,45,40,0.379077322936972
19,Min Sum,No-Contraction,0.0,1256.4062361180129,63,48,0.5047804696927504
19,Min Sum,No-Contraction,0.0,642.2733130651981,33,27,0.4719121034910509
19,Min Sum,No-Contraction,0.0,1220.7339018632388,61,55,0.39718147828587863
19,Min Sum,No-Contraction,0.0,745.7260664999321,38,33,0.4676823638042475
19,Min Sum,No-Contraction,0.0,789.3370766390191,40,37,0.4476608187134502
19,Min Sum,No-Contraction,0.0,597.3787365717097,31,22,0.5542350499905677
19,Min Sum,No-Contraction,0.0,573.7403413057158,30,25,0.5126705653021443
19,Min Sum,No-Contraction,0.0,740.5789830159139,38,33,0.4247460757156048
19,Min Sum,No-Contraction,0.0,491.7897136638754,26,20,0.5989653621232569
19,Min Sum,No-Contraction,0.0,1055.6879657787013,53,47,0.4876972304976277
19,Min Sum,No-Contraction,0.0,705.8722248171493,36,32,0.4304743339831059
19,Min Sum,No-Contraction,0.0,1020.4681851052062,51,48,0.3272560486182777
19,Min Sum,No-Contraction,0.0,924.6890257477037,47,38,0.47691924847579936
19,Min Sum,No-Contraction,0.0,980.5260437810696,50,33,0.6445614035087719
19,Min Sum,No-Contraction,0.0,1023.887200476232,52,41,0.516531713900135
19,Min Sum,No-Contraction,0.0,909.494223268197,46,42,0.4028731248410882
19,Min Sum,No-Contraction,0.0,949.0538019829777,48,41,0.5730994152046783
19,Min Sum,No-Contraction,0.0,575.8392347891954,30,25,0.4194931773879142
19,Min Sum,No-Contraction,0.0,548.4815465845157,29,21,0.4986892518652954
19,Min Sum,No-Contraction,0.0,837.3920527834774,43,38,0.44308445532435736
19,Min Sum,No-Contraction,0.0,819.9484170199847,42,35,0.4923419660261766
19,Min Sum,No-Contraction,0.0,816.920587613567,42,34,0.5650236702868282
19,Min Sum,No-Contraction,0.0,1045.984832740694,53,41,0.5994703740483284
19,Min Sum,No-Contraction,0.0,835.7949564956795,43,37,0.5170678634570923
19,Min Sum,No-Contraction,0.0,938.9441638902232,48,43,0.4348196881091618
19,Min Sum,No-Contraction,0.0,949.8307110686021,48,41,0.5715155945419104
19,Min Sum,No-Contraction,0.0,552.5651247241004,29,25,0.3674127848356523
19,Min Sum,No-Contraction,0.0,975.6032415715099,49,44,0.4459959422365437
19,Min Sum,No-Contraction,0.0,489.36162031310556,26,22,0.36662168241115606
19,Min Sum,No-Contraction,0.0,977.4212396774017,49,44,0.5429048812507459
19,Min Sum,No-Contraction,0.0,740.4039481520862,38,30,0.3687288396429671
19,Min Sum,No-Contraction,0.0,614.0328069010803,32,28,0.41246345029239767
19,Min Sum,No-Contraction,0.0,952.3761261164854,48,43,0.379995126705653
19,Min Sum,No-Contraction,0.0,650.8461273633109,34,30,0.4962160302717578
19,Min Sum,No-Contraction,0.0,811.7412601324578,41,36,0.32349165596919127
19,Min Sum,No-Contraction,0.0,587.1179806541189,31,26,0.48481418600264103
19,Min Sum,No-Contraction,0.0,551.8871989539351,29,22,0.3964508973583384
19,Min Sum,No-Contraction,0.0,715.1946219786408,37,33,0.4057215109846689
19,Min Sum,No-Contraction,0.0,775.8175776308769,40,36,0.5204678362573099
19,Min Sum,No-Contraction,0.0,513.5211491535806,27,23,0.3928958197964046
19,Min Sum,No-Contraction,0.0,662.9844262427836,34,28,0.7050223598211214
19,Min Sum,No-Contraction,0.0,828.0032648190007,42,37,0.28084099136730717
19,Min Sum,No-Contraction,0.0,1039.8485880618796,52,48,0.39934772829509674
19,Min Sum,No-Contraction,0.0,651.5682368851135,34,29,0.49122807017543857
19,Min Sum,No-Contraction,0.0,481.6649924293512,26,20,0.6594691857849753
19,Min Sum,No-Contraction,0.0,1166.7575666963924,59,52,0.48310040638318963
19,Min Sum,No-Contraction,0.0,545.5418311192071,29,24,0.5378100423472474
19,Min Sum,No-Contraction,0.0,948.093246512051,48,41,0.4750243664717349
19,Min Sum,No-Contraction,0.0,904.8484564698612,46,40,0.33829138062547676
19,Min Sum,No-Contraction,0.0,746.4296111811318,38,24,0.6052631578947368
19,Min Sum,No-Contraction,0.0,1062.5085046086792,54,49,0.3309508338748105
19,Min Sum,No-Contraction,0.0,933.7947428838256,47,43,0.5377628468333956
19,Min Sum,No-Contraction,0.0,826.890512874481,42,38,0.3595098858256753
19,Min Sum,No-Contraction,0.0,643.4114168104506,33,29,0.4437356016303384
19,Min Sum,No-Contraction,0.0,941.3055372902116,48,35,0.7740009746588693
19,Min Sum,No-Contraction,0.0,1125.9322999862127,57,51,0.3967374576792859
19,Min Sum,No-Contraction,0.0,970.475423314619,49,45,0.48764769065520946
19,Min Sum,No-Contraction,0.0,1000.3550358334714,51,43,0.47058823529411764
19,Min Sum,No-Contraction,0.0,834.4520981308826,43,36,0.5219638242894057
19,Min Sum,No-Contraction,0.0,1164.8730427611235,58,52,0.480742085097802
19,Min Sum,No-Contraction,0.0,633.0099383685736,33,29,0.34733297891192627
19,Min Sum,No-Contraction,0.0,1290.050134488889,64,58,0.3771016081871345
19,Min Sum,No-Contraction,0.0,892.4843375181324,45,42,0.34684860298895387
19,Min Sum,No-Contraction,0.0,670.1372894034445,35,30,0.4696741854636591
19,Min Sum,No-Contraction,0.0,740.9456503001239,38,32,0.4213604185903355
19,Min Sum,No-Contraction,0.0,722.6677965176613,37,32,0.39845108266160895
19,Min Sum,No-Contraction,0.0,731.0222868620103,38,33,0.3601108033240997
19,Min Sum,No-Contraction,0.0,538.9303486657748,28,22,0.44089390142021717
19,Min Sum,No-Contraction,0.0,1138.1273092991212,57,51,0.3570329332102185
19,Min Sum,No-Contraction,0.0,635.7815484423528,33,29,0.4976076555023923
19,Min Sum,No-Contraction,0.0,926.258637788186,47,43,0.3845962423789971
19,Min Sum,No-Contraction,0.0,1059.845532437008,53,49,0.40990841884585677
19,Min Sum,No-Contraction,0.0,1037.9154796791063,52,45,0.4285874943769681
19,Min Sum,No-Contraction,0.0,881.4963177642111,45,37,0.3521767381416504
19,Min Sum,No-Contraction,0.0,841.043252631969,43,36,0.41207670338637287
19,Min Sum,No-Contraction,0.0,1110.5155508617645,56,47,0.39672096908939014
19,Min Sum,No-Contraction,0.0,499.92791422950336,27,22,0.4115226337448559
19,Min Sum,No-Contraction,0.0,580.8487335870814,30,26,0.41871345029239765
19,Min Sum,No-Contraction,0.0,717.6057967127574,37,33,0.3123123123123123
19,Min Sum,No-Contraction,0.0,725.7116112971484,37,34,0.34171013118381544
19,Min Sum,No-Contraction,0.0,842.8870663589207,43,39,0.4341085271317829
19,Min Sum,No-Contraction,0.0,1043.035791763476,53,48,0.3158998124241421
19,Min Sum,No-Contraction,0.0,972.8673190941913,49,45,0.34240362811791386
19,Min Sum,No-Contraction,0.0,936.5985609759932,47,44,0.40189125295508277
19,Min Sum,No-Contraction,0.0,928.3600648046634,47,42,0.4817718054000249
19,Min Sum,No-Contraction,0.0,576.0707524212805,30,26,0.41988304093567247
19,Min Sum,No-Contraction,0.0,897.0176683955872,46,39,0.3339689804220697
19,Min Sum,No-Contraction,0.0,515.6315972416148,27,22,0.43621399176954734
19,Min Sum,No-Contraction,0.0,783.4962849478862,40,35,0.27880116959064327
19,Min Sum,No-Contraction,0.0,734.6730415069137,38,34,0.2945521698984303
19,Min Sum,No-Contraction,0.0,594.2204798795523,31,27,0.47236370496132807
19,Min Sum,No-Contraction,0.0,777.1365456527355,40,34,0.4507309941520468
19,Min Sum,No-Contraction,0.0,778.1349029423656,40,29,0.485233918128655
19,Min Sum,No-Contraction,0.0,1002.9832909208432,51,47,0.3437679165233345
19,Min Sum,No-Contraction,0.0,812.3951327922034,42,36,0.47201336675020883
19,Min Sum,No-Contraction,0.0,1031.9391092204785,52,45,0.4523166891587944
19,Min Sum,No-Contraction,0.0,610.8047991286385,32,28,0.34557748538011696
19,Min Sum,No-Contraction,0.0,881.3027966235568,45,40,0.49421702404158546
19,Min Sum,No-Contraction,0.0,904.6191514577246,46,39,0.36320874650394097
19,Min Sum,No-Contraction,0.0,992.2784905063313,50,44,0.3556725146198831
19,Min Sum,No-Contraction,0.0,423.6199067184362,23,18,0.48461734045258076
19,Min Sum,No-Contraction,0.0,464.94485335287163,25,20,0.48163742690058475
19,Min Sum,No-Contraction,0.0,1106.896911378565,56,49,0.5588972431077694
19,Min Sum,No-Contraction,0.0,455.35956695628306,24,18,0.6069688109161794
19,Min Sum,No-Contraction,0.0,966.4606192436241,49,45,0.4192624418188328
19,Min Sum,No-Contraction,0.0,1097.471522729598,55,50,0.43104731525784157
19,Min Sum,No-Contraction,0.0,731.9108373016429,38,34,0.38627269929208985
19,Min Sum,No-Contraction,0.0,1049.80602106713,53,47,0.37404832836809
19,Min Sum,No-Contraction,0.0,840.4789080169905,43,35,0.5105399156806745
19,Min Sum,No-Contraction,0.0,715.845303177403,37,32,0.35972814920183344
19,Min Sum,No-Contraction,0.0,608.335578258335,32,26,0.41666666666666663
19,Min Sum,No-Contraction,0.0,736.599284623171,38,32,0.35534010464758387
19,Min Sum,No-Contraction,0.0,1105.5274376445823,56,49,0.4004803675856307
19,Min Sum,No-Contraction,0.0,434.4915587895911,23,19,0.42995169082125606
19,Min Sum,No-Contraction,0.0,823.7330221880346,42,37,0.31704260651629074
19,Min Sum,No-Contraction,0.0,854.2701372398723,44,38,0.40802764486975013
19,Min Sum,No-Contraction,0.0,725.2519336482776,37,32,0.4724197882092619
19,Min Sum,No-Contraction,0.0,826.0065324056997,42,38,0.40921748816485654
19,Min Sum,No-Contraction,0.0,501.26249092416646,27,22,0.42625081221572453
19,Min Sum,No-Contraction,0.0,696.0236800674332,36,30,0.3864522417153996
19,Min Sum,No-Contraction,0.0,961.3998499965433,49,43,0.3731948919918845
19,Min Sum,No-Contraction,0.0,759.3967377959451,39,35,0.5811965811965811
19,Min Sum,No-Contraction,0.0,939.9818945420382,48,42,0.3125
19,Min Sum,No-Contraction,0.0,1031.2460963127623,52,48,0.33580746738641476
19,Min Sum,No-Contraction,0.0,936.3349392760945,47,43,0.31890008709717554
19,Min Sum,No-Contraction,0.0,515.5691564620139,27,22,0.3632228719948018
19,Min Sum,No-Contraction,0.0,375.0527684651428,21,15,0.5157337788916736
19,Min Sum,No-Contraction,0.0,740.5641883490732,38,34,0.42874730686365037
19,Min Sum,No-Contraction,0.0,773.0631010529914,40,36,0.32923976608187133
19,Min Sum,No-Contraction,0.0,555.2088140524637,29,24,0.43678160919540227
19,Min Sum,No-Contraction,0.0,760.144144793943,39,33,0.35507572349677613
19,Min Sum,No-Contraction,0.0,715.5944812585199,37,33,0.29634898055950687
19,Min Sum,No-Contraction,0.0,820.1107330093929,42,37,0.5767195767195767
19,Min Sum,No-Contraction,0.0,642.00884950293,33,29,0.3055112528796739
19,Min Sum,No-Contraction,0.0,678.2220579118831,35,29,0.4601503759398496
19,Min Sum,No-Contraction,0.0,465.47556624855713,25,21,0.40187134502923977
19,Min Sum,No-Contraction,0.0,460.51518098088314,25,20,0.4224561403508772
19,Min Sum,No-Contraction,0.0,595.99183468541,31,25,0.3727598566308244
19,Min Sum,No-Contraction,0.0,605.0108324733638,32,25,0.4163011695906433
19,Min Sum,No-Contraction,0.0,998.086376262599,50,45,0.39333333333333337
19,Min Sum,No-Contraction,0.0,815.7926410071755,42,37,0.37440824282929547
19,Min Sum,No-Contraction,0.0,692.3478813500798,36,31,0.3016569200779727
19,Min Sum,No-Contraction,0.0,1037.5654949058853,52,46,0.2834008097165992
19,Min Sum,No-Contraction,0.0,519.4555473117094,27,23,0.6489062161576782
19,Min Sum,No-Contraction,0.0,777.8414792499462,40,32,0.39108187134502925
19,Min Sum,No-Contraction,0.0,700.7384072879108,36,26,0.5667641325536062
19,Min Sum,No-Contraction,0.0,659.0962692756984,34,29,0.5263157894736842
19,Min Sum,No-Contraction,0.0,843.872501543157,43,39,0.48211614307085543
19,Min Sum,No-Contraction,0.0,907.8575037405647,46,41,0.4302059496567506
19,Min Sum,No-Contraction,0.0,585.7881802403215,31,26,0.4152046783625731
19,Min Sum,No-Contraction,0.0,844.293198254918,43,38,0.41302869577043383
19,Min Sum,No-Contraction,0.0,952.4823275442327,48,44,0.33150584795321636
19,Min Sum,No-Contraction,0.0,1178.4204831287714,59,54,0.39954405788482505
19,Min Sum,No-Contraction,0.0,620.0822230464669,32,28,0.4919590643274854
19,Min Sum,No-Contraction,0.0,573.5697899941284,30,26,0.4516569200779727
19,Min Sum,No-Contraction,0.0,1096.050888973339,55,44,0.5106858054226475
19,Min Sum,No-Contraction,0.0,715.8077241629585,37,30,0.5620357199304568
19,Min Sum,No-Contraction,0.0,1021.5753795748333,52,42,0.5978407557354926
19,Min Sum,No-Contraction,0.0,968.6533059151843,49,42,0.3902613677049767
19,Min Sum,No-Contraction,0.0,742.729497156199,38,32,0.42751615881809785
19,Min Sum,No-Contraction,0.0,1140.7132534997395,57,49,0.3991997537703909
19,Min Sum,No-Contraction,0.0,875.2096957134986,45,39,0.5855750487329434
19,Min Sum,No-Contraction,0.0,1028.1482053527163,52,47,0.32501124606387766
19,Min Sum,No-Contraction,0.0,685.4580321898376,35,31,0.33500417710944025
19,Min Sum,No-Contraction,0.0,899.3506481008958,46,35,0.5050851767098906
19,Min Sum,No-Contraction,0.0,912.0893977908162,46,38,0.4116450546656496
19,Min Sum,No-Contraction,0.0,728.5943686260712,37,34,0.2712185870080607
19,Min Sum,No-Contraction,0.0,862.2964116636845,44,39,0.27910685805422647
19,Min Sum,No-Contraction,0.0,689.0183821382706,36,31,0.3521767381416504
19,Min Sum,No-Contraction,0.0,501.3103466960516,27,22,0.38444877626164176
19,Min Sum,No-Contraction,0.0,717.2696643849873,37,32,0.45598229808756124
19,Min Sum,No-Contraction,0.0,901.8194703004214,46,39,0.4314772438342232
19,Min Sum,No-Contraction,0.0,793.3462968703412,41,36,0.42633005277421193
19,Min Sum,No-Contraction,0.0,905.434422103661,46,42,0.34591914569031273
19,Min Sum,No-Contraction,0.0,981.53702965564,50,46,0.29473684210526313
19,Min Sum,No-Contraction,0.0,917.322095498977,47,43,0.2737339803409232
19,Min Sum,No-Contraction,0.0,577.2414153816221,30,26,0.4226120857699805
19,Min Sum,No-Contraction,0.0,548.0828854435214,29,24,0.47348255696713043
19,Min Sum,No-Contraction,0.0,668.6420224804076,35,31,0.34987468671679195
19,Min Sum,No-Contraction,0.0,741.9624165765546,38,33,0.3691905201600492
19,Min Sum,No-Contraction,0.0,538.3917483600198,28,24,0.3786549707602339
19,Min Sum,No-Contraction,0.0,730.6556234674779,38,29,0.42320714065866416
19,Min Sum,No-Contraction,0.0,705.714053949948,36,31,0.35168940870695253
19,Min Sum,No-Contraction,0.0,660.5346440257955,34,29,0.35362917096663227
19,Min Sum,No-Contraction,0.0,456.62022955084257,24,18,0.46759259259259256
19,Min Sum,No-Contraction,0.0,638.7900142565671,33,28,0.47457026404394825
19,Min Sum,No-Contraction,0.0,458.60262405664,25,21,0.46385964912280697
19,Min Sum,No-Contraction,0.0,575.1006057599951,30,22,0.43762183235867447
19,Min Sum,No-Contraction,0.0,615.9181805766254,32,27,0.3304093567251462
19,Min Sum,No-Contraction,0.0,557.9753713383276,29,25,0.43859649122807015
19,Min Sum,No-Contraction,0.0,840.4457647825213,43,39,0.2879096967224262
19,Min Sum,No-Contraction,0.0,882.4435001621617,45,40,0.3711500974658869
19,Min Sum,No-Contraction,0.0,843.9796424603196,43,36,0.4249966000271998
19,Min Sum,No-Contraction,0.0,715.9866987180495,37,33,0.3562509878299352
19,Min Sum,No-Contraction,0.0,808.6566380387092,41,36,0.3883896733704179
19,Min Sum,No-Contraction,0.0,1084.2776594489135,55,50,0.25603402445507706
19,Min Sum,No-Contraction,0.0,704.3607962011896,36,29,0.6894087069525666
19,Min Sum,No-Contraction,0.0,1201.6051521105162,60,55,0.22417153996101363
19,Min Sum,No-Contraction,0.0,801.0534683816961,41,37,0.3675652545999144
19,Min Sum,No-Contraction,0.0,878.6350471143573,45,38,0.32436647173489275
19,Min Sum,No-Contraction,0.0,814.1459027502997,42,37,0.31467557783347255
19,Min Sum,No-Contraction,0.0,905.6529902521639,46,42,0.32608695652173914
19,Min Sum,No-Contraction,0.0,538.2763583817868,28,24,0.40225563909774437
19,Min Sum,No-Contraction,0.0,488.2048859085984,26,22,0.3816914080071975
19,Min Sum,No-Contraction,0.0,930.6550357572743,47,42,0.376508647505288
19,Min Sum,No-Contraction,0.0,494.14583511431033,26,22,0.5683760683760684
19,Min Sum,No-Contraction,0.0,987.9076243175311,50,43,0.3412865497076023
19,Min Sum,No-Contraction,0.0,1035.663593382135,52,48,0.38753936122357174
19,Min Sum,No-Contraction,0.0,875.6551101706593,45,38,0.4476933073424302
19,Min Sum,No-Contraction,0.0,986.4591457602728,50,44,0.30795321637426903
19,Min Sum,No-Contraction,0.0,775.4871329891707,40,32,0.4220760233918129
19,Min Sum,No-Contraction,0.0,618.6719650565591,32,28,0.4269005847953216
19,Min Sum,No-Contraction,0.0,546.0626406183427,29,25,0.36680782415809643
19,Min Sum,No-Contraction,0.0,843.1394908863078,43,38,0.38365293077655377
19,Min Sum,No-Contraction,0.0,998.1430403128645,50,47,0.19157894736842107
19,Min Sum,No-Contraction,0.0,541.627992326138,29,24,0.538213349465618
19,Min Sum,No-Contraction,0.0,651.6069456101332,34,30,0.36790505675954593
19,Min Sum,No-Contraction,0.0,446.0251566621352,24,16,0.5153508771929824
19,Min Sum,No-Contraction,0.0,529.5125276508408,28,24,0.32393483709273185
19,Min Sum,No-Contraction,0.0,392.25949428351527,21,15,0.5263157894736842
19,Min Sum,No-Contraction,0.0,699.8233129536226,36,31,0.43128654970760233
19,Min Sum,No-Contraction,0.0,821.5306161317352,42,38,0.4019771651350599
19,Min Sum,No-Contraction,0.0,383.8385329831249,21,16,0.492620439988861
19,Min Sum,No-Contraction,0.0,773.3375547837016,40,36,0.3315789473684211
19,Min Sum,No-Contraction,0.0,889.1863376403932,45,39,0.34931773879142297
19,Min Sum,No-Contraction,0.0,812.7827470366849,42,36,0.4178501810080758
19,Min Sum,No-Contraction,0.0,663.5512738739199,34,26,0.5706914344685243
19,Min Sum,No-Contraction,0.0,883.9888584338646,45,40,0.4205328135152696
19,Min Sum,No-Contraction,0.0,766.5594006969241,39,34,0.3483280851701904
19,Min Sum,No-Contraction,0.0,571.9684925991959,30,21,0.4842105263157895
19,Min Sum,No-Contraction,0.0,643.6631545715597,33,27,0.3501683501683502
19,Min Sum,No-Contraction,0.0,503.9176543019783,27,23,0.47606670998483863
19,Min Sum,No-Contraction,0.0,933.3110498503056,47,44,0.2605449794699515
19,Min Sum,No-Contraction,0.0,732.8763097081695,38,31,0.4158202523853493
19,Min Sum,No-Contraction,0.0,806.4169377071021,41,36,0.35216089002995293
19,Min Sum,No-Contraction,0.0,618.0561402212214,32,28,0.42653508771929827
19,Min Sum,No-Contraction,0.0,764.9474656994405,39,35,0.4496926075873445
19,Min Sum,No-Contraction,0.0,817.2704948470381,42,38,0.3116123642439432
19,Min Sum,No-Contraction,0.0,864.9825272351288,44,40,0.4748803827751196
19,Min Sum,No-Contraction,0.0,900.230268131028,46,41,0.3714721586575133
19,Min Sum,No-Contraction,0.0,1153.6845447108674,58,53,0.33928211332930025
19,Min Sum,No-Contraction,0.0,1056.809411988103,53,48,0.47236014564713674
19,Min Sum,No-Contraction,0.0,1199.0224236816075,60,56,0.24668615984405456
19,Min Sum,No-Contraction,0.0,1057.9353414458715,53,48,0.32770605759682225
19,Min Sum,No-Contraction,0.0,1148.56421111403,58,51,0.3472474289171204
19,Min Sum,No-Contraction,0.0,762.1700619578108,39,33,0.42255210676263305
19,Min Sum,No-Contraction,0.0,871.2506311699997,44,39,0.34383306751727805
19,Min Sum,No-Contraction,0.0,620.349312852994,32,28,0.4307383040935672
19,Min Sum,No-Contraction,0.0,776.2221389114152,40,36,0.4049707602339181
19,Min Sum,No-Contraction,0.0,1004.2635946759862,51,46,0.2934296525627795
19,Min Sum,No-Contraction,0.0,613.0415959795159,32,26,0.4775219298245614
19,Min Sum,No-Contraction,0.0,1016.1997767628992,51,46,0.29858961128310973
19,Min Sum,No-Contraction,0.0,1175.2814296989486,59,54,0.46218653979581725
19,Min Sum,No-Contraction,0.0,795.949545382088,41,35,0.4136357153045214
19,Min Sum,No-Contraction,0.0,1000.1831645877063,51,46,0.40901272789817683
19,Min Sum,No-Contraction,0.0,777.8354950172018,40,36,0.3599415204678363
19,Min Sum,No-Contraction,0.0,548.7542651196959,29,25,0.3710425489009881
19,Min Sum,No-Contraction,0.0,763.201003983535,39,33,0.4203028939871045
19,Min Sum,No-Contraction,0.0,717.1124309555886,37,33,0.30440967283072545
19,Min Sum,No-Contraction,0.0,520.6410670765764,27,22,0.4346978557504873
19,Min Sum,No-Contraction,0.0,544.3206242545589,29,22,0.4105666465013107
19,Min Sum,No-Contraction,0.0,622.2459533021087,32,28,0.31871345029239767
19,Min Sum,No-Contraction,0.0,660.8643778671952,34,28,0.41365669074647404
19,Min Sum,No-Contraction,0.0,698.451369329589,36,31,0.3887264457439896
19,Min Sum,No-Contraction,0.0,798.7908982065175,41,37,0.355584082156611
19,Min Sum,No-Contraction,0.0,687.1117008591546,35,32,0.4599832915622389
19,Min Sum,No-Contraction,0.0,647.2768766659694,34,30,0.3391812865497076
19,Min Sum,No-Contraction,0.0,897.3968515111844,46,41,0.36460717009916094
19,Min Sum,No-Contraction,0.0,627.4442726178266,33,29,0.43133085238348395
19,Min Sum,No-Contraction,0.0,610.95063383469,32,27,0.4108187134502924
19,Min Sum,No-Contraction,0.0,774.0554539276175,40,34,0.3833333333333333
19,Min Sum,No-Contraction,0.0,569.9097974774196,30,23,0.532943469785575
19,Min Sum,No-Contraction,0.0,698.1530991028279,36,31,0.36387264457439894
19,Min Sum,No-Contraction,0.0,852.7046463570128,43,38,0.43682850537195705
19,Min Sum,No-Contraction,0.0,389.58106381772194,21,17,0.46087440824282927
19,Min Sum,No-Contraction,0.0,797.5942093270946,41,37,0.2801312223648552
19,Min Sum,No-Contraction,0.0,622.7337601484314,32,28,0.35434941520467833
19,Min Sum,No-Contraction,0.0,685.006465506003,35,30,0.3690893901420217
19,Min Sum,No-Contraction,0.0,496.8339326491645,26,20,0.45838956365272154
19,Min Sum,No-Contraction,0.0,517.2947067743363,27,23,0.3898635477582846
19,Min Sum,No-Contraction,0.0,621.0231182217955,32,26,0.4552266081871345
19,Min Sum,No-Contraction,0.0,708.6938380505669,37,31,0.5188873083609925
19,Min Sum,No-Contraction,0.0,470.4134331402408,25,20,0.4989473684210526
19,Min Sum,No-Contraction,0.0,835.4114243080278,43,38,0.3885488916088671
19,Min Sum,No-Contraction,0.0,871.2202929053359,44,40,0.29797979797979796
19,Min Sum,No-Contraction,0.0,617.0544734209241,32,25,0.3463084795321637
19,Min Sum,No-Contraction,0.0,504.17897152976184,27,23,0.44552739874377295
19,Min Sum,No-Contraction,0.0,553.3263356210127,29,24,0.5739060294414197
19,Min Sum,No-Contraction,0.0,638.1340325129435,33,29,0.5360623781676414
19,Min Sum,No-Contraction,0.0,558.9153190743459,29,25,0.5291389393022786
19,Min Sum,No-Contraction,0.0,684.8291591218207,35,30,0.38412698412698415
19,Min Sum,No-Contraction,0.0,654.0595799054167,34,29,0.33419332645338834
19,Min Sum,No-Contraction,0.0,555.8542969851694,29,25,0.4279088525912482
19,Min Sum,No-Contraction,0.0,589.0717194317109,31,26,0.42765515940388604
19,Min Sum,No-Contraction,0.0,356.9423694386414,20,11,0.5771929824561404
19,Min Sum,No-Contraction,0.0,621.1121061423281,32,28,0.35891812865497075
19,Min Sum,No-Contraction,0.0,447.30153259364334,24,20,0.445906432748538
19,Min Sum,No-Contraction,0.0,546.424019101683,29,23,0.47973381730187536
19,Min Sum,No-Contraction,0.0,491.1946376363436,26,22,0.4484930274403958
19,Min Sum,No-Contraction,0.0,545.4822907864432,29,25,0.48376688848558175
19,Min Sum,No-Contraction,0.0,551.4895850827352,29,23,0.4974793305101835
19,Min Sum,No-Contraction,0.0,483.29005146994086,26,20,0.5008996851102114
19,Min Sum,No-Contraction,0.0,573.6976154675662,30,24,0.39103313840155945
19,Min Sum,No-Contraction,0.0,720.1153881188354,37,33,0.30962541488857276
19,Min Sum,No-Contraction,0.0,510.69503509295123,27,21,0.4667533030106129
19,Min Sum,No-Contraction,0.0,688.7028310706756,36,31,0.40886939571150094
19,Min Sum,No-Contraction,0.0,749.0761866344278,38,35,0.4455216989843028
19,Min Sum,No-Contraction,0.0,624.5016181732677,32,27,0.5297880116959064
19,Min Sum,No-Contraction,0.0,571.7624580503972,30,25,0.6173489278752436
19,Min Sum,No-Contraction,0.0,846.6886243822285,43,36,0.7399700802393581
19,Min Sum,No-Contraction,0.0,537.579842220038,28,22,0.5902255639097744
19,Min Sum,No-Contraction,0.0,595.1805298219028,31,25,0.46934540652707035
19,Min Sum,No-Contraction,0.0,640.407687963374,33,22,0.5474038631933368
19,Min Sum,No-Contraction,0.0,582.2597802529112,30,25,0.6380116959064328
19,Min Sum,No-Contraction,0.0,863.1889342324849,44,40,0.26780967570441255
19,Min Sum,No-Contraction,0.0,755.4962100169491,39,34,0.30064477432898484
19,Min Sum,No-Contraction,0.0,625.8154041444178,33,27,0.40333156122629804
19,Min Sum,No-Contraction,0.0,485.29990930028094,26,22,0.4111560953666217
19,Min Sum,No-Contraction,0.0,838.4560556387215,43,32,0.6661226710186319
19,Min Sum,No-Contraction,0.0,588.3416610951,31,26,0.4555744199207697
19,Min Sum,No-Contraction,0.0,405.4094622731805,22,17,0.41228070175438597
19,Min Sum,No-Contraction,0.0,900.830392075883,46,39,0.4879227053140096
19,Min Sum,No-Contraction,0.0,438.48004557550394,24,19,0.40229044834308
19,Min Sum,No-Contraction,0.0,839.6941156065133,43,38,0.4485244118047056
19,Min Sum,No-Contraction,0.0,1031.3029447719064,52,47,0.2646198830409357
19,Min Sum,No-Contraction,0.0,870.381426271001,44,34,0.44670388091440727
19,Min Sum,No-Contraction,0.0,782.4004238316566,40,36,0.41432748538011693
19,Min Sum,No-Contraction,0.0,987.694309604339,50,43,0.35730994152046786
19,Min Sum,No-Contraction,0.0,842.5563291721663,43,37,0.4154766761865905
19,Min Sum,No-Contraction,0.0,680.12502610125,35,27,0.4888888888888889
19,Min Sum,No-Contraction,0.0,701.1953401880436,36,32,0.36371020142949967
19,Min Sum,No-Contraction,0.0,733.1643258014697,38,33,0.6648199445983379
19,Min Sum,No-Contraction,0.0,1026.256418573306,52,47,0.2636077372919478
19,Min Sum,No-Contraction,0.0,843.7064045795806,43,35,0.5518835849313205
19,Min Sum,No-Contraction,0.0,977.334082615368,49,44,0.51187492540876
19,Min Sum,No-Contraction,0.0,722.8904311505456,37,33,0.3956061324482377
19,Min Sum,No-Contraction,0.0,917.9831611033595,47,42,0.38708473310936914
19,Min Sum,No-Contraction,0.0,816.4398855873894,42,36,0.5242272347535506
19,Min Sum,No-Contraction,0.0,922.1034395355592,47,43,0.35112604205549336
19,Min Sum,No-Contraction,0.0,386.6459940170271,21,15,0.4778613199665831
19,Min Sum,No-Contraction,0.0,708.5765371448762,37,32,0.4747905800537379
19,Min Sum,No-Contraction,0.0,850.101213660849,43,38,0.407452740378077
19,Min Sum,No-Contraction,0.0,780.6759979642653,40,36,0.5194444444444445
19,Min Sum,No-Contraction,0.0,700.961163543808,36,32,0.566114359974009
19,Min Sum,No-Contraction,0.0,935.7144423137639,47,41,0.5372651486873211
19,Min Sum,No-Contraction,0.0,869.1635011056729,44,39,0.4246411483253588
19,Min Sum,No-Contraction,0.0,581.6575351229851,30,26,0.4475633528265107
19,Min Sum,No-Contraction,0.0,560.2805949738882,29,25,0.4537205081669691
19,Min Sum,No-Contraction,0.0,547.264587511007,29,25,0.37447065940713853
19,Min Sum,No-Contraction,0.0,759.696889709101,39,35,0.3576248313090418
19,Min Sum,No-Contraction,0.0,818.7394494746318,42,36,0.5246449456975772
19,Min Sum,No-Contraction,0.0,869.2355129040885,44,41,0.28017012227538546
19,Min Sum,No-Contraction,0.0,695.3445140353532,36,32,0.3937621832358674
19,Min Sum,No-Contraction,0.0,842.377494998888,43,38,0.44104447164422683
19,Min Sum,No-Contraction,0.0,1046.8478909569121,53,47,0.4543749310382875
19,Min Sum,No-Contraction,0.0,603.7083424205554,31,28,0.35823429541595925
19,Min Sum,No-Contraction,0.0,1091.5801154599724,55,49,0.4237107921318447
19,Min Sum,No-Contraction,0.0,955.343589185432,48,42,0.41045321637426896
19,Min Sum,No-Contraction,0.0,1003.0566460499126,51,45,0.4654282765737874
19,Min Sum,No-Contraction,0.0,935.8416476115318,47,43,0.32711210650740324
19,Min Sum,No-Contraction,0.0,884.9622466712065,45,40,0.3829759584145549
19,Min Sum,No-Contraction,0.0,901.0915014601376,46,40,0.4026188660055937
19,Min Sum,No-Contraction,0.0,523.8698479605905,28,23,0.4206349206349206
19,Min Sum,No-Contraction,0.0,668.9580540852241,35,30,0.3450292397660819
19,Min Sum,No-Contraction,0.0,809.072630605996,41,37,0.32120952788475254
19,Min Sum,No-Contraction,0.0,903.7288597088791,46,41,0.3386727688787185
19,Min Sum,No-Contraction,0.0,862.6087950729362,44,38,0.49082934609250395
19,Min Sum,No-Contraction,0.0,1031.560011522228,52,46,0.35155195681511475
19,Min Sum,No-Contraction,0.0,824.5260232702705,42,36,0.33096630465051513
19,Min Sum,No-Contraction,0.0,996.3593517413582,50,46,0.41485380116959064
19,Min Sum,No-Contraction,0.0,861.7853702330806,44,39,0.43833067517278046
19,Min Sum,No-Contraction,0.0,935.1766777882807,47,41,0.3992783376881921
19,Min Sum,No-Contraction,0.0,1234.6156973577333,62,53,0.5409356725146199
19,Min Sum,No-Contraction,0.0,643.3789975470894,33,29,0.37887648413964203
19,Min Sum,No-Contraction,0.0,597.0804896227837,31,25,0.4003018298434257
19,Min Sum,No-Contraction,0.0,1316.1788437893536,66,62,0.3637249689881269
19,Min Sum,No-Contraction,0.0,670.1573936756233,35,29,0.4070175438596491
19,Min Sum,No-Contraction,0.0,1108.3351835212422,56,50,0.37844611528822053
19,Min Sum,No-Contraction,0.0,1049.3606905441684,53,47,0.35672514619883045
19,Min Sum,No-Contraction,0.0,888.2976204191065,45,40,0.3663417803768681
19,Min Sum,No-Contraction,0.0,1133.993109081917,57,53,0.2508464142813173
19,Min Sum,No-Contraction,0.0,986.1220704953686,50,45,0.5105263157894737
19,Min Sum,No-Contraction,0.0,925.3412198183021,47,43,0.35187258927460496
19,Min Sum,No-Contraction,0.0,818.90283682903,42,37,0.36257309941520466
19,Min Sum,No-Contraction,0.0,942.6900260046833,48,42,0.4077729044834308
19,Min Sum,No-Contraction,0.0,821.3634664405503,42,38,0.29991645781119464
19,Min Sum,No-Contraction,0.0,945.3057111131641,48,42,0.415448343079922
19,Min Sum,No-Contraction,0.0,834.2828556238765,43,38,0.4879640962872297
19,Min Sum,No-Contraction,0.0,647.3241166342546,34,30,0.38888888888888884
19,Min Sum,No-Contraction,0.0,1014.2622637514629,51,47,0.3742690058479532
19,Min Sum,No-Contraction,0.0,868.5513736514016,44,35,0.4011164274322169
19,Min Sum,No-Contraction,0.0,585.003666372214,31,25,0.42991888322957933
19,Min Sum,No-Contraction,0.0,624.6442395070433,32,28,0.29641812865497075
19,Min Sum,No-Contraction,0.0,732.4541012049319,38,34,0.40997229916897504
19,Min Sum,No-Contraction,0.0,859.1728222990865,44,39,0.34662413609782033
19,Min Sum,No-Contraction,0.0,844.5034726144471,43,37,0.507547939616483
19,Min Sum,No-Contraction,0.0,914.7963093990548,46,42,0.37096364098652423
19,Min Sum,No-Contraction,0.0,621.5889920043306,32,28,0.2569444444444444
19,Min Sum,No-Contraction,0.0,1053.4255521457944,53,42,0.6057596822244291
19,Min Sum,No-Contraction,0.0,555.6243744893917,29,24,0.35470861060697717
19,Min Sum,No-Contraction,0.0,611.6345080221994,32,26,0.41264619883040937
19,Min Sum,No-Contraction,0.0,657.6960396382065,34,29,0.370485036119711
19,Min Sum,No-Contraction,0.0,697.2583845996752,36,31,0.357050032488629
19,Min Sum,No-Contraction,0.0,764.6305004123132,39,33,0.4439946018893387
19,Min Sum,No-Contraction,0.0,831.2074883080246,42,39,0.3745474798106377
19,Min Sum,No-Contraction,0.0,792.4184564453437,41,35,0.4880901440593353
19,Min Sum,No-Contraction,0.0,547.673682871666,29,24,0.5140149223633798
19,Min Sum,No-Contraction,0.0,684.032549938213,35,31,0.42857142857142855
19,Min Sum,No-Contraction,0.0,454.36190530588385,24,19,0.46564327485380114
19,Min Sum,No-Contraction,0.0,552.7998950878283,29,24,0.4404113732607381
19,Min Sum,No-Contraction,0.0,620.4858128363211,32,26,0.4024122807017544
19,Min Sum,No-Contraction,0.0,531.593352087791,28,23,0.3732247284878864
19,Min Sum,No-Contraction,0.0,918.8644549802511,47,42,0.3768819211148438
19,Min Sum,No-Contraction,0.0,884.5816032402338,45,40,0.3155295646523717
19,Min Sum,No-Contraction,0.0,335.29966029927465,19,15,0.5066174207448446
19,Min Sum,No-Contraction,0.0,842.6971166529953,43,34,0.5280837753297973
19,Min Sum,No-Contraction,0.0,712.9918991994923,37,32,0.3633633633633634
19,Min Sum,No-Contraction,0.0,907.4268081339358,46,42,0.6160691584032545
19,Min Sum,No-Contraction,0.0,666.6682598345103,35,31,0.5157894736842105
19,Min Sum,No-Contraction,0.0,522.0093655557581,28,22,0.45300751879699247
19,Min Sum,No-Contraction,0.0,434.85025142884064,23,19,0.4563946097126875
19,Min Sum,No-Contraction,0.0,637.6127104822611,33,28,0.4804182172603225
19,Min Sum,No-Contraction,0.0,699.3074823497905,36,32,0.41130604288499023
19,Min Sum,No-Contraction,0.0,687.7596625867047,36,31,0.4480181936322287
19,Min Sum,No-Contraction,0.0,338.38902926225154,19,15,0.6011080332409972
19,Min Sum,No-Contraction,0.0,1020.5077389860403,51,46,0.6049764935213852
19,Min Sum,No-Contraction,0.0,365.4530961363741,20,16,0.5456140350877192
19,Min Sum,No-Contraction,0.0,846.687984148856,43,38,0.38773289813681494
19,Min Sum,No-Contraction,0.0,894.9554847497407,45,35,0.5120207927225471
19,Min Sum,No-Contraction,0.0,612.2845942031562,32,27,0.370796783625731
19,Min Sum,No-Contraction,0.0,875.485057300963,45,40,0.4418453541260559
19,Min Sum,No-Contraction,0.0,645.7392078580308,34,25,0.4840041279669762
19,Min Sum,No-Contraction,0.0,486.73157559132653,26,21,0.4374718848403059
19,Min Sum,No-Contraction,0.0,524.1086379469505,28,22,0.5200501253132832
19,Min Sum,No-Contraction,0.0,677.6524554128948,35,28,0.5044277360066834
19,Min Sum,No-Contraction,0.0,1062.0061455924936,53,50,0.45614035087719296
19,Min Sum,No-Contraction,0.0,440.1712809234474,24,19,0.44639376218323584
19,Min Sum,No-Contraction,0.0,869.0384557859493,44,36,0.49920255183413076
19,Min Sum,No-Contraction,0.0,929.4290901839066,47,43,0.35149931566504916
19,Min Sum,No-Contraction,0.0,642.8892327450726,33,29,0.4869750132908027
19,Min Sum,No-Contraction,0.0,868.9487182704388,44,41,0.4370015948963317
19,Min Sum,No-Contraction,0.0,731.572601467619,38,34,0.4485995690981841
19,Min Sum,No-Contraction,0.0,581.8889402821284,30,26,0.30818713450292395
19,Min Sum,No-Contraction,0.0,452.33970765317173,24,19,0.5175438596491228
19,Min Sum,No-Contraction,0.0,789.4023353206501,40,31,0.5457602339181287
19,Min Sum,No-Contraction,0.0,909.9108386412867,46,41,0.3915586066615815
19,Min Sum,No-Contraction,0.0,662.864587528276,34,31,0.3166494668042656
19,Min Sum,No-Contraction,0.0,699.7594419497605,36,33,0.45857699805068225
19,Min Sum,No-Contraction,0.0,701.9576574945174,36,31,0.3851526965562053
19,Min Sum,No-Contraction,0.0,500.87413360915235,27,22,0.36907082521117607
19,Min Sum,No-Contraction,0.0,503.5407217065846,27,20,0.49555988737275286
19,Min Sum,No-Contraction,0.0,597.4013513796381,31,27,0.44350122618373894
19,Min Sum,No-Contraction,0.0,743.6874091997865,38,32,0.4295167743921206
19,Min Sum,No-Contraction,0.0,745.2308660835845,38,34,0.383964296706679
19,Min Sum,No-Contraction,0.0,903.9018738801695,46,36,0.5218662598525299
19,Min Sum,No-Contraction,0.0,985.8100170331793,50,42,0.3647953216374269
19,Min Sum,No-Contraction,0.0,646.562514827581,34,29,0.3875128998968008
19,Min Sum,No-Contraction,0.0,929.67966649905,47,41,0.3590892123926838
19,Min Sum,No-Contraction,0.0,724.0318692245984,37,33,0.4913861229650703
19,Min Sum,No-Contraction,0.0,561.668753428013,29,25,0.38999798346440817
19,Min Sum,No-Contraction,0.0,478.3112477700672,25,19,0.5826900584795321
19,Min Sum,No-Contraction,0.0,656.8669649645245,34,30,0.38544891640866874
19,Min Sum,No-Contraction,0.0,404.8112118706556,22,18,0.3827751196172249
19,Min Sum,No-Contraction,0.0,598.840901631835,31,27,0.35842293906810035
19,Min Sum,No-Contraction,0.0,662.3759561757963,34,30,0.47076023391812866
19,Min Sum,No-Contraction,0.0,642.3841681362916,33,30,0.4258373205741627
19,Min Sum,No-Contraction,0.0,771.2658121161016,40,32,0.47631578947368414
19,Min Sum,No-Contraction,0.0,636.9494857578987,33,27,0.37267410951621477
19,Min Sum,No-Contraction,0.0,812.948001176548,42,37,0.33208020050125314
19,Min Sum,No-Contraction,0.0,633.5015813557651,33,29,0.4192805245436824
19,Min Sum,No-Contraction,0.0,497.0836444716588,26,21,0.43589743589743585
19,Min Sum,No-Contraction,0.0,737.7580394951668,38,34,0.30732533087103725
19,Min Sum,No-Contraction,0.0,897.3490848931453,46,41,0.37897279430460207
19,Min Sum,No-Contraction,0.0,896.461190704956,46,42,0.4591914569031274
19,Min Sum,No-Contraction,0.0,745.0628271283017,38,34,0.2899353647276085
19,Min Sum,No-Contraction,0.0,668.0112981995319,35,31,0.30559732664995826
19,Min Sum,No-Contraction,0.0,485.57162072356334,26,19,0.5033738191632928
19,Min Sum,No-Contraction,0.0,589.4443906149185,31,26,0.4606677985285795
19,Min Sum,No-Contraction,0.0,559.6993933176756,29,24,0.4476709013914095
19,Min Sum,No-Contraction,0.0,517.322357476535,27,22,0.5518735109378384
19,Min Sum,No-Contraction,0.0,583.493922642596,31,27,0.38238068289002075
19,Min Sum,No-Contraction,0.0,682.848571596121,35,31,0.2984126984126984
19,Min Sum,No-Contraction,0.0,782.3395829388534,40,36,0.34298245614035083
19,Min Sum,No-Contraction,0.0,875.2084546486934,45,38,0.44717348927875245
19,Min Sum,No-Contraction,0.0,488.25976736230734,26,21,0.4374718848403059
19,Min Sum,No-Contraction,0.0,637.0686221315938,33,29,0.3870281765018607
19,Min Sum,No-Contraction,0.0,436.0534295357138,23,19,0.4055428426137809
19,Min Sum,No-Contraction,0.0,454.72452570009017,24,21,0.34502923976608185
19,Min Sum,No-Contraction,0.0,463.92549155342044,25,21,0.5330994152046784
19,Min Sum,No-Contraction,0.0,563.9916480733822,30,26,0.4668615984405458
