6,Min Sum,Optimal,0.1,1115.438408388756,58,0,1.0
6,Min Sum,Optimal,0.49999999999999994,1052.320361009157,54,0,1.0
6,Min Sum,Optimal,0.15000000000000002,1395.5330182581954,70,0,1.0
6,Min Sum,Optimal,0.6,1329.6260285039248,66,0,1.0
6,Min Sum,Optimal,0.5499999999999999,1230.7578449089392,64,0,1.0
6,Min Sum,Optimal,0.49999999999999994,601.9466110748842,32,0,1.0
6,Min Sum,Optimal,0.35,757.6457826466979,39,0,1.0
6,Min Sum,Optimal,0.25,667.001408707079,36,0,1.0
6,Min Sum,Optimal,0.44999999999999996,432.7103421611082,25,0,1.0
6,Min Sum,Optimal,0.49999999999999994,805.6108679473427,44,0,1.0
6,Min Sum,Optimal,0.5499999999999999,1234.3644951175227,64,0,1.0
6,Min Sum,Optimal,0.25,1197.085564702317,61,0,1.0
6,Min Sum,Optimal,0.49999999999999994,836.8818967240559,44,0,1.0
6,Min Sum,Optimal,0.6,878.8454417488308,45,0,1.0
6,Min Sum,Optimal,0.05,729.5662943975915,38,0,1.0
6,Min Sum,Optimal,0.6,1211.3447446221837,61,0,1.0
6,Min Sum,Optimal,0.49999999999999994,1357.106272523205,70,0,1.0
6,Min Sum,Optimal,0.39999999999999997,1375.2227892224575,70,0,1.0
6,Min Sum,Optimal,0.44999999999999996,562.4498348280285,30,0,1.0
6,Min Sum,Optimal,0.5499999999999999,804.1222060660734,42,0,1.0
6,Min Sum,Optimal,0.39999999999999997,1404.9254170723887,70,0,1.0
6,Min Sum,Optimal,0.65,1564.7589003197565,80,0,1.0
6,Min Sum,Optimal,0.35,993.2629620317265,52,0,1.0
6,Min Sum,Optimal,0.7000000000000001,896.7907662688744,48,0,1.0
6,Min Sum,Optimal,0.6,1295.7821368901334,67,0,1.0
6,Min Sum,Optimal,0.6,1322.2152670733024,68,0,1.0
6,Min Sum,Optimal,0.44999999999999996,1416.11166194071,73,0,1.0
6,Min Sum,Optimal,0.7000000000000001,1007.1410905784322,54,0,1.0
6,Min Sum,Optimal,0.5499999999999999,464.6913336489559,26,0,1.0
6,Min Sum,Optimal,0.0,911.3035921046634,46,0,1.0
6,Min Sum,Optimal,0.15000000000000002,651.9879790938501,35,0,1.0
6,Min Sum,Optimal,0.7000000000000001,690.1771269063206,38,0,1.0
6,Min Sum,Optimal,0.25,1063.5660301713374,55,0,1.0
6,Min Sum,Optimal,0.49999999999999994,705.6896163665352,40,0,1.0
6,Min Sum,Optimal,0.3,1068.4329094721008,54,0,1.0
6,Min Sum,Optimal,0.2,1440.4218075870824,72,0,1.0
6,Min Sum,Optimal,0.35,685.6902278731989,36,0,1.0
6,Min Sum,Optimal,0.65,948.8695196719918,55,0,1.0
6,Min Sum,Optimal,0.1,707.5130120564845,37,0,1.0
6,Min Sum,Optimal,0.5499999999999999,559.4602447133462,33,0,1.0
6,Min Sum,Optimal,0.39999999999999997,839.4235152212555,43,0,1.0
6,Min Sum,Optimal,0.2,460.75579147529123,26,0,1.0
6,Min Sum,Optimal,0.65,845.9919192088557,46,0,1.0
6,Min Sum,Optimal,0.65,994.2911781143422,53,0,1.0
6,Min Sum,Optimal,0.39999999999999997,1211.290450876843,61,0,1.0
6,Min Sum,Optimal,0.6,974.8155088962037,49,0,1.0
6,Min Sum,Optimal,0.3,803.6847064692016,41,0,1.0
6,Min Sum,Optimal,0.6,1509.99700270859,75,0,1.0
6,Min Sum,Optimal,0.35,1602.0614392433286,81,0,1.0
6,Min Sum,Optimal,0.49999999999999994,1052.9479960061685,56,0,1.0
6,Min Sum,Optimal,0.39999999999999997,922.0495388834369,48,0,1.0
6,Min Sum,Optimal,0.0,657.7760278431375,34,0,1.0
6,Min Sum,Optimal,0.0,950.9159944893969,48,0,1.0
6,Min Sum,Optimal,0.3,666.7336756068077,39,0,1.0
6,Min Sum,Optimal,0.8000000000000002,1165.987320869539,66,0,1.0
6,Min Sum,Optimal,0.7000000000000001,1013.526813449099,58,0,1.0
6,Min Sum,Optimal,0.35,1435.6026483930243,74,0,1.0
6,Min Sum,Optimal,0.5499999999999999,1217.6854925402783,61,0,1.0
6,Min Sum,Optimal,0.49999999999999994,1064.3311252973356,54,0,1.0
6,Min Sum,Optimal,0.25,1577.568559870693,79,0,1.0
6,Min Sum,Optimal,0.35,697.5803358727763,38,0,1.0
6,Min Sum,Optimal,0.25,1043.17131895895,53,0,1.0
6,Min Sum,Optimal,0.1,820.086785006137,42,0,1.0
6,Min Sum,Optimal,0.2,647.0868535740437,34,0,1.0
6,Min Sum,Optimal,0.3,396.7632733031594,22,0,1.0
6,Min Sum,Optimal,0.44999999999999996,430.0366218399282,26,0,1.0
6,Min Sum,Optimal,0.1,344.7508492844302,20,0,1.0
6,Min Sum,Optimal,0.49999999999999994,954.4279109168398,53,0,1.0
6,Min Sum,Optimal,0.15000000000000002,1181.393964242562,60,0,1.0
6,Min Sum,Optimal,0.65,602.9900430288695,34,0,1.0
6,Min Sum,Optimal,0.7000000000000001,665.8159932685132,41,0,1.0
6,Min Sum,Optimal,0.6,791.767281563323,45,0,1.0
6,Min Sum,Optimal,0.35,762.5464842649114,40,0,1.0
6,Min Sum,Optimal,0.49999999999999994,466.78922183773807,30,0,1.0
6,Min Sum,Optimal,0.25,853.1932428294595,46,0,1.0
6,Min Sum,Optimal,0.3,579.7733743845477,33,0,1.0
6,Min Sum,Optimal,0.44999999999999996,710.6926076060835,39,0,1.0
6,Min Sum,Optimal,0.65,1261.1340821640013,68,0,1.0
6,Min Sum,Optimal,0.39999999999999997,724.2281707085415,40,0,1.0
6,Min Sum,Optimal,0.3,818.5025032940981,44,0,1.0
6,Min Sum,Optimal,0.44999999999999996,1140.7750486589593,59,0,1.0
6,Min Sum,Optimal,0.3,1166.3544843782029,60,0,1.0
6,Min Sum,Optimal,0.2,817.2139892008527,44,0,1.0
6,Min Sum,Optimal,0.49999999999999994,1243.557990076484,62,0,1.0
6,Min Sum,Optimal,0.3,864.639601176319,46,0,1.0
6,Min Sum,Optimal,0.35,1319.1973593268608,70,0,1.0
6,Min Sum,Optimal,0.6,1629.3154749318503,82,0,1.0
6,Min Sum,Optimal,0.6,933.7574447890895,49,0,1.0
6,Min Sum,Optimal,0.7000000000000001,1443.7181822272737,78,0,1.0
6,Min Sum,Optimal,0.6,1103.2349923292488,56,0,1.0
6,Min Sum,Optimal,0.44999999999999996,1117.336164457789,60,0,1.0
6,Min Sum,Optimal,0.35,751.1809904931351,41,0,1.0
6,Min Sum,Optimal,0.2,1453.4552331383916,75,0,1.0
6,Min Sum,Optimal,0.5499999999999999,450.6247078084758,26,0,1.0
6,Min Sum,Optimal,0.35,1031.2894866605193,54,0,1.0
6,Min Sum,Optimal,0.39999999999999997,1522.2770109240632,77,0,1.0
6,Min Sum,Optimal,0.39999999999999997,469.42881005899176,29,0,1.0
6,Min Sum,Optimal,0.39999999999999997,1029.0727428650475,54,0,1.0
6,Min Sum,Optimal,0.3,531.6360837411086,29,0,1.0
6,Min Sum,Optimal,0.6,1013.2875388275893,52,0,1.0
6,Min Sum,Optimal,0.0,1253.2459097130447,63,0,1.0
6,Min Sum,Optimal,0.5499999999999999,606.6547954604105,37,0,1.0
6,Min Sum,Optimal,0.2,528.2633948446273,29,0,1.0
6,Min Sum,Optimal,0.39999999999999997,490.2748720414533,27,0,1.0
6,Min Sum,Optimal,0.05,1268.8820692064016,64,0,1.0
6,Min Sum,Optimal,0.65,925.1937241828778,55,0,1.0
6,Min Sum,Optimal,0.39999999999999997,406.34439515559984,24,0,1.0
6,Min Sum,Optimal,0.2,1657.7395114588135,83,0,1.0
6,Min Sum,Optimal,0.6,733.7765307680633,38,0,1.0
6,Min Sum,Optimal,0.39999999999999997,1303.3530345897493,66,0,1.0
6,Min Sum,Optimal,0.7500000000000001,616.4411523116257,37,0,1.0
6,Min Sum,Optimal,0.49999999999999994,562.038434146497,32,0,1.0
6,Min Sum,Optimal,0.44999999999999996,1017.0628792807443,53,0,1.0
6,Min Sum,Optimal,0.2,1004.1424690420868,52,0,1.0
6,Min Sum,Optimal,0.39999999999999997,999.741905592746,51,0,1.0
6,Min Sum,Optimal,0.44999999999999996,676.2971340626696,37,0,1.0
6,Min Sum,Optimal,0.7000000000000001,864.087745374504,47,0,1.0
6,Min Sum,Optimal,0.44999999999999996,1025.8647538313678,53,0,1.0
6,Min Sum,Optimal,0.35,1220.8682103479778,65,0,1.0
6,Min Sum,Optimal,0.25,337.205170088265,21,0,1.0
6,Min Sum,Optimal,0.35,943.1089960942986,49,0,1.0
6,Min Sum,Optimal,0.49999999999999994,1160.4443643479856,59,0,1.0
6,Min Sum,Optimal,0.5499999999999999,1402.8128521936828,71,0,1.0
6,Min Sum,Optimal,0.25,1264.2476592099765,64,0,1.0
6,Min Sum,Optimal,0.44999999999999996,936.657032653223,52,0,1.0
6,Min Sum,Optimal,0.8000000000000002,1047.6862413084673,61,0,1.0
6,Min Sum,Optimal,0.1,375.0676856819293,21,0,1.0
6,Min Sum,Optimal,0.65,896.3573603932999,49,0,1.0
6,Min Sum,Optimal,0.3,1067.6070035715682,54,0,1.0
6,Min Sum,Optimal,0.44999999999999996,1524.5411215581405,77,0,1.0
6,Min Sum,Optimal,0.05,840.345166951962,43,0,1.0
6,Min Sum,Optimal,0.3,1436.481149000834,72,0,1.0
6,Min Sum,Optimal,0.1,760.146490860437,40,0,1.0
6,Min Sum,Optimal,0.3,759.0448290848808,41,0,1.0
6,Min Sum,Optimal,0.44999999999999996,1546.81435688204,79,0,1.0
6,Min Sum,Optimal,0.7000000000000001,921.6181986640045,52,0,1.0
6,Min Sum,Optimal,0.49999999999999994,1049.5022581527214,54,0,1.0
6,Min Sum,Optimal,0.49999999999999994,1247.0511952234492,65,0,1.0
6,Min Sum,Optimal,0.35,786.8614838014589,41,0,1.0
6,Min Sum,Optimal,0.39999999999999997,526.038337524058,30,0,1.0
6,Min Sum,Optimal,0.44999999999999996,1593.3149502157646,81,0,1.0
6,Min Sum,Optimal,0.25,1001.0109256749314,51,0,1.0
6,Min Sum,Optimal,0.44999999999999996,499.94221319693713,30,0,1.0
6,Min Sum,Optimal,0.49999999999999994,989.3822105030906,52,0,1.0
6,Min Sum,Optimal,0.5499999999999999,969.4449485273012,54,0,1.0
6,Min Sum,Optimal,0.15000000000000002,799.7691101659414,42,0,1.0
6,Min Sum,Optimal,0.44999999999999996,648.7584020956386,39,0,1.0
6,Min Sum,Optimal,0.44999999999999996,1459.1655534438419,73,0,1.0
6,Min Sum,Optimal,0.49999999999999994,731.8274410068392,38,0,1.0
6,Min Sum,Optimal,0.65,1367.7659730790965,71,0,1.0
6,Min Sum,Optimal,0.65,1233.5529127034233,63,0,1.0
6,Min Sum,Optimal,0.35,1848.1212167854867,92,0,1.0
6,Min Sum,Optimal,0.49999999999999994,1503.8079766545654,75,0,1.0
6,Min Sum,Optimal,0.2,1104.3115014683813,56,0,1.0
6,Min Sum,Optimal,0.0,1848.2694765043116,91,0,1.0
6,Min Sum,Optimal,0.25,510.38056532933183,28,0,1.0
6,Min Sum,Optimal,0.49999999999999994,1599.897317070405,80,0,1.0
6,Min Sum,Optimal,0.15000000000000002,1107.856801270806,56,0,1.0
6,Min Sum,Optimal,0.35,1082.7543257197103,55,0,1.0
6,Min Sum,Optimal,0.49999999999999994,806.1917221190463,46,0,1.0
6,Min Sum,Optimal,0.3,708.6615919705179,37,0,1.0
6,Min Sum,Optimal,0.7000000000000001,558.3576766207252,37,0,1.0
6,Min Sum,Optimal,0.7500000000000001,1260.7303044840567,68,0,1.0
6,Min Sum,Optimal,0.2,1445.5456772473788,72,0,1.0
6,Min Sum,Optimal,0.3,555.9281866137463,30,0,1.0
6,Min Sum,Optimal,0.44999999999999996,805.1196864546747,43,0,1.0
6,Min Sum,Optimal,0.35,814.2795881713737,43,0,1.0
6,Min Sum,Optimal,0.44999999999999996,1234.1295120132304,62,0,1.0
6,Min Sum,Optimal,0.44999999999999996,922.1364803248638,51,0,1.0
6,Min Sum,Optimal,0.0,973.0340117424714,49,0,1.0
6,Min Sum,Optimal,0.35,951.9447897448306,49,0,1.0
6,Min Sum,Optimal,0.8500000000000002,1207.3657175887677,72,0,1.0
6,Min Sum,Optimal,0.35,1443.5249120996698,76,0,1.0
6,Min Sum,Optimal,0.05,673.6826401727537,36,0,1.0
6,Min Sum,Optimal,0.39999999999999997,1261.859842676475,65,0,1.0
6,Min Sum,Optimal,0.35,1484.95588862341,75,0,1.0
6,Min Sum,Optimal,0.7500000000000001,1667.5814976558086,89,0,1.0
6,Min Sum,Optimal,0.3,1297.26838446234,66,0,1.0
6,Min Sum,Optimal,0.25,1494.3369696452069,78,0,1.0
6,Min Sum,Optimal,0.5499999999999999,483.92380950710424,32,0,1.0
6,Min Sum,Optimal,0.15000000000000002,1427.5588313279193,71,0,1.0
6,Min Sum,Optimal,0.44999999999999996,1966.4610504989685,103,0,1.0
6,Min Sum,Optimal,0.6,1282.7282841579047,70,0,1.0
6,Min Sum,Optimal,0.49999999999999994,1634.0334523479364,85,0,1.0
6,Min Sum,Optimal,0.8000000000000002,1523.5496485991764,85,0,1.0
6,Min Sum,Optimal,0.49999999999999994,1482.9326515679404,74,0,1.0
6,Min Sum,Optimal,0.49999999999999994,1149.2359463955654,58,0,1.0
6,Min Sum,Optimal,0.49999999999999994,1993.7536639428247,102,0,1.0
6,Min Sum,Optimal,0.3,662.352293012553,35,0,1.0
6,Min Sum,Optimal,0.0,1106.1195100913885,56,0,1.0
6,Min Sum,Optimal,0.0,1556.6653583824977,77,0,1.0
6,Min Sum,Optimal,0.3,475.0028252630893,26,0,1.0
6,Min Sum,Optimal,0.05,400.5870055200842,22,0,1.0
6,Min Sum,Optimal,0.44999999999999996,831.5681940909487,43,0,1.0
6,Min Sum,Optimal,0.44999999999999996,1397.2497102826392,72,0,1.0
6,Min Sum,Optimal,0.7500000000000001,1469.2078956947757,77,0,1.0
6,Min Sum,Optimal,0.39999999999999997,1283.8501330207357,67,0,1.0
6,Min Sum,Optimal,0.25,1104.4223724278854,57,0,1.0
6,Min Sum,Optimal,0.1,1046.7177142504556,54,0,1.0
6,Min Sum,Optimal,0.7000000000000001,1491.938034989527,78,0,1.0
6,Min Sum,Optimal,0.1,1033.3552187199139,53,0,1.0
6,Min Sum,Optimal,0.49999999999999994,1408.7656562591408,72,0,1.0
6,Min Sum,Optimal,0.25,644.7596757888874,33,0,1.0
6,Min Sum,Optimal,0.35,1271.794514760561,65,0,1.0
6,Min Sum,Optimal,0.7000000000000001,1176.1159535312693,63,0,1.0
6,Min Sum,Optimal,0.44999999999999996,968.6867689018311,52,0,1.0
6,Min Sum,Optimal,0.35,856.0624939261469,45,0,1.0
6,Min Sum,Optimal,0.49999999999999994,1146.9245092980827,59,0,1.0
6,Min Sum,Optimal,0.0,1155.8118639986199,58,0,1.0
6,Min Sum,Optimal,0.15000000000000002,1483.258622521053,75,0,1.0
6,Min Sum,Optimal,0.1,960.7523304963462,50,0,1.0
6,Min Sum,Optimal,0.2,931.0423043378955,50,0,1.0
6,Min Sum,Optimal,0.6,1306.3200094121457,72,0,1.0
6,Min Sum,Optimal,0.5499999999999999,749.8936430232035,41,0,1.0
6,Min Sum,Optimal,0.65,787.4604171545628,43,0,1.0
6,Min Sum,Optimal,0.2,524.931217597117,31,0,1.0
6,Min Sum,Optimal,0.39999999999999997,777.5988688835924,42,0,1.0
6,Min Sum,Optimal,0.49999999999999994,844.6516774289997,45,0,1.0
6,Min Sum,Optimal,0.0,1022.7923667478686,52,0,1.0
6,Min Sum,Optimal,0.6,1332.7352446749032,71,0,1.0
6,Min Sum,Optimal,0.25,857.6705272737031,45,0,1.0
6,Min Sum,Optimal,0.1,818.4755122784907,43,0,1.0
6,Min Sum,Optimal,0.49999999999999994,642.2152383178409,35,0,1.0
6,Min Sum,Optimal,0.8000000000000002,870.6179975737238,53,0,1.0
6,Min Sum,Optimal,0.7000000000000001,671.8305910897029,39,0,1.0
6,Min Sum,Optimal,0.25,1491.0299739687298,75,0,1.0
6,Min Sum,Optimal,0.2,1506.4107308175871,78,0,1.0
6,Min Sum,Optimal,0.44999999999999996,1164.9727582618873,62,0,1.0
6,Min Sum,Optimal,0.3,854.6085266084829,45,0,1.0
6,Min Sum,Optimal,0.6,1475.5859727827174,79,0,1.0
6,Min Sum,Optimal,0.0,513.1381203187295,27,0,1.0
6,Min Sum,Optimal,0.65,1381.344700148176,77,0,1.0
6,Min Sum,Optimal,0.7500000000000001,1299.9816623868403,69,0,1.0
6,Min Sum,Optimal,0.35,1162.8879685181782,60,0,1.0
6,Min Sum,Optimal,0.3,846.0761572596466,44,0,1.0
6,Min Sum,Optimal,0.49999999999999994,1537.0579047109986,78,0,1.0
6,Min Sum,Optimal,0.15000000000000002,1602.9476910460492,81,0,1.0
6,Min Sum,Optimal,0.15000000000000002,1031.4362501131554,53,0,1.0
6,Min Sum,Optimal,0.39999999999999997,1679.083700786973,86,0,1.0
6,Min Sum,Optimal,0.49999999999999994,1080.8720885900318,56,0,1.0
6,Min Sum,Optimal,0.5499999999999999,910.7209859847795,51,0,1.0
6,Min Sum,Optimal,0.65,784.4566631234775,46,0,1.0
6,Min Sum,Optimal,0.0,1443.0275543091257,72,0,1.0
6,Min Sum,Optimal,0.39999999999999997,1049.9195996602755,57,0,1.0
6,Min Sum,Optimal,0.15000000000000002,629.8999926185257,35,0,1.0
6,Min Sum,Optimal,0.0,1735.2478304174645,86,0,1.0
6,Min Sum,Optimal,0.49999999999999994,386.7442487898197,22,0,1.0
6,Min Sum,Optimal,0.39999999999999997,1420.6915393260422,71,0,1.0
6,Min Sum,Optimal,0.15000000000000002,633.4765141376967,34,0,1.0
6,Min Sum,Optimal,0.3,667.6693617840762,36,0,1.0
6,Min Sum,Optimal,0.39999999999999997,736.3617592063204,40,0,1.0
6,Min Sum,Optimal,0.39999999999999997,814.8559347990483,43,0,1.0
6,Min Sum,Optimal,0.25,598.6511815559807,32,0,1.0
6,Min Sum,Optimal,0.49999999999999994,847.2949280259179,48,0,1.0
6,Min Sum,Optimal,0.35,1041.2472977009684,54,0,1.0
6,Min Sum,Optimal,0.15000000000000002,653.2652757336915,36,0,1.0
6,Min Sum,Optimal,0.44999999999999996,930.015853474681,51,0,1.0
6,Min Sum,Optimal,0.39999999999999997,390.10934031908727,25,0,1.0
6,Min Sum,Optimal,0.49999999999999994,1123.1662325261748,58,0,1.0
6,Min Sum,Optimal,0.5499999999999999,909.3523539245248,49,0,1.0
6,Min Sum,Optimal,0.6,1346.3544935869888,69,0,1.0
6,Min Sum,Optimal,0.25,988.4970991101249,51,0,1.0
6,Min Sum,Optimal,0.7500000000000001,1134.3370706050318,60,0,1.0
6,Min Sum,Optimal,0.5499999999999999,1208.8686573693608,62,0,1.0
6,Min Sum,Optimal,0.3,381.79094045646787,22,0,1.0
6,Min Sum,Optimal,0.7500000000000001,1107.856949092261,59,0,1.0
6,Min Sum,Optimal,0.3,1242.5932355972368,63,0,1.0
6,Min Sum,Optimal,0.7000000000000001,1629.6830687245345,83,0,1.0
6,Min Sum,Optimal,0.35,1115.6241133344508,57,0,1.0
6,Min Sum,Optimal,0.44999999999999996,1540.5084280286137,78,0,1.0
6,Min Sum,Optimal,0.35,574.3433067175579,31,0,1.0
6,Min Sum,Optimal,0.35,1074.8270205372824,56,0,1.0
6,Min Sum,Optimal,0.15000000000000002,1593.4998323687905,80,0,1.0
6,Min Sum,Optimal,0.7500000000000001,1075.555506051476,56,0,1.0
6,Min Sum,Optimal,0.5499999999999999,1292.2304748088916,68,0,1.0
6,Min Sum,Optimal,0.49999999999999994,1333.8493628594376,68,0,1.0
6,Min Sum,Optimal,0.2,914.9367285442394,47,0,1.0
6,Min Sum,Optimal,0.7000000000000001,850.9410010064599,45,0,1.0
6,Min Sum,Optimal,0.35,1672.996672305091,86,0,1.0
6,Min Sum,Optimal,0.44999999999999996,818.744516606155,43,0,1.0
6,Min Sum,Optimal,0.39999999999999997,757.9589749012687,43,0,1.0
6,Min Sum,Optimal,0.0,1094.1629673978498,55,0,1.0
6,Min Sum,Optimal,0.65,707.1612664241926,40,0,1.0
6,Min Sum,Optimal,0.0,485.04797036347765,26,0,1.0
6,Min Sum,Optimal,0.65,750.9100160166149,40,0,1.0
6,Min Sum,Optimal,0.3,479.11273741111734,26,0,1.0
6,Min Sum,Optimal,0.0,927.7758990873633,47,0,1.0
6,Min Sum,Optimal,0.0,412.0816236095069,22,0,1.0
6,Min Sum,Optimal,0.3,445.2890081169961,26,0,1.0
6,Min Sum,Optimal,0.0,1298.5771941106889,65,0,1.0
6,Min Sum,Optimal,0.35,963.7778025835229,49,0,1.0
6,Min Sum,Optimal,0.3,1041.3062453673233,54,0,1.0
6,Min Sum,Optimal,0.25,488.25739272395015,28,0,1.0
6,Min Sum,Optimal,0.2,556.1393209530813,31,0,1.0
6,Min Sum,Optimal,0.7000000000000001,1125.2131206207032,64,0,1.0
6,Min Sum,Optimal,0.6,1290.629865337611,65,0,1.0
6,Min Sum,Optimal,0.3,1197.7183023062162,62,0,1.0
6,Min Sum,Optimal,0.0,331.1816307720291,18,0,1.0
6,Min Sum,Optimal,0.2,439.94032243370344,26,0,1.0
6,Min Sum,Optimal,0.5499999999999999,1262.9770382966503,67,0,1.0
6,Min Sum,Optimal,0.6,1479.6640759159066,75,0,1.0
6,Min Sum,Optimal,0.0,647.143029301046,34,0,1.0
6,Min Sum,Optimal,0.5499999999999999,869.9782107302847,47,0,1.0
6,Min Sum,Optimal,0.35,1121.6802575166605,57,0,1.0
6,Min Sum,Optimal,0.6,1312.4262918448192,73,0,1.0
6,Min Sum,Optimal,0.49999999999999994,1420.6469839679128,71,0,1.0
6,Min Sum,Optimal,0.1,734.2051283422294,38,0,1.0
6,Min Sum,Optimal,0.44999999999999996,635.8956191379873,36,0,1.0
6,Min Sum,Optimal,0.49999999999999994,788.0815233695844,43,0,1.0
6,Min Sum,Optimal,0.25,644.2198532407465,33,0,1.0
6,Min Sum,Optimal,0.39999999999999997,801.3723410793342,44,0,1.0
6,Min Sum,Optimal,0.35,1375.2159453423117,71,0,1.0
6,Min Sum,Optimal,0.39999999999999997,684.3454921940339,39,0,1.0
6,Min Sum,Optimal,0.0,1239.2582880779823,62,0,1.0
6,Min Sum,Optimal,0.25,1178.607815184013,62,0,1.0
6,Min Sum,Optimal,0.15000000000000002,400.03350903773594,24,0,1.0
6,Min Sum,Optimal,0.49999999999999994,1207.5619621053893,65,0,1.0
6,Min Sum,Optimal,0.65,935.5333976696089,48,0,1.0
6,Min Sum,Optimal,0.44999999999999996,587.2764973815206,35,0,1.0
6,Min Sum,Optimal,0.3,1021.1985118608694,54,0,1.0
6,Min Sum,Optimal,0.0,209.28990719572525,13,0,1.0
6,Min Sum,Optimal,0.05,426.22110670415555,23,0,1.0
6,Min Sum,Optimal,0.0,1179.889238613327,59,0,1.0
6,Min Sum,Optimal,0.39999999999999997,1104.844763200833,56,0,1.0
6,Min Sum,Optimal,0.35,552.543996877448,30,0,1.0
6,Min Sum,Optimal,0.44999999999999996,711.1501647454857,40,0,1.0
6,Min Sum,Optimal,0.7000000000000001,1255.0638801202897,70,0,1.0
6,Min Sum,Optimal,0.0,1143.6736286835546,57,0,1.0
6,Min Sum,Optimal,0.44999999999999996,851.8153078715809,44,0,1.0
6,Min Sum,Optimal,0.25,1151.793681832437,60,0,1.0
6,Min Sum,Optimal,0.65,775.9676975512087,43,0,1.0
6,Min Sum,Optimal,0.25,232.13885031959984,15,0,1.0
6,Min Sum,Optimal,0.0,1433.2609941757917,71,0,1.0
6,Min Sum,Optimal,0.35,768.8619913062319,41,0,1.0
6,Min Sum,Optimal,0.39999999999999997,1147.864507913934,58,0,1.0
6,Min Sum,Optimal,0.44999999999999996,655.2438913145785,34,0,1.0
6,Min Sum,Optimal,0.6,686.9242037627391,37,0,1.0
6,Min Sum,Optimal,0.25,1009.6488213106129,52,0,1.0
6,Min Sum,Optimal,0.39999999999999997,1146.0614395078483,58,0,1.0
6,Min Sum,Optimal,0.3,1057.389184266334,55,0,1.0
6,Min Sum,Optimal,0.49999999999999994,548.9485404905585,29,0,1.0
6,Min Sum,Optimal,0.7500000000000001,707.3723898034116,43,0,1.0
6,Min Sum,Optimal,0.5499999999999999,1187.043990651879,63,0,1.0
6,Min Sum,Optimal,0.7000000000000001,1528.4573553538555,76,0,1.0
6,Min Sum,Optimal,0.0,446.1381827749146,24,0,1.0
6,Min Sum,Optimal,0.49999999999999994,912.2903581970207,51,0,1.0
6,Min Sum,Optimal,0.35,1178.140868631548,59,0,1.0
6,Min Sum,Optimal,0.5499999999999999,1370.078309228527,69,0,1.0
6,Min Sum,Optimal,0.49999999999999994,1448.5941066523708,72,0,1.0
6,Min Sum,Optimal,0.39999999999999997,909.6218026175742,47,0,1.0
6,Min Sum,Optimal,0.7000000000000001,887.2168257576676,48,0,1.0
6,Min Sum,Optimal,0.25,506.864502387425,29,0,1.0
6,Min Sum,Optimal,0.7500000000000001,831.5959242589254,49,0,1.0
6,Min Sum,Optimal,0.44999999999999996,960.0122632201305,49,0,1.0
6,Min Sum,Optimal,0.39999999999999997,1404.3970378436366,70,0,1.0
6,Min Sum,Optimal,0.49999999999999994,857.740113760224,49,0,1.0
6,Min Sum,Optimal,0.2,1262.1290069954703,64,0,1.0
6,Min Sum,Optimal,0.49999999999999994,1134.3186299074616,58,0,1.0
6,Min Sum,Optimal,0.7000000000000001,697.692608393026,42,0,1.0
6,Min Sum,Optimal,0.65,1425.135288447701,78,0,1.0
6,Min Sum,Optimal,0.1,722.0336900315008,38,0,1.0
6,Min Sum,Optimal,0.44999999999999996,805.5020659712497,41,0,1.0
6,Min Sum,Optimal,0.49999999999999994,1126.6794319829075,61,0,1.0
6,Min Sum,Optimal,0.6,707.6402543395642,37,0,1.0
6,Min Sum,Optimal,0.35,596.5178334331983,31,0,1.0
6,Min Sum,Optimal,0.49999999999999994,1383.059254613549,72,0,1.0
6,Min Sum,Optimal,0.5499999999999999,1224.3834766974912,62,0,1.0
6,Min Sum,Optimal,0.39999999999999997,414.5679469418826,25,0,1.0
6,Min Sum,Optimal,0.39999999999999997,792.8689605239327,44,0,1.0
6,Min Sum,Optimal,0.6,1133.525385642348,62,0,1.0
6,Min Sum,Optimal,0.3,1100.1541082260444,56,0,1.0
6,Min Sum,Optimal,0.6,887.7085485218288,46,0,1.0
6,Min Sum,Optimal,0.7000000000000001,768.2905588672609,46,0,1.0
6,Min Sum,Optimal,0.44999999999999996,1242.4999907311058,65,0,1.0
6,Min Sum,Optimal,0.35,632.6156532675577,33,0,1.0
6,Min Sum,Optimal,0.35,1633.1448105037216,81,0,1.0
6,Min Sum,Optimal,0.39999999999999997,788.5580591076032,43,0,1.0
6,Min Sum,Optimal,0.7000000000000001,1282.2416184526257,69,0,1.0
6,Min Sum,Optimal,0.39999999999999997,1327.5572086242867,67,0,1.0
6,Min Sum,Optimal,0.6,1425.059118609412,77,0,1.0
6,Min Sum,Optimal,0.3,1518.6240631816777,76,0,1.0
6,Min Sum,Optimal,0.1,1552.142640961717,78,0,1.0
6,Min Sum,Optimal,0.49999999999999994,1039.7551313020292,57,0,1.0
6,Min Sum,Optimal,0.39999999999999997,1120.1002401225242,57,0,1.0
6,Min Sum,Optimal,0.3,1632.604724140001,83,0,1.0
6,Min Sum,Optimal,0.8000000000000002,1875.6790184304193,96,0,1.0
6,Min Sum,Optimal,0.1,1346.2019622093378,69,0,1.0
6,Min Sum,Optimal,0.3,889.2465539806212,48,0,1.0
6,Min Sum,Optimal,0.49999999999999994,1418.7932064010947,71,0,1.0
6,Min Sum,Optimal,0.35,1329.3818469148368,71,0,1.0
6,Min Sum,Optimal,0.49999999999999994,1571.5135887911658,81,0,1.0
6,Min Sum,Optimal,0.35,983.4056468274227,50,0,1.0
6,Min Sum,Optimal,0.7000000000000001,673.184492501127,40,0,1.0
6,Min Sum,Optimal,0.49999999999999994,1469.027934279806,76,0,1.0
6,Min Sum,Optimal,0.3,849.8894154157124,44,0,1.0
6,Min Sum,Optimal,0.05,528.9488151858777,28,0,1.0
6,Min Sum,Optimal,0.35,938.752267834339,53,0,1.0
6,Min Sum,Optimal,0.1,741.4450914717816,38,0,1.0
6,Min Sum,Optimal,0.44999999999999996,915.2569508648331,53,0,1.0
6,Min Sum,Optimal,0.39999999999999997,1946.0350664036011,96,0,1.0
6,Min Sum,Optimal,0.5499999999999999,1243.1828562066326,63,0,1.0
6,Min Sum,Optimal,0.1,404.52730522154195,22,0,1.0
6,Min Sum,Optimal,0.49999999999999994,1009.6574369123432,52,0,1.0
6,Min Sum,Optimal,0.7000000000000001,1059.3106695796246,55,0,1.0
6,Min Sum,Optimal,0.7000000000000001,740.5690890736066,48,0,1.0
6,Min Sum,Optimal,0.44999999999999996,948.1987302994637,50,0,1.0
6,Min Sum,Optimal,0.7000000000000001,1269.5798684281624,66,0,1.0
6,Min Sum,Optimal,0.39999999999999997,488.88819397602924,26,0,1.0
6,Min Sum,Optimal,0.7500000000000001,1567.3109007983376,81,0,1.0
6,Min Sum,Optimal,0.44999999999999996,1327.1340249926925,69,0,1.0
6,Min Sum,Optimal,0.25,1066.505870773007,54,0,1.0
6,Min Sum,Optimal,0.65,1854.832699917305,92,0,1.0
6,Min Sum,Optimal,0.0,1805.319378684074,89,0,1.0
6,Min Sum,Optimal,0.44999999999999996,1377.8472674593597,69,0,1.0
6,Min Sum,Optimal,0.5499999999999999,876.1224820019181,45,0,1.0
6,Min Sum,Optimal,0.0,1002.0663464359303,51,0,1.0
6,Min Sum,Optimal,0.0,1051.2789084199387,53,0,1.0
6,Min Sum,Optimal,0.6,837.0210511270946,47,0,1.0
6,Min Sum,Optimal,0.44999999999999996,747.348858459507,42,0,1.0
6,Min Sum,Optimal,0.0,700.0287314573566,36,0,1.0
6,Min Sum,Optimal,0.65,1081.9716621183484,59,0,1.0
6,Min Sum,Optimal,0.3,1142.727455659268,58,0,1.0
6,Min Sum,Optimal,0.25,1233.2709544681056,63,0,1.0
6,Min Sum,Optimal,0.35,534.8462814247296,31,0,1.0
6,Min Sum,Optimal,0.35,740.2126591200368,39,0,1.0
6,Min Sum,Optimal,0.44999999999999996,1322.1778901669716,69,0,1.0
6,Min Sum,Optimal,0.65,1450.4225595593505,77,0,1.0
6,Min Sum,Optimal,0.1,990.0876405377496,51,0,1.0
6,Min Sum,Optimal,0.6,730.0709719153136,42,0,1.0
6,Min Sum,Optimal,0.3,999.8703196644504,51,0,1.0
6,Min Sum,Optimal,0.8500000000000002,1287.4887634236231,71,0,1.0
6,Min Sum,Optimal,0.65,1384.780048950362,71,0,1.0
6,Min Sum,Optimal,0.3,668.1423294862485,35,0,1.0
6,Min Sum,Optimal,0.2,236.95917793952884,16,0,1.0
6,Min Sum,Optimal,0.44999999999999996,1018.6314141093692,55,0,1.0
6,Min Sum,Optimal,0.0,329.2698703065869,18,0,1.0
6,Min Sum,Optimal,0.35,469.2555936028144,28,0,1.0
6,Min Sum,Optimal,0.0,933.822241388473,47,0,1.0
6,Min Sum,Optimal,0.25,454.50332688889665,26,0,1.0
6,Min Sum,Optimal,0.5499999999999999,1116.97232316107,60,0,1.0
6,Min Sum,Optimal,0.1,1370.083530959916,69,0,1.0
6,Min Sum,Optimal,0.44999999999999996,821.7725117789566,43,0,1.0
6,Min Sum,Optimal,0.3,838.3423420340238,45,0,1.0
6,Min Sum,Optimal,0.3,582.9990380706565,31,0,1.0
6,Min Sum,Optimal,0.7000000000000001,651.0983913251779,39,0,1.0
6,Min Sum,Optimal,0.44999999999999996,758.2235547766409,43,0,1.0
6,Min Sum,Optimal,0.49999999999999994,532.6349203076511,32,0,1.0
6,Min Sum,Optimal,0.39999999999999997,656.9841674157968,37,0,1.0
6,Min Sum,Optimal,0.25,840.4382836584144,47,0,1.0
6,Min Sum,Optimal,0.7000000000000001,1205.9105555705808,64,0,1.0
6,Min Sum,Optimal,0.6,987.4346125691266,51,0,1.0
6,Min Sum,Optimal,0.0,573.6941806623436,30,0,1.0
6,Min Sum,Optimal,0.3,1221.5262515842023,63,0,1.0
6,Min Sum,Optimal,0.05,1468.31673875139,74,0,1.0
6,Min Sum,Optimal,0.3,877.7036191087149,45,0,1.0
6,Min Sum,Optimal,0.0,1452.794286129063,72,0,1.0
6,Min Sum,Optimal,0.5499999999999999,870.6634091891235,45,0,1.0
6,Min Sum,Optimal,0.44999999999999996,1244.8858917104208,65,0,1.0
6,Min Sum,Optimal,0.35,548.5215353259315,29,0,1.0
6,Min Sum,Optimal,0.44999999999999996,546.9453321910157,33,0,1.0
6,Min Sum,Optimal,0.49999999999999994,1113.973028003864,57,0,1.0
6,Min Sum,Optimal,0.49999999999999994,1146.6096003502444,59,0,1.0
6,Min Sum,Optimal,0.39999999999999997,1078.2537952398222,56,0,1.0
6,Min Sum,Optimal,0.2,450.3523451081655,26,0,1.0
6,Min Sum,Optimal,0.7000000000000001,727.453369688468,40,0,1.0
6,Min Sum,Optimal,0.6,1175.331295768251,62,0,1.0
6,Min Sum,Optimal,0.6,1441.0866983933242,72,0,1.0
6,Min Sum,Optimal,0.0,381.44162240714957,21,0,1.0
6,Min Sum,Optimal,0.2,815.0624444439006,43,0,1.0
6,Min Sum,Optimal,0.49999999999999994,1230.8185405687748,62,0,1.0
6,Min Sum,Optimal,0.39999999999999997,1327.0020520516616,68,0,1.0
6,Min Sum,Optimal,0.15000000000000002,1284.2678257195014,65,0,1.0
6,Min Sum,Optimal,0.44999999999999996,1015.6752660846563,52,0,1.0
6,Min Sum,Optimal,0.5499999999999999,849.9137323861028,48,0,1.0
6,Min Sum,Optimal,0.3,476.09515533790403,27,0,1.0
6,Min Sum,Optimal,0.3,736.518643530774,39,0,1.0
6,Min Sum,Optimal,0.5499999999999999,1068.9708278108772,57,0,1.0
6,Min Sum,Optimal,0.25,1399.4232545974075,72,0,1.0
6,Min Sum,Optimal,0.5499999999999999,933.0622706080794,51,0,1.0
6,Min Sum,Optimal,0.0,1294.8898836780832,65,0,1.0
6,Min Sum,Optimal,0.39999999999999997,1036.9825486491977,53,0,1.0
6,Min Sum,Optimal,0.7000000000000001,800.35495465654,44,0,1.0
6,Min Sum,Optimal,0.39999999999999997,1371.7450298795688,73,0,1.0
6,Min Sum,Optimal,0.6,988.6312484745629,50,0,1.0
6,Min Sum,Optimal,0.35,781.569224557157,42,0,1.0
6,Min Sum,Optimal,0.5499999999999999,1208.1679894740928,67,0,1.0
6,Min Sum,Optimal,0.2,554.8916220368997,30,0,1.0
6,Min Sum,Optimal,0.5499999999999999,630.4872108058781,34,0,1.0
6,Min Sum,Optimal,0.44999999999999996,1439.1455583372704,74,0,1.0
6,Min Sum,Optimal,0.2,1035.0008635822908,53,0,1.0
6,Min Sum,Optimal,0.49999999999999994,393.9629405531973,23,0,1.0
6,Min Sum,Optimal,0.35,744.6842689195219,40,0,1.0
6,Min Sum,Optimal,0.6,1106.7701755325852,59,0,1.0
6,Min Sum,Optimal,0.2,1012.905954081037,52,0,1.0
6,Min Sum,Optimal,0.2,598.7944094098025,32,0,1.0
6,Min Sum,Optimal,0.35,1823.356470276092,92,0,1.0
6,Min Sum,Optimal,0.0,589.4370215145376,31,0,1.0
6,Min Sum,Optimal,0.8500000000000002,1628.4213011724073,85,0,1.0
6,Min Sum,Optimal,0.49999999999999994,1576.8853022473486,80,0,1.0
6,Min Sum,Optimal,0.7000000000000001,1630.3531989834153,87,0,1.0
6,Min Sum,Optimal,0.49999999999999994,1624.6378616292002,82,0,1.0
6,Min Sum,Optimal,0.3,1702.79156101102,87,0,1.0
6,Min Sum,Optimal,0.44999999999999996,1399.3112279006143,71,0,1.0
6,Min Sum,Optimal,0.3,1484.5152341204578,77,0,1.0
6,Min Sum,Optimal,0.39999999999999997,1762.6608028530231,88,0,1.0
6,Min Sum,Optimal,0.49999999999999994,1741.8730156558722,91,0,1.0
6,Min Sum,Optimal,0.35,1697.0300207048426,87,0,1.0
6,Min Sum,Optimal,0.35,1003.489307433836,55,0,1.0
6,Min Sum,Optimal,0.5499999999999999,1331.7517167825808,71,0,1.0
6,Min Sum,Optimal,0.44999999999999996,1328.8146565310303,70,0,1.0
6,Min Sum,Optimal,0.5499999999999999,1610.4772447230966,86,0,1.0
6,Min Sum,Optimal,0.6,1048.3431962094974,60,0,1.0
6,Min Sum,Optimal,0.6,1110.1494405425265,58,0,1.0
6,Min Sum,Optimal,0.1,1566.457620427929,79,0,1.0
6,Min Sum,Optimal,0.5499999999999999,1053.441137397465,56,0,1.0
6,Min Sum,Optimal,0.3,741.446098048458,42,0,1.0
6,Min Sum,Optimal,0.7000000000000001,777.9817141119127,47,0,1.0
6,Min Sum,Optimal,0.3,967.2685122233192,50,0,1.0
6,Min Sum,Optimal,0.8000000000000002,883.6027093236023,51,0,1.0
6,Min Sum,Optimal,0.2,1994.3099128901363,99,0,1.0
6,Min Sum,Optimal,0.35,1536.9485317786423,80,0,1.0
6,Min Sum,Optimal,0.6,558.744511136942,34,0,1.0
6,Min Sum,Optimal,0.7000000000000001,1176.3833884442158,62,0,1.0
6,Min Sum,Optimal,0.49999999999999994,1358.4597000761469,70,0,1.0
6,Min Sum,Optimal,0.7000000000000001,865.6477568180976,50,0,1.0
6,Min Sum,Optimal,0.7000000000000001,1442.9173256604936,78,0,1.0
6,Min Sum,Optimal,0.5499999999999999,1428.429549805283,79,0,1.0
6,Min Sum,Optimal,0.35,451.66701357598936,28,0,1.0
6,Min Sum,Optimal,0.65,1602.3371121998339,83,0,1.0
6,Min Sum,Optimal,0.49999999999999994,1624.3878984146015,84,0,1.0
6,Min Sum,Optimal,0.25,1475.1145801126104,76,0,1.0
6,Min Sum,Optimal,0.35,1735.5040642935944,88,0,1.0
6,Min Sum,Optimal,0.1,2054.868322993023,102,0,1.0
6,Min Sum,Optimal,0.49999999999999994,1503.0202024087039,76,0,1.0
6,Min Sum,Optimal,0.0,1183.9275709410238,59,0,1.0
6,Min Sum,Optimal,0.15000000000000002,736.2461677253917,39,0,1.0
6,Min Sum,Optimal,0.1,671.3476264261446,35,0,1.0
6,Min Sum,Optimal,0.15000000000000002,741.0449866372952,40,0,1.0
6,Min Sum,Optimal,0.3,803.5590653258535,42,0,1.0
6,Min Sum,Optimal,0.3,626.0211699461029,33,0,1.0
6,Min Sum,Optimal,0.7000000000000001,1005.21674383704,52,0,1.0
6,Min Sum,Optimal,0.49999999999999994,1165.428094980763,62,0,1.0
6,Min Sum,Optimal,0.49999999999999994,764.283026969303,42,0,1.0
6,Min Sum,Optimal,0.49999999999999994,992.6089429148855,54,0,1.0
6,Min Sum,Optimal,0.39999999999999997,435.6784530687006,25,0,1.0
6,Min Sum,Optimal,0.35,1038.4297126234526,54,0,1.0
6,Min Sum,Optimal,0.49999999999999994,936.791729470091,50,0,1.0
6,Min Sum,Optimal,0.39999999999999997,1261.4040283472525,64,0,1.0
6,Min Sum,Optimal,0.25,1065.9622546003886,54,0,1.0
6,Min Sum,Optimal,0.44999999999999996,995.5136298350745,51,0,1.0
6,Min Sum,Optimal,0.7000000000000001,1323.4859804488212,70,0,1.0
6,Min Sum,Optimal,0.35,494.976707557072,29,0,1.0
6,Min Sum,Optimal,0.44999999999999996,1012.700333429373,54,0,1.0
6,Min Sum,Optimal,0.35,1296.1780110718664,66,0,1.0
6,Min Sum,Optimal,0.44999999999999996,1518.349507989578,76,0,1.0
6,Min Sum,Optimal,0.0,945.7605495665283,48,0,1.0
6,Min Sum,Optimal,0.1,1399.5477141767547,72,0,1.0
6,Min Sum,Optimal,0.15000000000000002,392.23230790535285,24,0,1.0
6,Min Sum,Optimal,0.49999999999999994,1213.423531427827,64,0,1.0
6,Min Sum,Optimal,0.49999999999999994,1791.6748445608764,92,0,1.0
6,Min Sum,Optimal,0.39999999999999997,1017.224229527784,52,0,1.0
6,Min Sum,Optimal,0.49999999999999994,1346.8390903216086,69,0,1.0
6,Min Sum,Optimal,0.5499999999999999,1355.73526181007,70,0,1.0
6,Min Sum,Optimal,0.2,1029.1314448063283,52,0,1.0
6,Min Sum,Optimal,0.35,741.2781273019893,41,0,1.0
6,Min Sum,Optimal,0.25,1706.919203067883,87,0,1.0
6,Min Sum,Optimal,0.15000000000000002,750.7192798915784,40,0,1.0
6,Min Sum,Optimal,0.25,808.7876078065527,42,0,1.0
6,Min Sum,Optimal,0.35,1330.154531639744,69,0,1.0
6,Min Sum,Optimal,0.49999999999999994,638.4293323703979,37,0,1.0
6,Min Sum,Optimal,0.15000000000000002,489.6148611651934,27,0,1.0
6,Min Sum,Optimal,0.39999999999999997,627.0940839947635,33,0,1.0
6,Min Sum,Optimal,0.65,1202.3174364638696,63,0,1.0
6,Min Sum,Optimal,0.7000000000000001,1160.834531065959,63,0,1.0
6,Min Sum,Optimal,0.5499999999999999,1046.610604116796,56,0,1.0
6,Min Sum,Optimal,0.44999999999999996,1084.7422204941618,58,0,1.0
6,Min Sum,Optimal,0.3,1176.5761811949956,60,0,1.0
6,Min Sum,Optimal,0.05,920.3251781521842,47,0,1.0
6,Min Sum,Optimal,0.3,1264.5463516681132,65,0,1.0
6,Min Sum,Optimal,0.25,1175.1541705874686,61,0,1.0
6,Min Sum,Optimal,0.6,1266.1567299921828,67,0,1.0
6,Min Sum,Optimal,0.39999999999999997,1223.5926645448244,63,0,1.0
6,Min Sum,Optimal,0.0,397.1470485010153,22,0,1.0
6,Min Sum,Optimal,0.7500000000000001,911.2211976860658,52,0,1.0
6,Min Sum,Optimal,0.5499999999999999,862.9954473639576,49,0,1.0
6,Min Sum,Optimal,0.5499999999999999,1074.7577455060957,62,0,1.0
6,Min Sum,Optimal,0.35,533.9641212669939,31,0,1.0
6,Min Sum,Optimal,0.1,696.9588165209224,38,0,1.0
6,Min Sum,Optimal,0.15000000000000002,1110.1915996304344,57,0,1.0
6,Min Sum,Optimal,0.49999999999999994,676.8880558895464,37,0,1.0
6,Min Sum,Optimal,0.35,502.18205727723347,29,0,1.0
6,Min Sum,Optimal,0.39999999999999997,597.2257492790768,32,0,1.0
6,Min Sum,Optimal,0.39999999999999997,542.4433538971347,31,0,1.0
6,Min Sum,Optimal,0.3,527.0646845545908,28,0,1.0
6,Min Sum,Optimal,0.0,1432.292869023357,71,0,1.0
6,Min Sum,Optimal,0.25,1251.7403141359664,65,0,1.0
6,Min Sum,Optimal,0.39999999999999997,737.7649300404382,41,0,1.0
6,Min Sum,Optimal,0.65,811.044974800958,45,0,1.0
6,Min Sum,Optimal,0.5499999999999999,1143.8601075784231,63,0,1.0
6,Min Sum,Optimal,0.35,283.0935726575116,19,0,1.0
6,Min Sum,Optimal,0.65,1125.3173617352684,61,0,1.0
6,Min Sum,Optimal,0.44999999999999996,1042.1850402642433,57,0,1.0
6,Min Sum,Optimal,0.15000000000000002,688.133695957355,37,0,1.0
6,Min Sum,Optimal,0.44999999999999996,1006.1505288460315,55,0,1.0
6,Min Sum,Optimal,0.65,1317.0757250055267,69,0,1.0
6,Min Sum,Optimal,0.1,1264.1183543272025,64,0,1.0
6,Min Sum,Optimal,0.35,1230.7238512346744,63,0,1.0
6,Min Sum,Optimal,0.1,1604.9961536120688,80,0,1.0
6,Min Sum,Optimal,0.3,906.7599686091143,48,0,1.0
6,Min Sum,Optimal,0.25,406.4249820971935,23,0,1.0
6,Min Sum,Optimal,0.7000000000000001,980.4584251054921,61,0,1.0
6,Min Sum,Optimal,0.7000000000000001,1088.3395054845982,60,0,1.0
6,Min Sum,Optimal,0.65,1120.9801098511196,58,0,1.0
6,Min Sum,Optimal,0.49999999999999994,548.8561016356159,38,0,1.0
6,Min Sum,Optimal,0.7500000000000001,891.4020419195627,52,0,1.0
6,Min Sum,Optimal,0.8000000000000002,1060.130403198289,66,0,1.0
6,Min Sum,Optimal,0.44999999999999996,1168.6630212673429,62,0,1.0
6,Min Sum,Optimal,0.65,655.6353664246313,39,0,1.0
6,Min Sum,Optimal,0.2,845.4265145990086,44,0,1.0
6,Min Sum,Optimal,0.49999999999999994,1006.7387758073683,52,0,1.0
6,Min Sum,Optimal,0.2,1211.851242690274,61,0,1.0
6,Min Sum,Optimal,0.7000000000000001,1354.7647863523475,73,0,1.0
6,Min Sum,Optimal,0.3,784.4600422418501,42,0,1.0
6,Min Sum,Optimal,0.44999999999999996,884.9620439350286,46,0,1.0
6,Min Sum,Optimal,0.3,469.4044540484096,26,0,1.0
6,Min Sum,Optimal,0.35,650.5327237118607,39,0,1.0
6,Min Sum,Optimal,0.44999999999999996,1029.9302750208135,59,0,1.0
6,Min Sum,Optimal,0.44999999999999996,1428.209590831329,72,0,1.0
6,Min Sum,Optimal,0.39999999999999997,856.3681989667668,51,0,1.0
6,Min Sum,Optimal,0.35,1373.9349111355968,70,0,1.0
6,Min Sum,Optimal,0.25,949.4727966886942,51,0,1.0
6,Min Sum,Optimal,0.65,900.8868330595953,50,0,1.0
6,Min Sum,Optimal,0.44999999999999996,1537.2804671074791,77,0,1.0
6,Min Sum,Optimal,0.5499999999999999,766.4973980527279,44,0,1.0
6,Min Sum,Optimal,0.5499999999999999,989.460886911692,52,0,1.0
6,Min Sum,Optimal,0.5499999999999999,1220.4562362599622,63,0,1.0
6,Min Sum,Optimal,0.39999999999999997,677.5240661973584,36,0,1.0
6,Min Sum,Optimal,0.35,383.5040455350718,21,0,1.0
6,Min Sum,Optimal,0.5499999999999999,1588.8244036688325,79,0,1.0
6,Min Sum,Optimal,0.25,863.770747638882,47,0,1.0
6,Min Sum,Optimal,0.5499999999999999,581.1663488100196,32,0,1.0
6,Min Sum,Optimal,0.5499999999999999,1008.5522311015714,52,0,1.0
6,Min Sum,Optimal,0.7500000000000001,1138.9084457015988,58,0,1.0
6,Min Sum,Optimal,0.39999999999999997,1140.8071898363567,61,0,1.0
6,Min Sum,Optimal,0.49999999999999994,621.8847027747923,37,0,1.0
6,Min Sum,Optimal,0.5499999999999999,876.0599363194689,46,0,1.0
6,Min Sum,Optimal,0.39999999999999997,809.0736549809762,45,0,1.0
6,Min Sum,Optimal,0.65,1018.1335393540653,53,0,1.0
6,Min Sum,Optimal,0.5499999999999999,594.205100139416,35,0,1.0
6,Min Sum,Optimal,0.39999999999999997,898.0248874911051,46,0,1.0
6,Min Sum,Optimal,0.6,941.7485804591321,52,0,1.0
6,Min Sum,Optimal,0.35,1012.444873611269,55,0,1.0
6,Min Sum,Optimal,0.5499999999999999,596.4643596194954,34,0,1.0
6,Min Sum,Optimal,0.65,856.6319692296939,50,0,1.0
6,Min Sum,Optimal,0.44999999999999996,880.6563509540779,49,0,1.0
6,Min Sum,Optimal,0.3,1034.219250469659,57,0,1.0
6,Min Sum,Optimal,0.5499999999999999,1146.872437668746,63,0,1.0
6,Min Sum,Optimal,0.8500000000000002,829.8593229804699,51,0,1.0
6,Min Sum,Optimal,0.7000000000000001,978.9769053924533,51,0,1.0
6,Min Sum,Optimal,0.6,578.7023839940412,32,0,1.0
6,Min Sum,Optimal,0.35,693.4860919321011,37,0,1.0
6,Min Sum,Optimal,0.44999999999999996,978.4267310703524,50,0,1.0
6,Min Sum,Optimal,0.3,1269.0303529042376,67,0,1.0
6,Min Sum,Optimal,0.05,592.0393220430609,32,0,1.0
6,Min Sum,Optimal,0.5499999999999999,1344.4264548054266,72,0,1.0
6,Min Sum,Optimal,0.39999999999999997,943.475352051923,49,0,1.0
6,Min Sum,Optimal,0.49999999999999994,924.3208580783607,52,0,1.0
6,Min Sum,Optimal,0.5499999999999999,1438.903906326301,72,0,1.0
6,Min Sum,Optimal,0.44999999999999996,767.9773345502784,41,0,1.0
6,Min Sum,Optimal,0.7500000000000001,1088.659883016354,59,0,1.0
6,Min Sum,Optimal,0.44999999999999996,996.0608666896877,55,0,1.0
6,Min Sum,Optimal,0.44999999999999996,690.9027423971568,40,0,1.0
6,Min Sum,Optimal,0.0,305.897505778015,17,0,1.0
6,Min Sum,Optimal,0.35,1299.1998646394138,70,0,1.0
6,Min Sum,Optimal,0.6,825.8997249856648,52,0,1.0
6,Min Sum,Optimal,0.44999999999999996,691.9177115399364,37,0,1.0
6,Min Sum,Optimal,0.39999999999999997,1057.7816938643762,54,0,1.0
6,Min Sum,Optimal,0.65,958.8733653831175,50,0,1.0
6,Min Sum,Optimal,0.35,1023.9804927377118,53,0,1.0
6,Min Sum,Optimal,0.7000000000000001,691.3836203596093,37,0,1.0
6,Min Sum,Optimal,0.49999999999999994,394.505597339713,28,0,1.0
6,Min Sum,Optimal,0.39999999999999997,507.072646231861,32,0,1.0
6,Min Sum,Optimal,0.6,1097.3793060562787,55,0,1.0
6,Min Sum,Optimal,0.44999999999999996,1484.220374200962,74,0,1.0
6,Min Sum,Optimal,0.25,502.92348038450416,27,0,1.0
6,Min Sum,Optimal,0.35,542.6753552938751,30,0,1.0
6,Min Sum,Optimal,0.39999999999999997,763.7435595662976,43,0,1.0
6,Min Sum,Optimal,0.25,643.717511435942,36,0,1.0
6,Min Sum,Optimal,0.3,402.3284782376044,25,0,1.0
6,Min Sum,Optimal,0.2,641.5377266187046,35,0,1.0
6,Min Sum,Optimal,0.39999999999999997,547.3701283405285,31,0,1.0
6,Min Sum,Optimal,0.44999999999999996,752.5651814319926,41,0,1.0
6,Min Sum,Optimal,0.25,1150.575484776019,61,0,1.0
6,Min Sum,Optimal,0.49999999999999994,813.3029201709726,44,0,1.0
6,Min Sum,Optimal,0.15000000000000002,886.1158120012308,46,0,1.0
6,Min Sum,Optimal,0.25,1056.6196370057417,56,0,1.0
6,Min Sum,Optimal,0.7000000000000001,1157.1128701701623,61,0,1.0
6,Min Sum,Optimal,0.39999999999999997,950.6064857117995,52,0,1.0
6,Min Sum,Optimal,0.65,1094.1601755197617,63,0,1.0
6,Min Sum,Optimal,0.7000000000000001,1038.9884685613831,59,0,1.0
6,Min Sum,Optimal,0.6,1502.4668648716654,77,0,1.0
6,Min Sum,Optimal,0.49999999999999994,1531.8786797627124,79,0,1.0
6,Min Sum,Optimal,0.35,831.5233689622746,44,0,1.0
6,Min Sum,Optimal,0.6,1450.34009013286,74,0,1.0
6,Min Sum,Optimal,0.39999999999999997,985.3031105823545,52,0,1.0
6,Min Sum,Optimal,0.44999999999999996,1210.0168964546754,63,0,1.0
6,Min Sum,Optimal,0.0,791.8975712722873,41,0,1.0
6,Min Sum,Optimal,0.1,1451.6686098182327,74,0,1.0
6,Min Sum,Optimal,0.15000000000000002,193.12376775133913,14,0,1.0
6,Min Sum,Optimal,0.3,1102.3004630926623,55,0,1.0
6,Min Sum,Optimal,0.0,1496.5000708731277,74,0,1.0
6,Min Sum,Optimal,0.35,538.7081178583326,29,0,1.0
6,Min Sum,Optimal,0.25,936.9909410435755,49,0,1.0
6,Min Sum,Optimal,0.5499999999999999,612.4685294622095,37,0,1.0
6,Min Sum,Optimal,0.39999999999999997,435.99523632258666,26,0,1.0
6,Min Sum,Optimal,0.7000000000000001,1189.4792342614535,62,0,1.0
6,Min Sum,Optimal,0.3,1453.5055403917022,74,0,1.0
6,Min Sum,Optimal,0.35,467.0628436613021,25,0,1.0
6,Min Sum,Optimal,0.5499999999999999,491.18133339482824,27,0,1.0
6,Min Sum,Optimal,0.35,834.8235571000424,43,0,1.0
6,Min Sum,Optimal,0.35,812.0724016062854,42,0,1.0
6,Min Sum,Optimal,0.6,507.7686045087832,29,0,1.0
6,Min Sum,Optimal,0.0,490.65838987702506,26,0,1.0
6,Min Sum,Optimal,0.3,449.96274084753804,25,0,1.0
6,Min Sum,Optimal,0.2,666.0387182663765,36,0,1.0
6,Min Sum,Optimal,0.35,1295.5327155795503,65,0,1.0
6,Min Sum,Optimal,0.6,912.3262034855483,50,0,1.0
6,Min Sum,Optimal,0.3,981.8853844633187,51,0,1.0
6,Min Sum,Optimal,0.25,1143.3501188646012,58,0,1.0
6,Min Sum,Optimal,0.8000000000000002,1221.374030044039,64,0,1.0
6,Min Sum,Optimal,0.35,1040.0682460663204,53,0,1.0
6,Min Sum,Optimal,0.44999999999999996,1069.097525571969,56,0,1.0
6,Min Sum,Optimal,0.15000000000000002,886.2837016086569,46,0,1.0
6,Min Sum,Optimal,0.44999999999999996,1484.9818070744166,79,0,1.0
6,Min Sum,Optimal,0.3,1522.1935522939655,78,0,1.0
6,Min Sum,Optimal,0.3,880.1297013441106,49,0,1.0
6,Min Sum,Optimal,0.6,1571.9020624783918,79,0,1.0
6,Min Sum,Optimal,0.6,1058.919739744541,58,0,1.0
6,Min Sum,Optimal,0.49999999999999994,1350.6326611657641,68,0,1.0
6,Min Sum,Optimal,0.2,875.2022267668381,46,0,1.0
6,Min Sum,Optimal,0.15000000000000002,1473.4172438216765,74,0,1.0
6,Min Sum,Optimal,0.35,431.5477914642685,24,0,1.0
6,Min Sum,Optimal,0.3,1166.7913911858088,60,0,1.0
6,Min Sum,Optimal,0.0,1491.0781872895006,74,0,1.0
6,Min Sum,Optimal,0.2,425.9601366869077,24,0,1.0
6,Min Sum,Optimal,0.6,1133.1805572014432,60,0,1.0
6,Min Sum,Optimal,0.39999999999999997,694.3297227801,37,0,1.0
6,Min Sum,Optimal,0.8000000000000002,1129.7274878083692,65,0,1.0
6,Min Sum,Optimal,0.49999999999999994,1501.3557651724645,76,0,1.0
6,Min Sum,Optimal,0.44999999999999996,391.8856274286028,25,0,1.0
6,Min Sum,Optimal,0.35,511.2936714083196,32,0,1.0
6,Min Sum,Optimal,0.49999999999999994,803.1686451660256,42,0,1.0
6,Min Sum,Optimal,0.0,828.0763716456572,42,0,1.0
6,Min Sum,Optimal,0.15000000000000002,605.5448260336203,33,0,1.0
6,Min Sum,Optimal,0.3,969.3723694138432,51,0,1.0
6,Min Sum,Optimal,0.0,517.3009732751681,27,0,1.0
6,Min Sum,Optimal,0.35,897.3872031239944,46,0,1.0
6,Min Sum,Optimal,0.49999999999999994,1364.9667574186988,74,0,1.0
6,Min Sum,Optimal,0.39999999999999997,738.0526195427008,43,0,1.0
6,Min Sum,Optimal,0.44999999999999996,1137.9792387514926,59,0,1.0
6,Min Sum,Optimal,0.3,1295.6381133820607,66,0,1.0
6,Min Sum,Optimal,0.65,1484.8700341502874,74,0,1.0
6,Min Sum,Optimal,0.35,1172.0218347483294,59,0,1.0
6,Min Sum,Optimal,0.49999999999999994,1347.0551780965777,71,0,1.0
6,Min Sum,Optimal,0.6,815.283059011631,44,0,1.0
6,Min Sum,Optimal,0.6,1568.3885787620354,79,0,1.0
6,Min Sum,Optimal,0.44999999999999996,1773.5114233998336,89,0,1.0
6,Min Sum,Optimal,0.39999999999999997,1020.2469836087727,52,0,1.0
6,Min Sum,Optimal,0.65,1606.917815898114,84,0,1.0
6,Min Sum,Optimal,0.44999999999999996,1229.552370442948,66,0,1.0
6,Min Sum,Optimal,0.3,1235.8895887640904,66,0,1.0
6,Min Sum,Optimal,0.15000000000000002,827.7337675498784,45,0,1.0
6,Min Sum,Optimal,0.39999999999999997,1758.8647128822827,91,0,1.0
6,Min Sum,Optimal,0.39999999999999997,466.17937052084085,27,0,1.0
6,Min Sum,Optimal,0.65,1233.925301777972,68,0,1.0
6,Min Sum,Optimal,0.2,1508.1006858147366,76,0,1.0
6,Min Sum,Optimal,0.05,327.96450138044594,18,0,1.0
6,Min Sum,Optimal,0.49999999999999994,842.1338918388554,47,0,1.0
6,Min Sum,Optimal,0.5499999999999999,722.7355766950443,39,0,1.0
6,Min Sum,Optimal,0.35,627.1985328980845,35,0,1.0
6,Min Sum,Optimal,0.3,1111.5105350164915,60,0,1.0
6,Min Sum,Optimal,0.3,1257.3230329715677,66,0,1.0
6,Min Sum,Optimal,0.39999999999999997,797.0586596348999,43,0,1.0
6,Min Sum,Optimal,0.5499999999999999,763.2785924808325,43,0,1.0
6,Min Sum,Optimal,0.15000000000000002,965.5222430691686,50,0,1.0
6,Min Sum,Optimal,0.65,1284.361413451827,66,0,1.0
6,Min Sum,Optimal,0.6,1408.1211471904148,71,0,1.0
6,Min Sum,Optimal,0.39999999999999997,798.5354570462948,41,0,1.0
6,Min Sum,Optimal,0.25,591.5674590035511,33,0,1.0
6,Min Sum,Optimal,0.15000000000000002,706.1878601131699,37,0,1.0
6,Min Sum,Optimal,0.6,749.2969024698693,39,0,1.0
6,Min Sum,Optimal,0.8000000000000002,942.5796539442811,54,0,1.0
6,Min Sum,Optimal,0.35,1188.6137489403282,61,0,1.0
6,Min Sum,Optimal,0.8000000000000002,802.9107674242657,47,0,1.0
6,Min Sum,Optimal,0.2,1072.7371518818215,55,0,1.0
6,Min Sum,Optimal,0.0,1142.2574080509705,57,0,1.0
6,Min Sum,Optimal,0.39999999999999997,623.8575649256653,35,0,1.0
6,Min Sum,Optimal,0.39999999999999997,1144.8278905163136,59,0,1.0
6,Min Sum,Optimal,0.5499999999999999,724.9205865806538,42,0,1.0
6,Min Sum,Optimal,0.49999999999999994,747.9684380266374,39,0,1.0
6,Min Sum,Optimal,0.35,879.301850233159,48,0,1.0
6,Min Sum,Optimal,0.25,439.72362643602736,28,0,1.0
6,Min Sum,Optimal,0.25,508.4330488060259,29,0,1.0
6,Min Sum,Optimal,0.6,1282.3643145652313,67,0,1.0
6,Min Sum,Optimal,0.49999999999999994,1056.3173515765461,57,0,1.0
6,Min Sum,Optimal,0.6,703.6379532798519,39,0,1.0
6,Min Sum,Optimal,0.25,779.6743725863688,41,0,1.0
6,Min Sum,Optimal,0.35,1099.835010191214,60,0,1.0
6,Min Sum,Optimal,0.0,1253.138147850568,63,0,1.0
6,Min Sum,Optimal,0.2,762.7958735189645,42,0,1.0
6,Min Sum,Optimal,0.7000000000000001,1562.3579053127835,81,0,1.0
6,Min Sum,Optimal,0.2,1501.0526538835893,76,0,1.0
6,Min Sum,Optimal,0.7000000000000001,1048.0017711385199,58,0,1.0
6,Min Sum,Optimal,0.8000000000000002,1128.7027607509854,63,0,1.0
6,Min Sum,Optimal,0.0,1176.8401004155494,59,0,1.0
6,Min Sum,Optimal,0.7000000000000001,1558.4811750224821,82,0,1.0
6,Min Sum,Optimal,0.49999999999999994,1609.2086924226862,83,0,1.0
6,Min Sum,Optimal,0.35,1030.7561217169375,54,0,1.0
6,Min Sum,Optimal,0.35,660.3822536823081,36,0,1.0
6,Min Sum,Optimal,0.39999999999999997,898.4719590433472,51,0,1.0
6,Min Sum,Optimal,0.49999999999999994,956.8373798895891,52,0,1.0
6,Min Sum,Optimal,0.8000000000000002,1100.5956195136023,58,0,1.0
6,Min Sum,Optimal,0.05,1254.2763196094884,63,0,1.0
6,Min Sum,Optimal,0.65,975.320170340974,53,0,1.0
6,Min Sum,Optimal,0.7000000000000001,1641.85859666554,84,0,1.0
6,Min Sum,Optimal,0.1,1285.321387519217,65,0,1.0
6,Min Sum,Optimal,0.44999999999999996,338.64793394798687,23,0,1.0
6,Min Sum,Optimal,0.7000000000000001,1299.605283558549,74,0,1.0
6,Min Sum,Optimal,0.05,773.5754311495152,40,0,1.0
6,Min Sum,Optimal,0.44999999999999996,621.3558822721984,34,0,1.0
6,Min Sum,Optimal,0.5499999999999999,1222.262540469792,65,0,1.0
6,Min Sum,Optimal,0.35,377.4682693139832,25,0,1.0
6,Min Sum,Optimal,0.6,870.8928115639551,48,0,1.0
6,Min Sum,Optimal,0.35,1251.7082380783845,67,0,1.0
6,Min Sum,Optimal,0.6,1402.9591014983366,74,0,1.0
6,Min Sum,Optimal,0.2,594.0195086507192,34,0,1.0
6,Min Sum,Optimal,0.39999999999999997,483.48381091795574,27,0,1.0
6,Min Sum,Optimal,0.65,1450.7084440259575,76,0,1.0
6,Min Sum,Optimal,0.44999999999999996,1527.0380000594312,79,0,1.0
6,Min Sum,Optimal,0.65,1144.927783491962,62,0,1.0
6,Min Sum,Optimal,0.6,514.7384358339997,30,0,1.0
6,Min Sum,Optimal,0.3,807.9686537276959,43,0,1.0
6,Min Sum,Optimal,0.35,935.3907329794177,48,0,1.0
6,Min Sum,Optimal,0.49999999999999994,635.4561026318623,37,0,1.0
6,Min Sum,Optimal,0.1,699.6855553208246,37,0,1.0
6,Min Sum,Optimal,0.25,531.5906445582859,28,0,1.0
6,Min Sum,Optimal,0.15000000000000002,858.1816412483167,44,0,1.0
6,Min Sum,Optimal,0.39999999999999997,1385.1618574080737,71,0,1.0
6,Min Sum,Optimal,0.44999999999999996,911.0750300927572,49,0,1.0
6,Min Sum,Optimal,0.49999999999999994,1199.7657567965214,63,0,1.0
6,Min Sum,Optimal,0.39999999999999997,1339.6634089948575,68,0,1.0
6,Min Sum,Optimal,0.8500000000000002,1387.4578772005757,75,0,1.0
6,Min Sum,Optimal,0.39999999999999997,1198.7626193183737,61,0,1.0
6,Min Sum,Optimal,0.6,1311.9174344145943,69,0,1.0
6,Min Sum,Optimal,0.49999999999999994,841.5687039499926,46,0,1.0
6,Min Sum,Optimal,0.2,1502.7695311186997,78,0,1.0
6,Min Sum,Optimal,0.44999999999999996,1729.6802678157806,88,0,1.0
6,Min Sum,Optimal,0.39999999999999997,1091.155377795725,56,0,1.0
6,Min Sum,Optimal,0.5499999999999999,1650.119849646554,83,0,1.0
6,Min Sum,Optimal,0.65,1236.092015463617,67,0,1.0
6,Min Sum,Optimal,0.05,1241.4114808398422,63,0,1.0
6,Min Sum,Optimal,0.1,907.9780308257268,47,0,1.0
6,Min Sum,Optimal,0.44999999999999996,1761.8415997708069,91,0,1.0
6,Min Sum,Optimal,0.44999999999999996,422.77105828826905,27,0,1.0
6,Min Sum,Optimal,0.3,1242.7397576295916,63,0,1.0
6,Min Sum,Optimal,0.35,1708.3374280774437,87,0,1.0
6,Min Sum,Optimal,0.05,297.1294028047024,17,0,1.0
6,Min Sum,Optimal,0.49999999999999994,930.2151268232533,49,0,1.0
6,Min Sum,Optimal,0.39999999999999997,679.8642721135456,38,0,1.0
6,Min Sum,Optimal,0.39999999999999997,1058.4999093033407,55,0,1.0
6,Min Sum,Optimal,0.5499999999999999,1193.4531136988874,60,0,1.0
6,Min Sum,Optimal,0.6,789.2870058117617,41,0,1.0
6,Min Sum,Optimal,0.1,748.0306505403818,39,0,1.0
6,Min Sum,Optimal,0.35,508.01378859757597,28,0,1.0
6,Min Sum,Optimal,0.44999999999999996,1075.3533731804662,55,0,1.0
6,Min Sum,Optimal,0.25,1543.4872651471946,77,0,1.0
6,Min Sum,Optimal,0.6,1088.1497635111728,58,0,1.0
6,Min Sum,Optimal,0.1,1195.7519903431178,60,0,1.0
6,Min Sum,Optimal,0.5499999999999999,1581.565737960319,79,0,1.0
6,Min Sum,Optimal,0.6,1374.5036952704359,71,0,1.0
6,Min Sum,Optimal,0.39999999999999997,1382.3832349781287,70,0,1.0
6,Min Sum,Optimal,0.7000000000000001,1445.3801735581073,74,0,1.0
6,Min Sum,Optimal,0.8000000000000002,1011.2753277000451,57,0,1.0
6,Min Sum,Optimal,0.44999999999999996,1718.2619839068484,87,0,1.0
6,Min Sum,Optimal,0.49999999999999994,1902.791058245484,95,0,1.0
6,Min Sum,Optimal,0.5499999999999999,1309.865961345847,66,0,1.0
6,Min Sum,Optimal,0.7000000000000001,1852.6154199268994,94,0,1.0
6,Min Sum,Optimal,0.5499999999999999,1369.1782721469697,70,0,1.0
6,Min Sum,Optimal,0.3,1475.3572965615792,74,0,1.0
6,Min Sum,Optimal,0.35,1165.8937900886717,59,0,1.0
6,Min Sum,Optimal,0.3,1882.301118369613,93,0,1.0
6,Min Sum,Optimal,0.0,402.0974013680407,22,0,1.0
6,Min Sum,Optimal,0.35,1387.824727385253,70,0,1.0
6,Min Sum,Optimal,0.15000000000000002,1736.192837819102,87,0,1.0
6,Min Sum,Optimal,0.44999999999999996,512.5151966047015,28,0,1.0
6,Min Sum,Optimal,0.7500000000000001,1147.7599370779396,58,0,1.0
6,Min Sum,Optimal,0.5499999999999999,949.5164847255794,48,0,1.0
6,Min Sum,Optimal,0.05,759.5157383286382,39,0,1.0
6,Min Sum,Optimal,0.35,963.5356073132996,49,0,1.0
6,Min Sum,Optimal,0.39999999999999997,1244.27589147794,63,0,1.0
6,Min Sum,Optimal,0.0,1044.8700428590428,53,0,1.0
6,Min Sum,Optimal,0.39999999999999997,863.2982843092108,46,0,1.0
6,Min Sum,Optimal,0.5499999999999999,1054.9738985732688,58,0,1.0
6,Min Sum,Optimal,0.1,226.66087091860686,14,0,1.0
6,Min Sum,Optimal,0.7000000000000001,960.9804925289559,50,0,1.0
6,Min Sum,Optimal,0.49999999999999994,1224.2862385640117,61,0,1.0
6,Min Sum,Optimal,0.0,1273.6576145123568,64,0,1.0
6,Min Sum,Optimal,0.5499999999999999,1100.496964354095,56,0,1.0
6,Min Sum,Optimal,0.1,1282.979678422525,65,0,1.0
6,Min Sum,Optimal,0.25,638.8780669823583,34,0,1.0
6,Min Sum,Optimal,0.49999999999999994,987.1675724500484,51,0,1.0
6,Min Sum,Optimal,0.39999999999999997,1564.7829813733974,79,0,1.0
6,Min Sum,Optimal,0.65,920.0435666520675,49,0,1.0
6,Min Sum,Optimal,0.3,1048.9240162539272,54,0,1.0
6,Min Sum,Optimal,0.49999999999999994,1229.0920471010393,63,0,1.0
6,Min Sum,Optimal,0.25,822.7354952019122,43,0,1.0
6,Min Sum,Optimal,0.35,561.382362752542,30,0,1.0
6,Min Sum,Optimal,0.3,1533.3493757373828,78,0,1.0
6,Min Sum,Optimal,0.44999999999999996,959.9981057555458,49,0,1.0
6,Min Sum,Optimal,0.15000000000000002,583.4847342419251,31,0,1.0
6,Min Sum,Optimal,0.35,1091.0369294571187,56,0,1.0
6,Min Sum,Optimal,0.35,738.3240091656146,39,0,1.0
6,Min Sum,Optimal,0.3,779.8077498739252,41,0,1.0
6,Min Sum,Optimal,0.15000000000000002,456.61346693952135,26,0,1.0
6,Min Sum,Optimal,0.5499999999999999,698.9778569396061,39,0,1.0
6,Min Sum,Optimal,0.5499999999999999,770.0263236286024,43,0,1.0
6,Min Sum,Optimal,0.49999999999999994,840.9080545342442,47,0,1.0
6,Min Sum,Optimal,0.1,191.9634316791183,13,0,1.0
6,Min Sum,Optimal,0.25,715.6366850200237,38,0,1.0
6,Min Sum,Optimal,0.15000000000000002,789.5732528105241,41,0,1.0
6,Min Sum,Optimal,0.5499999999999999,594.3545144722245,34,0,1.0
6,Min Sum,Optimal,0.5499999999999999,658.5168774118772,39,0,1.0
6,Min Sum,Optimal,0.1,629.9441336047714,34,0,1.0
6,Min Sum,Optimal,0.05,318.2735454082244,18,0,1.0
6,Min Sum,Optimal,0.2,673.3362230510254,37,0,1.0
6,Min Sum,Optimal,0.0,1138.3401332474677,57,0,1.0
6,Min Sum,Optimal,0.2,1062.9014901363528,56,0,1.0
6,Min Sum,Optimal,0.5499999999999999,1041.542040629665,57,0,1.0
6,Min Sum,Optimal,0.5499999999999999,483.64780959076,29,0,1.0
6,Min Sum,Optimal,0.6,1066.7004292181307,57,0,1.0
6,Min Sum,Optimal,0.2,463.9479816506388,28,0,1.0
6,Min Sum,Optimal,0.49999999999999994,854.0885667220034,46,0,1.0
6,Min Sum,Optimal,0.44999999999999996,725.1867296972819,38,0,1.0
6,Min Sum,Optimal,0.2,940.2197189742674,51,0,1.0
6,Min Sum,Optimal,0.44999999999999996,741.3890473208978,42,0,1.0
6,Min Sum,Optimal,0.49999999999999994,1012.136362166971,54,0,1.0
6,Min Sum,Optimal,0.05,1124.343648807637,57,0,1.0
6,Min Sum,Optimal,0.44999999999999996,998.229924663623,54,0,1.0
6,Min Sum,Optimal,0.05,1283.263235059242,65,0,1.0
6,Min Sum,Optimal,0.2,554.5680179861594,31,0,1.0
6,Min Sum,Optimal,0.3,552.0880627014535,32,0,1.0
6,Min Sum,Optimal,0.25,421.7468778822427,26,0,1.0
6,Min Sum,Optimal,0.35,582.143967764908,31,0,1.0
6,Min Sum,Optimal,0.44999999999999996,1125.3651258290113,60,0,1.0
6,Min Sum,Optimal,0.65,926.8222767662166,50,0,1.0
6,Min Sum,Optimal,0.15000000000000002,734.2682008271504,39,0,1.0
6,Min Sum,Optimal,0.2,958.298041576858,51,0,1.0
6,Min Sum,Optimal,0.5499999999999999,909.8336464707809,51,0,1.0
6,Min Sum,Optimal,0.35,896.2158344665892,46,0,1.0
6,Min Sum,Optimal,0.49999999999999994,917.084020460599,53,0,1.0
6,Min Sum,Optimal,0.5499999999999999,1172.8382726670086,64,0,1.0
6,Min Sum,Optimal,0.65,1505.4981209636333,77,0,1.0
6,Min Sum,Optimal,0.39999999999999997,1365.4521500634726,71,0,1.0
6,Min Sum,Optimal,0.3,717.7601428358522,40,0,1.0
6,Min Sum,Optimal,0.7000000000000001,1455.5174187262432,75,0,1.0
6,Min Sum,Optimal,0.5499999999999999,915.7959223927168,48,0,1.0
6,Min Sum,Optimal,0.65,1220.0259851941182,65,0,1.0
6,Min Sum,Optimal,0.5499999999999999,899.6819696788901,47,0,1.0
6,Min Sum,Optimal,0.2,1359.053780990494,68,0,1.0
6,Min Sum,Optimal,0.0,338.639420244578,19,0,1.0
6,Min Sum,Optimal,0.49999999999999994,1163.153179447598,59,0,1.0
6,Min Sum,Optimal,0.2,1403.871396615545,71,0,1.0
6,Min Sum,Optimal,0.3,682.2391802927079,40,0,1.0
6,Min Sum,Optimal,0.3,1230.39651267214,65,0,1.0
6,Min Sum,Optimal,0.39999999999999997,640.9965584867045,37,0,1.0
6,Min Sum,Optimal,0.3,561.2598668616289,30,0,1.0
6,Min Sum,Optimal,0.39999999999999997,972.7116293590808,50,0,1.0
6,Min Sum,Optimal,0.0,1247.3460470985028,62,0,1.0
6,Min Sum,Optimal,0.7500000000000001,1312.8404458170921,69,0,1.0
6,Min Sum,Optimal,0.25,1077.489405796167,56,0,1.0
6,Min Sum,Optimal,0.44999999999999996,1133.7676500013115,61,0,1.0
6,Min Sum,Optimal,0.8000000000000002,940.8256521881171,56,0,1.0
6,Min Sum,Optimal,0.0,842.4321923408542,43,0,1.0
6,Min Sum,Optimal,0.8000000000000002,969.7545616496707,54,0,1.0
6,Min Sum,Optimal,0.44999999999999996,1299.2298490825408,69,0,1.0
6,Min Sum,Optimal,0.44999999999999996,1724.9936899139448,87,0,1.0
6,Min Sum,Optimal,0.39999999999999997,1373.6799021885895,75,0,1.0
6,Min Sum,Optimal,0.25,1007.089880528062,51,0,1.0
6,Min Sum,Optimal,0.65,1672.7531349738333,87,0,1.0
6,Min Sum,Optimal,0.49999999999999994,1021.4009380091123,52,0,1.0
6,Min Sum,Optimal,0.0,1283.0031358710196,64,0,1.0
6,Min Sum,Optimal,0.15000000000000002,1055.3492230055908,54,0,1.0
6,Min Sum,Optimal,0.0,1184.4015502142292,59,0,1.0
6,Min Sum,Optimal,0.6,830.6224348007161,44,0,1.0
6,Min Sum,Optimal,0.44999999999999996,1491.1988052649933,74,0,1.0
6,Min Sum,Optimal,0.0,1723.9350903649506,85,0,1.0
6,Min Sum,Optimal,0.5499999999999999,924.060282497099,51,0,1.0
6,Min Sum,Optimal,0.44999999999999996,1417.3777676989885,72,0,1.0
6,Min Sum,Optimal,0.5499999999999999,1039.8409081755428,53,0,1.0
6,Min Sum,Optimal,0.25,868.2242475061893,46,0,1.0
6,Min Sum,Optimal,0.0,1279.1200753815813,64,0,1.0
6,Min Sum,Optimal,0.8000000000000002,1129.6886949146704,62,0,1.0
6,Min Sum,Optimal,0.05,1060.213480086958,54,0,1.0
6,Min Sum,Optimal,0.35,1246.3512505498084,68,0,1.0
6,Min Sum,Optimal,0.6,1123.0010600987414,60,0,1.0
6,Min Sum,Optimal,0.1,1064.3403583140284,55,0,1.0
6,Min Sum,Optimal,0.35,1086.9431028465017,57,0,1.0
6,Min Sum,Optimal,0.6,1084.0483179606758,62,0,1.0
6,Min Sum,Optimal,0.25,1620.3959109309174,84,0,1.0
6,Min Sum,Optimal,0.39999999999999997,1706.0888573416457,85,0,1.0
6,Min Sum,Optimal,0.39999999999999997,1089.0641744944494,57,0,1.0
6,Min Sum,Optimal,0.5499999999999999,1644.5558637214351,86,0,1.0
6,Min Sum,Optimal,0.35,1087.4116560366667,57,0,1.0
6,Min Sum,Optimal,0.15000000000000002,1331.4135866285749,69,0,1.0
6,Min Sum,Optimal,0.1,966.7319724983416,50,0,1.0
6,Min Sum,Optimal,0.05,1616.439551415808,80,0,1.0
6,Min Sum,Optimal,0.35,504.25040766376935,29,0,1.0
6,Min Sum,Optimal,0.5499999999999999,1431.1337642963417,74,0,1.0
6,Min Sum,Optimal,0.39999999999999997,1837.6078211714234,92,0,1.0
6,Min Sum,Optimal,0.35,598.4547106748217,34,0,1.0
6,Min Sum,Optimal,0.49999999999999994,1212.6884206455763,63,0,1.0
6,Min Sum,Optimal,0.8000000000000002,939.2535913587079,57,0,1.0
6,Min Sum,Optimal,0.49999999999999994,789.3072326039033,43,0,1.0
6,Min Sum,Optimal,0.5499999999999999,926.120122103726,51,0,1.0
6,Min Sum,Optimal,0.49999999999999994,566.9858602087738,31,0,1.0
6,Min Sum,Optimal,0.44999999999999996,662.1368798126599,37,0,1.0
6,Min Sum,Optimal,0.5499999999999999,855.3105847462309,47,0,1.0
6,Min Sum,Optimal,0.49999999999999994,540.7381946074485,32,0,1.0
6,Min Sum,Optimal,0.39999999999999997,787.1606637522867,43,0,1.0
6,Min Sum,Optimal,0.0,1269.089447455119,63,0,1.0
6,Min Sum,Optimal,0.49999999999999994,1144.5630838853895,59,0,1.0
6,Min Sum,Optimal,0.5499999999999999,1096.2560447376602,58,0,1.0
6,Min Sum,Optimal,0.0,294.7388564624941,17,0,1.0
6,Min Sum,Optimal,0.6,1009.5058628237765,57,0,1.0
6,Min Sum,Optimal,0.49999999999999994,612.6816087468003,33,0,1.0
6,Min Sum,Optimal,0.44999999999999996,871.5258639542714,47,0,1.0
6,Min Sum,Optimal,0.2,637.6261957651394,35,0,1.0
6,Min Sum,Optimal,0.35,1072.742063942204,56,0,1.0
6,Min Sum,Optimal,0.6,753.4313097683671,44,0,1.0
6,Min Sum,Optimal,0.7000000000000001,1078.1378603677394,56,0,1.0
6,Min Sum,Optimal,0.1,1022.7230994917336,52,0,1.0
6,Min Sum,Optimal,0.35,1019.8152095005341,52,0,1.0
6,Min Sum,Optimal,0.35,1473.3530579040726,76,0,1.0
6,Min Sum,Optimal,0.1,612.6466692578344,32,0,1.0
6,Min Sum,Optimal,0.25,1035.7725604859093,54,0,1.0
6,Min Sum,Optimal,0.05,491.34713477956933,27,0,1.0
6,Min Sum,Optimal,0.2,430.27374488146734,24,0,1.0
6,Min Sum,Optimal,0.15000000000000002,876.9704593153104,45,0,1.0
6,Min Sum,Optimal,0.3,596.1502956661482,33,0,1.0
6,Min Sum,Optimal,0.2,889.5545258761143,45,0,1.0
6,Min Sum,Optimal,0.05,1502.0991689239054,75,0,1.0
6,Min Sum,Optimal,0.39999999999999997,810.6153188994057,42,0,1.0
6,Min Sum,Optimal,0.49999999999999994,826.2396165895032,46,0,1.0
6,Min Sum,Optimal,0.1,571.4026642662398,31,0,1.0
6,Min Sum,Optimal,0.6,623.0447848322377,35,0,1.0
6,Min Sum,Optimal,0.39999999999999997,703.3743228116413,38,0,1.0
6,Min Sum,Optimal,0.5499999999999999,603.2861784118575,38,0,1.0
6,Min Sum,Optimal,0.25,730.068361796238,40,0,1.0
6,Min Sum,Optimal,0.49999999999999994,831.7486845464837,47,0,1.0
6,Min Sum,Optimal,0.7000000000000001,1251.9672541477123,67,0,1.0
6,Min Sum,Optimal,0.3,953.1112102831593,50,0,1.0
6,Min Sum,Optimal,0.3,761.6759889420205,40,0,1.0
6,Min Sum,Optimal,0.49999999999999994,1429.563606165134,74,0,1.0
6,Min Sum,Optimal,0.0,1605.0274660608432,80,0,1.0
6,Min Sum,Optimal,0.3,1000.4110916393739,52,0,1.0
6,Min Sum,Optimal,0.35,800.4707439972216,44,0,1.0
6,Min Sum,Optimal,0.44999999999999996,1171.473309067832,59,0,1.0
6,Min Sum,Optimal,0.05,1345.5988107387886,67,0,1.0
6,Min Sum,Optimal,0.39999999999999997,994.6425592756041,50,0,1.0
6,Min Sum,Optimal,0.0,1320.9454320554557,66,0,1.0
6,Min Sum,Optimal,0.0,580.8382232776922,30,0,1.0
6,Min Sum,Optimal,0.44999999999999996,953.0242346290331,49,0,1.0
6,Min Sum,Optimal,0.39999999999999997,1535.01931806245,78,0,1.0
6,Min Sum,Optimal,0.65,891.9118963910081,48,0,1.0
6,Min Sum,Optimal,0.44999999999999996,1052.5135438461296,55,0,1.0
6,Min Sum,Optimal,0.39999999999999997,1195.819601389991,62,0,1.0
6,Min Sum,Optimal,0.25,771.0319162209883,41,0,1.0
6,Min Sum,Optimal,0.65,646.5886433133605,34,0,1.0
6,Min Sum,Optimal,0.44999999999999996,1571.4336981852573,81,0,1.0
6,Min Sum,Optimal,0.3,898.873619137524,46,0,1.0
6,Min Sum,Optimal,0.1,488.5238323887619,27,0,1.0
6,Min Sum,Optimal,0.44999999999999996,1148.1466687055797,58,0,1.0
6,Min Sum,Optimal,0.6,827.2136540577303,43,0,1.0
6,Min Sum,Optimal,0.05,705.8403191318179,37,0,1.0
6,Min Sum,Optimal,0.35,556.9832914256122,30,0,1.0
6,Min Sum,Optimal,0.35,518.9893467312819,31,0,1.0
6,Min Sum,Optimal,0.05,849.2472037441743,43,0,1.0
6,Min Sum,Optimal,0.15000000000000002,295.8574555479645,18,0,1.0
6,Min Sum,Optimal,0.39999999999999997,1012.9939953818114,52,0,1.0
6,Min Sum,Optimal,0.05,1245.6424723237712,62,0,1.0
6,Min Sum,Optimal,0.25,895.535217537522,46,0,1.0
6,Min Sum,Optimal,0.39999999999999997,1009.1001953489639,53,0,1.0
6,Min Sum,Optimal,0.15000000000000002,217.0619480898541,15,0,1.0
6,Min Sum,Optimal,0.44999999999999996,804.9980951020275,46,0,1.0
6,Min Sum,Optimal,0.44999999999999996,665.4552228908409,39,0,1.0
6,Min Sum,Optimal,0.35,672.5883543087236,36,0,1.0
6,Min Sum,Optimal,0.1,530.2230910043301,30,0,1.0
6,Min Sum,Optimal,0.35,935.1131113259783,52,0,1.0
6,Min Sum,Optimal,0.8000000000000002,1012.6673563039607,57,0,1.0
6,Min Sum,Optimal,0.44999999999999996,934.8519801819779,48,0,1.0
6,Min Sum,Optimal,0.39999999999999997,1056.8497783748073,55,0,1.0
6,Min Sum,Optimal,0.7000000000000001,1209.7676654678726,67,0,1.0
6,Min Sum,Optimal,0.3,1501.2542827079628,75,0,1.0
6,Min Sum,Optimal,0.3,698.8149002617038,37,0,1.0
6,Min Sum,Optimal,0.0,785.7282845615673,40,0,1.0
6,Min Sum,Optimal,0.1,300.43652926073906,18,0,1.0
6,Min Sum,Optimal,0.44999999999999996,819.3224685151296,50,0,1.0
6,Min Sum,Optimal,0.44999999999999996,1633.3227732109663,82,0,1.0
6,Min Sum,Optimal,0.39999999999999997,1046.98334248563,56,0,1.0
6,Min Sum,Optimal,0.6,769.2558559276426,43,0,1.0
6,Min Sum,Optimal,0.2,437.10850564324915,25,0,1.0
6,Min Sum,Optimal,0.6,849.694474222546,50,0,1.0
6,Min Sum,Optimal,0.65,606.3048724548798,38,0,1.0
6,Min Sum,Optimal,0.35,773.3719172259782,42,0,1.0
6,Min Sum,Optimal,0.49999999999999994,902.5977873202365,47,0,1.0
6,Min Sum,Optimal,0.6,779.9771503241266,44,0,1.0
6,Min Sum,Optimal,0.7000000000000001,1128.6244192620657,64,0,1.0
6,Min Sum,Optimal,0.15000000000000002,917.3916357726443,48,0,1.0
6,Min Sum,Optimal,0.25,1004.3906810383885,53,0,1.0
6,Min Sum,Optimal,0.7500000000000001,1551.6545746834813,77,0,1.0
6,Min Sum,Optimal,0.0,1443.082381952613,72,0,1.0
6,Min Sum,Optimal,0.5499999999999999,1057.1783869078297,54,0,1.0
6,Min Sum,Optimal,0.7500000000000001,962.8234474904227,49,0,1.0
6,Min Sum,Optimal,0.1,281.44807392101444,16,0,1.0
6,Min Sum,Optimal,0.0,1666.0034457336,82,0,1.0
6,Min Sum,Optimal,0.39999999999999997,1453.6858599405298,73,0,1.0
6,Min Sum,Optimal,0.2,705.8946026014544,38,0,1.0
6,Min Sum,Optimal,0.49999999999999994,870.1152748144544,49,0,1.0
6,Min Sum,Optimal,0.7500000000000001,1397.2983086816726,74,0,1.0
6,Min Sum,Optimal,0.2,361.1723601887282,22,0,1.0
6,Min Sum,Optimal,0.8000000000000002,1368.4032586963745,76,0,1.0
6,Min Sum,Optimal,0.8000000000000002,1293.676778467732,72,0,1.0
6,Min Sum,Optimal,0.5499999999999999,920.7232753214743,48,0,1.0
6,Min Sum,Optimal,0.65,1310.9670813956686,66,0,1.0
6,Min Sum,Optimal,0.8500000000000002,1502.0985574435615,83,0,1.0
6,Min Sum,Optimal,0.5499999999999999,1627.3628688244792,82,0,1.0
6,Min Sum,Optimal,0.0,1355.6648808962195,68,0,1.0
6,Min Sum,Optimal,0.39999999999999997,1989.687890085409,99,0,1.0
6,Min Sum,Optimal,0.39999999999999997,1186.767579981898,61,0,1.0
6,Min Sum,Optimal,0.15000000000000002,791.9024308812191,43,0,1.0
6,Min Sum,Optimal,0.35,1354.003247270842,68,0,1.0
6,Min Sum,Optimal,0.3,1075.5894308920697,56,0,1.0
6,Min Sum,Optimal,0.65,1000.1954550762148,53,0,1.0
6,Min Sum,Optimal,0.15000000000000002,355.2921628082819,22,0,1.0
6,Min Sum,Optimal,0.7000000000000001,1044.2758414423251,55,0,1.0
6,Min Sum,Optimal,0.49999999999999994,578.8736873243232,35,0,1.0
6,Min Sum,Optimal,0.6,901.1951890441726,50,0,1.0
6,Min Sum,Optimal,0.6,842.861079206249,44,0,1.0
6,Min Sum,Optimal,0.05,762.1708295172446,40,0,1.0
6,Min Sum,Optimal,0.8000000000000002,1024.2284774549055,57,0,1.0
6,Min Sum,Optimal,0.65,1052.114105485049,57,0,1.0
6,Min Sum,Optimal,0.15000000000000002,1077.5588048054897,55,0,1.0
6,Min Sum,Optimal,0.44999999999999996,1116.4827423157258,60,0,1.0
6,Min Sum,Optimal,0.15000000000000002,1327.7312525765471,67,0,1.0
6,Min Sum,Optimal,0.5499999999999999,847.9076087464965,48,0,1.0
6,Min Sum,Optimal,0.65,1912.2274817261782,95,0,1.0
6,Min Sum,Optimal,0.5499999999999999,1496.510097512892,79,0,1.0
6,Min Sum,Optimal,0.25,731.9290630283489,40,0,1.0
6,Min Sum,Optimal,0.7500000000000001,932.2144466280031,53,0,1.0
6,Min Sum,Optimal,0.7500000000000001,1382.1096105942804,74,0,1.0
6,Min Sum,Optimal,0.25,379.3982086484042,21,0,1.0
6,Min Sum,Optimal,0.8000000000000002,1344.2750879270131,73,0,1.0
6,Min Sum,Optimal,0.7500000000000001,1252.8684383476589,70,0,1.0
6,Min Sum,Optimal,0.49999999999999994,768.0010285507951,46,0,1.0
6,Min Sum,Optimal,0.7000000000000001,1223.2322408849936,67,0,1.0
6,Min Sum,Optimal,0.8500000000000002,1589.380149602049,83,0,1.0
6,Min Sum,Optimal,0.49999999999999994,1585.9126720747156,79,0,1.0
6,Min Sum,Optimal,0.44999999999999996,1411.896646614244,71,0,1.0
6,Min Sum,Optimal,0.15000000000000002,1670.6977091228923,84,0,1.0
6,Min Sum,Optimal,0.6,1186.6601751544258,63,0,1.0
6,Min Sum,Optimal,0.49999999999999994,1470.9969102963028,74,0,1.0
6,Min Sum,Optimal,0.65,2152.5790591765754,107,0,1.0
6,Min Sum,Optimal,0.8500000000000002,1386.799513781448,77,0,1.0
6,Min Sum,Optimal,0.6,1624.1351364940854,86,0,1.0
6,Min Sum,Optimal,0.3,1533.790033235903,80,0,1.0
6,Min Sum,Optimal,0.5499999999999999,1450.2179428398224,73,0,1.0
6,Min Sum,Optimal,0.5499999999999999,1107.5776809174722,56,0,1.0
6,Min Sum,Optimal,0.3,1994.6637837540038,102,0,1.0
6,Min Sum,Optimal,0.25,912.7069207116324,47,0,1.0
6,Min Sum,Optimal,0.35,1031.6693498479644,53,0,1.0
6,Min Sum,Optimal,0.6,1694.6776953754052,85,0,1.0
6,Min Sum,Optimal,0.25,677.4433099973434,37,0,1.0
6,Min Sum,Optimal,0.35,338.84273845588984,21,0,1.0
6,Min Sum,Optimal,0.35,842.9587524421323,43,0,1.0
6,Min Sum,Optimal,0.6,1394.4344205784196,71,0,1.0
6,Min Sum,Optimal,0.0,749.8604016880994,38,0,1.0
6,Min Sum,Optimal,0.39999999999999997,557.4220879396631,32,0,1.0
6,Min Sum,Optimal,0.3,1144.961016593761,58,0,1.0
6,Min Sum,Optimal,0.49999999999999994,469.54544520397167,26,0,1.0
6,Min Sum,Optimal,0.49999999999999994,905.1330620597578,46,0,1.0
6,Min Sum,Optimal,0.49999999999999994,1301.646675301438,69,0,1.0
6,Min Sum,Optimal,0.39999999999999997,1351.3606984064138,68,0,1.0
6,Min Sum,Optimal,0.3,757.8080889511966,39,0,1.0
6,Min Sum,Optimal,0.5499999999999999,478.3527929016571,28,0,1.0
6,Min Sum,Optimal,0.44999999999999996,1440.910718022736,73,0,1.0
6,Min Sum,Optimal,0.49999999999999994,1675.3233143071845,83,0,1.0
6,Min Sum,Optimal,0.7000000000000001,1289.535513043454,64,0,1.0
6,Min Sum,Optimal,0.39999999999999997,961.3293976127906,50,0,1.0
6,Min Sum,Optimal,0.5499999999999999,1225.1675573117172,62,0,1.0
6,Min Sum,Optimal,0.49999999999999994,752.6783405442109,39,0,1.0
6,Min Sum,Optimal,0.25,1147.5943867951664,58,0,1.0
6,Min Sum,Optimal,0.44999999999999996,1323.9511503918663,68,0,1.0
6,Min Sum,Optimal,0.0,181.15643807867465,11,0,1.0
6,Min Sum,Optimal,0.6,1559.0554466827687,79,0,1.0
6,Min Sum,Optimal,0.49999999999999994,1555.3804017222246,80,0,1.0
6,Min Sum,Optimal,0.44999999999999996,1333.5275788230228,69,0,1.0
6,Min Sum,Optimal,0.49999999999999994,1839.3554935356983,91,0,1.0
6,Min Sum,Optimal,0.15000000000000002,2074.32363910296,103,0,1.0
6,Min Sum,Optimal,0.35,1408.7485525010418,72,0,1.0
6,Min Sum,Optimal,0.8000000000000002,982.0261219404299,54,0,1.0
6,Min Sum,Optimal,0.44999999999999996,671.6097752001344,37,0,1.0
6,Min Sum,Optimal,0.5499999999999999,746.7376043704076,41,0,1.0
6,Min Sum,Optimal,0.44999999999999996,610.7831513739418,34,0,1.0
6,Min Sum,Optimal,0.25,979.6416751360132,53,0,1.0
6,Min Sum,Optimal,0.7500000000000001,935.5148329717899,53,0,1.0
6,Min Sum,Optimal,0.7000000000000001,1048.0831953275613,54,0,1.0
6,Min Sum,Optimal,0.15000000000000002,937.793412480445,48,0,1.0
6,Min Sum,Optimal,0.65,1238.2458204558375,63,0,1.0
6,Min Sum,Optimal,0.0,1368.0707241236146,68,0,1.0
6,Min Sum,Optimal,0.44999999999999996,777.5415653694948,40,0,1.0
6,Min Sum,Optimal,0.35,1152.9040574650198,59,0,1.0
6,Min Sum,Optimal,0.3,394.2595425812457,23,0,1.0
6,Min Sum,Optimal,0.39999999999999997,892.820919155549,47,0,1.0
6,Min Sum,Optimal,0.65,1239.791061369858,63,0,1.0
6,Min Sum,Optimal,0.39999999999999997,1397.7720558842525,73,0,1.0
6,Min Sum,Optimal,0.3,785.3462427867944,41,0,1.0
6,Min Sum,Optimal,0.5499999999999999,524.8051583524733,33,0,1.0
6,Min Sum,Optimal,0.65,1630.4576912345935,82,0,1.0
6,Min Sum,Optimal,0.0,1399.2310349881022,70,0,1.0
6,Min Sum,Optimal,0.6,1286.868269911166,65,0,1.0
6,Min Sum,Optimal,0.7500000000000001,1060.1402746287956,60,0,1.0
6,Min Sum,Optimal,0.7000000000000001,1057.3654338158542,55,0,1.0
6,Min Sum,Optimal,0.15000000000000002,698.9391328514661,36,0,1.0
6,Min Sum,Optimal,0.49999999999999994,1016.4398503282829,53,0,1.0
6,Min Sum,Optimal,0.6,1242.4055764478176,63,0,1.0
6,Min Sum,Optimal,0.0,1109.3042843037629,56,0,1.0
6,Min Sum,Optimal,0.35,1259.9176706860492,64,0,1.0
6,Min Sum,Optimal,0.3,1693.3536096422536,84,0,1.0
6,Min Sum,Optimal,0.44999999999999996,991.1249020712904,51,0,1.0
6,Min Sum,Optimal,0.0,442.98354930101704,24,0,1.0
6,Min Sum,Optimal,0.49999999999999994,1162.303181938241,63,0,1.0
6,Min Sum,Optimal,0.39999999999999997,1190.1018624815722,60,0,1.0
6,Min Sum,Optimal,0.39999999999999997,677.0477603929695,35,0,1.0
6,Min Sum,Optimal,0.05,531.4454885831966,28,0,1.0
6,Min Sum,Optimal,0.44999999999999996,1275.9073894768542,65,0,1.0
6,Min Sum,Optimal,0.25,1405.858628862484,70,0,1.0
6,Min Sum,Optimal,0.25,845.2409466111291,43,0,1.0
6,Min Sum,Optimal,0.5499999999999999,1402.2719928455379,72,0,1.0
6,Min Sum,Optimal,0.35,802.2597116441917,41,0,1.0
6,Min Sum,Optimal,0.49999999999999994,567.0914649035371,34,0,1.0
6,Min Sum,Optimal,0.25,888.8745258980002,46,0,1.0
6,Min Sum,Optimal,0.44999999999999996,896.1020917204257,47,0,1.0
6,Min Sum,Optimal,0.15000000000000002,1103.4566083563095,56,0,1.0
6,Min Sum,Optimal,0.44999999999999996,567.7590324500721,31,0,1.0
6,Min Sum,Optimal,0.8000000000000002,1635.1977206235938,87,0,1.0
6,Min Sum,Optimal,0.49999999999999994,1508.0503941147165,80,0,1.0
6,Min Sum,Optimal,0.0,1309.3649801530873,65,0,1.0
6,Min Sum,Optimal,0.7000000000000001,1866.482975061629,99,0,1.0
6,Min Sum,Optimal,0.1,1921.8648698217278,95,0,1.0
6,Min Sum,Optimal,0.8000000000000002,1570.0665630807493,86,0,1.0
6,Min Sum,Optimal,0.44999999999999996,1123.7696899410557,59,0,1.0
6,Min Sum,Optimal,0.25,1512.148417693773,75,0,1.0
6,Min Sum,Optimal,0.1,389.91090542397524,22,0,1.0
6,Min Sum,Optimal,0.44999999999999996,1020.5085034389688,54,0,1.0
6,Min Sum,Optimal,0.39999999999999997,605.3025106973905,34,0,1.0
6,Min Sum,Optimal,0.65,924.3625673045781,49,0,1.0
6,Min Sum,Optimal,0.44999999999999996,1095.91092670769,61,0,1.0
6,Min Sum,Optimal,0.3,1043.6567287804178,53,0,1.0
6,Min Sum,Optimal,0.49999999999999994,845.9312523878322,44,0,1.0
6,Min Sum,Optimal,0.6,1623.312619674907,84,0,1.0
6,Min Sum,Optimal,0.5499999999999999,1735.7688384731252,92,0,1.0
6,Min Sum,Optimal,0.25,1158.7681673942507,61,0,1.0
6,Min Sum,Optimal,0.44999999999999996,812.6726759876929,44,0,1.0
6,Min Sum,Optimal,0.35,635.231106840346,35,0,1.0
6,Min Sum,Optimal,0.44999999999999996,943.6436046854915,48,0,1.0
