8,Bottleneck,Optimal,0.6,1581.2831604121982,82,0,1.0
8,Bottleneck,Optimal,0.6,1040.4437190344215,56,0,1.0
8,Bottleneck,Optimal,0.49999999999999994,1266.0198811105608,66,0,1.0
8,Bottleneck,Optimal,0.44999999999999996,1225.3895767418003,64,0,1.0
8,Bottleneck,Optimal,0.3,1376.476313479114,71,0,1.0
8,Bottleneck,Optimal,0.8000000000000002,1128.865838679314,57,0,1.0
8,Bottleneck,Optimal,0.8000000000000002,1501.4826247927306,75,0,1.0
8,Bottleneck,Optimal,0.65,1095.062863400227,55,0,1.0
8,Bottleneck,Optimal,0.0,1359.2549956168282,68,0,1.0
8,Bottleneck,Optimal,0.6,1354.0064847312397,71,0,1.0
8,Bottleneck,Optimal,0.0,1121.8830862224545,56,0,1.0
8,Bottleneck,Optimal,0.9000000000000002,1553.5090806458843,85,0,1.0
8,Bottleneck,Optimal,0.2,472.78466053224884,27,0,1.0
8,Bottleneck,Optimal,0.35,820.1127459953533,44,0,1.0
8,Bottleneck,Optimal,0.15000000000000002,1036.8708769534805,54,0,1.0
8,Bottleneck,Optimal,0.6,736.5580266139248,40,0,1.0
8,Bottleneck,Optimal,0.8000000000000002,1485.347131111615,81,0,1.0
8,Bottleneck,Optimal,0.65,988.4892661861334,53,0,1.0
8,Bottleneck,Optimal,0.5499999999999999,1150.9203623397855,61,0,1.0
8,Bottleneck,Optimal,0.7000000000000001,1082.7813826989554,58,0,1.0
8,Bottleneck,Optimal,0.7500000000000001,1109.4905227518075,60,0,1.0
8,Bottleneck,Optimal,0.6,1053.6360485479167,56,0,1.0
8,Bottleneck,Optimal,0.44999999999999996,1139.1411243716057,64,0,1.0
8,Bottleneck,Optimal,0.49999999999999994,1271.3262248472154,67,0,1.0
8,Bottleneck,Optimal,0.9500000000000003,1610.782132079617,85,0,1.0
8,Bottleneck,Optimal,0.65,1437.5984090726713,76,0,1.0
8,Bottleneck,Optimal,0.5499999999999999,872.7103872838659,45,0,1.0
8,Bottleneck,Optimal,0.7000000000000001,803.7033222797895,50,0,1.0
8,Bottleneck,Optimal,0.49999999999999994,1432.4124617791804,74,0,1.0
8,Bottleneck,Optimal,0.7000000000000001,928.450697826899,48,0,1.0
8,Bottleneck,Optimal,0.6,951.9600269026753,49,0,1.0
8,Bottleneck,Optimal,0.49999999999999994,615.4944501907901,35,0,1.0
8,Bottleneck,Optimal,0.1,1518.6270035718744,76,0,1.0
8,Bottleneck,Optimal,0.35,690.2816511896477,37,0,1.0
8,Bottleneck,Optimal,0.8000000000000002,1488.1974020097673,78,0,1.0
8,Bottleneck,Optimal,0.8000000000000002,1639.9921999053324,83,0,1.0
8,Bottleneck,Optimal,0.7000000000000001,1654.1252830701897,87,0,1.0
8,Bottleneck,Optimal,0.35,1070.3939093635538,57,0,1.0
8,Bottleneck,Optimal,0.65,1430.0821758638006,74,0,1.0
8,Bottleneck,Optimal,0.7000000000000001,752.6956137404081,42,0,1.0
8,Bottleneck,Optimal,0.7000000000000001,960.1064518266252,52,0,1.0
8,Bottleneck,Optimal,0.6,1336.0962457658518,70,0,1.0
8,Bottleneck,Optimal,0.44999999999999996,1419.023655463127,77,0,1.0
8,Bottleneck,Optimal,0.1,516.7003642560168,28,0,1.0
8,Bottleneck,Optimal,0.65,777.0830674221008,43,0,1.0
8,Bottleneck,Optimal,0.44999999999999996,1443.0197766932076,74,0,1.0
8,Bottleneck,Optimal,0.35,1049.1810130523281,55,0,1.0
8,Bottleneck,Optimal,0.3,1086.564745037922,58,0,1.0
8,Bottleneck,Optimal,0.7000000000000001,1253.6367655499268,63,0,1.0
8,Bottleneck,Optimal,0.15000000000000002,305.1496632746261,21,0,1.0
8,Bottleneck,Optimal,0.7000000000000001,1132.7023542678655,62,0,1.0
8,Bottleneck,Optimal,0.7000000000000001,1387.4227023183619,74,0,1.0
8,Bottleneck,Optimal,0.5499999999999999,776.9446786339543,40,0,1.0
8,Bottleneck,Optimal,0.3,1807.4946054519917,94,0,1.0
8,Bottleneck,Optimal,0.5499999999999999,1261.3246108546764,64,0,1.0
8,Bottleneck,Optimal,0.44999999999999996,659.7928370310021,34,0,1.0
8,Bottleneck,Optimal,0.8500000000000002,1708.3951406131082,89,0,1.0
8,Bottleneck,Optimal,0.0,1817.2168350566092,90,0,1.0
8,Bottleneck,Optimal,0.39999999999999997,476.74276839069336,26,0,1.0
8,Bottleneck,Optimal,0.7000000000000001,1684.0120094942636,86,0,1.0
8,Bottleneck,Optimal,0.44999999999999996,1006.0852415417614,52,0,1.0
8,Bottleneck,Optimal,0.8000000000000002,1336.0906175369923,69,0,1.0
8,Bottleneck,Optimal,0.3,1412.731145248962,75,0,1.0
8,Bottleneck,Optimal,0.7000000000000001,1816.3833814325412,92,0,1.0
8,Bottleneck,Optimal,0.49999999999999994,938.9457963206676,51,0,1.0
8,Bottleneck,Optimal,0.35,622.5446912641069,34,0,1.0
8,Bottleneck,Optimal,0.5499999999999999,916.6750787361075,47,0,1.0
8,Bottleneck,Optimal,0.15000000000000002,1583.7225454924453,81,0,1.0
8,Bottleneck,Optimal,0.3,1424.3350617844342,73,0,1.0
8,Bottleneck,Optimal,0.5499999999999999,708.8679931782506,38,0,1.0
8,Bottleneck,Optimal,0.7000000000000001,1410.4394987122766,72,0,1.0
8,Bottleneck,Optimal,0.7500000000000001,1535.2721829059835,79,0,1.0
8,Bottleneck,Optimal,0.39999999999999997,1733.2145465962235,87,0,1.0
8,Bottleneck,Optimal,0.49999999999999994,775.9002855503139,41,0,1.0
8,Bottleneck,Optimal,0.5499999999999999,602.9351827556935,34,0,1.0
8,Bottleneck,Optimal,0.8000000000000002,1363.7858889251895,73,0,1.0
8,Bottleneck,Optimal,0.6,1078.5533136413924,64,0,1.0
8,Bottleneck,Optimal,0.7000000000000001,1489.032112947782,76,0,1.0
8,Bottleneck,Optimal,0.7500000000000001,991.4693634347989,52,0,1.0
8,Bottleneck,Optimal,0.8000000000000002,1642.9498418486794,86,0,1.0
8,Bottleneck,Optimal,0.65,1557.6069146130037,80,0,1.0
8,Bottleneck,Optimal,0.5499999999999999,639.5261927962105,33,0,1.0
8,Bottleneck,Optimal,0.6,1363.6675556410837,70,0,1.0
8,Bottleneck,Optimal,0.65,1073.991773228313,57,0,1.0
8,Bottleneck,Optimal,0.8000000000000002,1316.1276746799895,73,0,1.0
8,Bottleneck,Optimal,0.44999999999999996,695.6836343021325,37,0,1.0
8,Bottleneck,Optimal,0.5499999999999999,2040.7248769819078,102,0,1.0
8,Bottleneck,Optimal,0.5499999999999999,642.7820713915428,35,0,1.0
8,Bottleneck,Optimal,0.6,1399.0957681212165,71,0,1.0
8,Bottleneck,Optimal,0.6,1195.467535353609,64,0,1.0
8,Bottleneck,Optimal,0.44999999999999996,1682.8390105289443,84,0,1.0
8,Bottleneck,Optimal,0.6,680.2943802844882,39,0,1.0
8,Bottleneck,Optimal,0.44999999999999996,1375.5932002279903,69,0,1.0
8,Bottleneck,Optimal,0.7000000000000001,1477.8083150277291,76,0,1.0
8,Bottleneck,Optimal,0.7500000000000001,1411.824741311621,74,0,1.0
8,Bottleneck,Optimal,0.44999999999999996,1314.9193747591028,72,0,1.0
8,Bottleneck,Optimal,0.65,1655.6023640549915,86,0,1.0
8,Bottleneck,Optimal,0.7000000000000001,926.3486448766362,49,0,1.0
8,Bottleneck,Optimal,0.5499999999999999,1231.9087396678824,69,0,1.0
8,Bottleneck,Optimal,0.44999999999999996,399.6624526781907,26,0,1.0
8,Bottleneck,Optimal,0.39999999999999997,1022.9871507958089,53,0,1.0
8,Bottleneck,Optimal,0.44999999999999996,1133.1832354588123,61,0,1.0
8,Bottleneck,Optimal,0.5499999999999999,666.3022566034115,35,0,1.0
8,Bottleneck,Optimal,0.49999999999999994,1155.1167601824416,60,0,1.0
8,Bottleneck,Optimal,0.7500000000000001,1218.8888272502068,64,0,1.0
8,Bottleneck,Optimal,0.39999999999999997,1112.6841962739568,60,0,1.0
8,Bottleneck,Optimal,0.6,1288.720764344953,65,0,1.0
8,Bottleneck,Optimal,0.44999999999999996,864.9033468328648,46,0,1.0
8,Bottleneck,Optimal,0.7000000000000001,864.0126161359717,47,0,1.0
8,Bottleneck,Optimal,0.05,1246.273653900165,63,0,1.0
8,Bottleneck,Optimal,0.6,846.4683699298085,47,0,1.0
8,Bottleneck,Optimal,0.65,1114.5911277393648,62,0,1.0
8,Bottleneck,Optimal,0.15000000000000002,1066.2508600302715,56,0,1.0
8,Bottleneck,Optimal,0.6,1051.0077417835498,59,0,1.0
8,Bottleneck,Optimal,0.8000000000000002,1408.4890523801864,72,0,1.0
8,Bottleneck,Optimal,0.35,1705.616121142624,89,0,1.0
8,Bottleneck,Optimal,0.65,1007.631761516668,57,0,1.0
8,Bottleneck,Optimal,0.44999999999999996,991.9402985555699,56,0,1.0
8,Bottleneck,Optimal,0.6,1663.9411052574742,88,0,1.0
8,Bottleneck,Optimal,0.5499999999999999,621.4192435586567,37,0,1.0
8,Bottleneck,Optimal,0.7500000000000001,1224.0324522224564,61,0,1.0
8,Bottleneck,Optimal,0.5499999999999999,1196.7178567378212,62,0,1.0
8,Bottleneck,Optimal,0.44999999999999996,1351.2610483363947,73,0,1.0
8,Bottleneck,Optimal,0.65,1448.914681855094,75,0,1.0
8,Bottleneck,Optimal,0.7000000000000001,780.2156427192954,42,0,1.0
8,Bottleneck,Optimal,0.39999999999999997,697.8445689658604,36,0,1.0
8,Bottleneck,Optimal,0.5499999999999999,1076.70173545407,56,0,1.0
8,Bottleneck,Optimal,0.7500000000000001,1216.3203161942092,68,0,1.0
8,Bottleneck,Optimal,0.6,960.4412550386215,55,0,1.0
8,Bottleneck,Optimal,0.39999999999999997,1382.6815532974392,71,0,1.0
8,Bottleneck,Optimal,0.65,1342.0395769835782,68,0,1.0
8,Bottleneck,Optimal,0.5499999999999999,668.8730494724853,37,0,1.0
8,Bottleneck,Optimal,0.8500000000000002,958.484777205134,51,0,1.0
8,Bottleneck,Optimal,0.39999999999999997,1463.8642708335533,74,0,1.0
8,Bottleneck,Optimal,0.7500000000000001,1114.7767205032828,66,0,1.0
8,Bottleneck,Optimal,0.65,1295.9318330565957,67,0,1.0
8,Bottleneck,Optimal,0.7500000000000001,1084.3436947227783,57,0,1.0
8,Bottleneck,Optimal,0.7500000000000001,1388.3658405196372,76,0,1.0
8,Bottleneck,Optimal,0.0,877.4498809911261,45,0,1.0
8,Bottleneck,Optimal,0.1,1065.1062898058806,55,0,1.0
8,Bottleneck,Optimal,0.7000000000000001,963.6931234697797,57,0,1.0
8,Bottleneck,Optimal,0.7500000000000001,1144.450304994145,60,0,1.0
8,Bottleneck,Optimal,0.5499999999999999,558.4519433876121,37,0,1.0
8,Bottleneck,Optimal,0.44999999999999996,676.6229829973945,39,0,1.0
8,Bottleneck,Optimal,0.8000000000000002,1126.6300658947807,60,0,1.0
8,Bottleneck,Optimal,0.7000000000000001,1234.5401597614796,66,0,1.0
8,Bottleneck,Optimal,0.7500000000000001,1237.9248394462,65,0,1.0
8,Bottleneck,Optimal,0.8500000000000002,1170.0623477909824,64,0,1.0
8,Bottleneck,Optimal,0.7000000000000001,1189.881308344048,64,0,1.0
8,Bottleneck,Optimal,0.44999999999999996,613.715906433861,35,0,1.0
8,Bottleneck,Optimal,0.8000000000000002,1228.4244515840048,67,0,1.0
8,Bottleneck,Optimal,0.6,1220.5709390788925,65,0,1.0
8,Bottleneck,Optimal,0.8000000000000002,1232.8159444021926,66,0,1.0
8,Bottleneck,Optimal,0.8000000000000002,1358.9903134085955,69,0,1.0
8,Bottleneck,Optimal,0.6,868.9459938689254,47,0,1.0
8,Bottleneck,Optimal,0.7500000000000001,780.0359945325935,50,0,1.0
8,Bottleneck,Optimal,0.7000000000000001,1323.1697343042708,72,0,1.0
8,Bottleneck,Optimal,0.49999999999999994,878.0825730643284,45,0,1.0
8,Bottleneck,Optimal,0.5499999999999999,1059.3299676821446,57,0,1.0
8,Bottleneck,Optimal,0.49999999999999994,1031.4680914596931,53,0,1.0
8,Bottleneck,Optimal,0.65,1240.096746435161,63,0,1.0
8,Bottleneck,Optimal,0.39999999999999997,1094.6079484618635,57,0,1.0
8,Bottleneck,Optimal,0.8000000000000002,2014.6279210713792,100,0,1.0
8,Bottleneck,Optimal,0.65,1008.3776775449035,52,0,1.0
8,Bottleneck,Optimal,0.8500000000000002,1308.1146550243607,65,0,1.0
8,Bottleneck,Optimal,0.44999999999999996,1456.2098569938496,76,0,1.0
8,Bottleneck,Optimal,0.6,814.8080679649986,47,0,1.0
8,Bottleneck,Optimal,0.3,1217.635671492334,63,0,1.0
8,Bottleneck,Optimal,0.7500000000000001,1194.0813291514041,62,0,1.0
8,Bottleneck,Optimal,0.7000000000000001,1400.7493147149187,75,0,1.0
8,Bottleneck,Optimal,0.65,1283.159531406454,69,0,1.0
8,Bottleneck,Optimal,0.8000000000000002,901.9058568974224,51,0,1.0
8,Bottleneck,Optimal,0.44999999999999996,561.7040850696226,32,0,1.0
8,Bottleneck,Optimal,0.7500000000000001,1280.261836448956,65,0,1.0
8,Bottleneck,Optimal,0.25,1129.141275547861,59,0,1.0
8,Bottleneck,Optimal,0.35,1069.965495607296,56,0,1.0
8,Bottleneck,Optimal,0.44999999999999996,1373.1884129880752,72,0,1.0
8,Bottleneck,Optimal,0.8000000000000002,1505.4253055341933,80,0,1.0
8,Bottleneck,Optimal,0.65,671.2382447458613,39,0,1.0
8,Bottleneck,Optimal,0.49999999999999994,851.9518004281692,48,0,1.0
8,Bottleneck,Optimal,0.44999999999999996,1563.4573452251577,84,0,1.0
8,Bottleneck,Optimal,0.49999999999999994,1327.563634547033,70,0,1.0
8,Bottleneck,Optimal,0.25,1434.1338240148107,72,0,1.0
8,Bottleneck,Optimal,0.3,841.0412481057612,47,0,1.0
8,Bottleneck,Optimal,0.5499999999999999,1291.4749967657535,74,0,1.0
8,Bottleneck,Optimal,0.39999999999999997,806.5041942129535,44,0,1.0
8,Bottleneck,Optimal,0.8000000000000002,1201.4659834669778,65,0,1.0
8,Bottleneck,Optimal,0.5499999999999999,1104.4626468580864,57,0,1.0
8,Bottleneck,Optimal,0.7000000000000001,1064.9725837490616,60,0,1.0
8,Bottleneck,Optimal,0.49999999999999994,513.755416098348,30,0,1.0
8,Bottleneck,Optimal,0.05,453.59824286392876,25,0,1.0
8,Bottleneck,Optimal,0.8500000000000002,1202.0907876085107,61,0,1.0
8,Bottleneck,Optimal,0.7500000000000001,1206.482097824983,67,0,1.0
8,Bottleneck,Optimal,0.44999999999999996,1280.9023408612777,67,0,1.0
8,Bottleneck,Optimal,0.39999999999999997,1475.1441778200685,80,0,1.0
8,Bottleneck,Optimal,0.8500000000000002,918.2262079884167,51,0,1.0
8,Bottleneck,Optimal,0.39999999999999997,804.0750762943994,43,0,1.0
8,Bottleneck,Optimal,0.7000000000000001,1271.6471954243384,70,0,1.0
8,Bottleneck,Optimal,0.65,1920.6782911251114,95,0,1.0
8,Bottleneck,Optimal,0.7500000000000001,857.9399188951415,45,0,1.0
8,Bottleneck,Optimal,0.8500000000000002,1480.0454634945427,78,0,1.0
8,Bottleneck,Optimal,0.8000000000000002,1222.1889018008367,61,0,1.0
8,Bottleneck,Optimal,0.44999999999999996,1000.5514024591332,51,0,1.0
8,Bottleneck,Optimal,0.65,1381.0183941369542,72,0,1.0
8,Bottleneck,Optimal,0.44999999999999996,1374.6110987512902,76,0,1.0
8,Bottleneck,Optimal,0.65,871.2842148437794,45,0,1.0
8,Bottleneck,Optimal,0.44999999999999996,883.6791260181939,47,0,1.0
8,Bottleneck,Optimal,0.65,888.9816807672695,46,0,1.0
8,Bottleneck,Optimal,0.0,1635.4919383865931,81,0,1.0
8,Bottleneck,Optimal,0.44999999999999996,1180.3427073667237,60,0,1.0
8,Bottleneck,Optimal,0.49999999999999994,574.6224197982492,31,0,1.0
8,Bottleneck,Optimal,0.8000000000000002,1320.010769592265,66,0,1.0
8,Bottleneck,Optimal,0.7000000000000001,1244.5898979388728,64,0,1.0
8,Bottleneck,Optimal,0.44999999999999996,1395.4325548426768,70,0,1.0
8,Bottleneck,Optimal,0.3,719.0391787441449,40,0,1.0
8,Bottleneck,Optimal,0.6,993.9508971432886,53,0,1.0
8,Bottleneck,Optimal,0.8000000000000002,1243.7256299985856,63,0,1.0
8,Bottleneck,Optimal,0.7000000000000001,771.8986121108296,51,0,1.0
8,Bottleneck,Optimal,0.7000000000000001,1261.4756693059062,69,0,1.0
8,Bottleneck,Optimal,0.25,583.7197130563853,32,0,1.0
8,Bottleneck,Optimal,0.65,1468.7053954192136,73,0,1.0
8,Bottleneck,Optimal,0.5499999999999999,1087.7601180271013,62,0,1.0
8,Bottleneck,Optimal,0.65,873.3352363619065,48,0,1.0
8,Bottleneck,Optimal,0.7000000000000001,1115.2435974797654,62,0,1.0
8,Bottleneck,Optimal,0.49999999999999994,882.027273213935,47,0,1.0
8,Bottleneck,Optimal,0.7000000000000001,1322.9832809096044,66,0,1.0
8,Bottleneck,Optimal,0.7000000000000001,1064.5470881964393,55,0,1.0
8,Bottleneck,Optimal,0.49999999999999994,1553.922277583216,84,0,1.0
8,Bottleneck,Optimal,0.7000000000000001,675.3626350647555,42,0,1.0
8,Bottleneck,Optimal,0.7500000000000001,872.3279551477355,54,0,1.0
8,Bottleneck,Optimal,0.7000000000000001,1069.4384476271057,57,0,1.0
8,Bottleneck,Optimal,0.7000000000000001,1591.7870515062552,79,0,1.0
8,Bottleneck,Optimal,0.44999999999999996,859.2549725231546,46,0,1.0
8,Bottleneck,Optimal,0.7000000000000001,917.3629580070735,48,0,1.0
8,Bottleneck,Optimal,0.6,1181.8179871171187,62,0,1.0
8,Bottleneck,Optimal,0.7000000000000001,1388.5223310601314,73,0,1.0
8,Bottleneck,Optimal,0.8500000000000002,1148.5758133212746,66,0,1.0
8,Bottleneck,Optimal,0.65,1332.3577027440906,73,0,1.0
8,Bottleneck,Optimal,0.5499999999999999,625.7041093094545,35,0,1.0
8,Bottleneck,Optimal,0.44999999999999996,846.7775433044817,45,0,1.0
8,Bottleneck,Optimal,0.8500000000000002,1075.7886000212463,64,0,1.0
8,Bottleneck,Optimal,0.65,1723.3246045801109,93,0,1.0
8,Bottleneck,Optimal,0.39999999999999997,1063.6375905751363,57,0,1.0
8,Bottleneck,Optimal,0.49999999999999994,488.70248756477656,30,0,1.0
8,Bottleneck,Optimal,0.8000000000000002,1827.4384548011574,97,0,1.0
8,Bottleneck,Optimal,0.35,782.9984979975752,41,0,1.0
8,Bottleneck,Optimal,0.7500000000000001,1694.6375933253894,86,0,1.0
8,Bottleneck,Optimal,0.8500000000000002,1494.7793713104943,83,0,1.0
8,Bottleneck,Optimal,0.8000000000000002,1007.8175319070036,60,0,1.0
8,Bottleneck,Optimal,0.65,799.6390797945432,46,0,1.0
8,Bottleneck,Optimal,0.8500000000000002,1507.2321713929566,82,0,1.0
8,Bottleneck,Optimal,0.8500000000000002,1965.8968506929982,99,0,1.0
8,Bottleneck,Optimal,0.44999999999999996,1729.4811357844617,87,0,1.0
8,Bottleneck,Optimal,0.44999999999999996,1935.4495925746444,97,0,1.0
8,Bottleneck,Optimal,0.5499999999999999,1056.527992076887,59,0,1.0
8,Bottleneck,Optimal,0.65,1749.9136568345366,89,0,1.0
8,Bottleneck,Optimal,0.65,1829.1054563168,96,0,1.0
8,Bottleneck,Optimal,0.15000000000000002,553.8938322545014,30,0,1.0
8,Bottleneck,Optimal,0.7000000000000001,989.517012603588,51,0,1.0
8,Bottleneck,Optimal,0.9000000000000002,1960.6192472979449,97,0,1.0
8,Bottleneck,Optimal,0.0,2123.994664054642,104,0,1.0
8,Bottleneck,Optimal,0.7500000000000001,1389.669547156842,76,0,1.0
8,Bottleneck,Optimal,0.8000000000000002,1235.657883502291,67,0,1.0
8,Bottleneck,Optimal,0.65,994.906934710529,57,0,1.0
8,Bottleneck,Optimal,0.7000000000000001,1684.4165946246294,86,0,1.0
8,Bottleneck,Optimal,0.49999999999999994,1163.8384194495627,60,0,1.0
8,Bottleneck,Optimal,0.8500000000000002,1157.2602367856598,66,0,1.0
8,Bottleneck,Optimal,0.44999999999999996,1900.3894967393792,101,0,1.0
8,Bottleneck,Optimal,0.65,1614.2044930714887,83,0,1.0
8,Bottleneck,Optimal,0.8000000000000002,1340.0375327463896,80,0,1.0
8,Bottleneck,Optimal,0.49999999999999994,1517.4464407536548,80,0,1.0
8,Bottleneck,Optimal,0.7000000000000001,2379.827423112209,119,0,1.0
8,Bottleneck,Optimal,0.7500000000000001,903.411928991105,46,0,1.0
8,Bottleneck,Optimal,0.7000000000000001,1944.4649150268403,98,0,1.0
8,Bottleneck,Optimal,0.5499999999999999,1162.7386591577063,60,0,1.0
8,Bottleneck,Optimal,0.5499999999999999,1552.9271467586577,82,0,1.0
8,Bottleneck,Optimal,0.7500000000000001,699.9579632945124,39,0,1.0
8,Bottleneck,Optimal,0.9000000000000002,1997.1055195215254,101,0,1.0
8,Bottleneck,Optimal,0.7000000000000001,1482.2094204732969,76,0,1.0
8,Bottleneck,Optimal,0.49999999999999994,1230.4235793281105,66,0,1.0
8,Bottleneck,Optimal,0.7500000000000001,969.2085995064143,54,0,1.0
8,Bottleneck,Optimal,0.5499999999999999,861.7444944676691,53,0,1.0
8,Bottleneck,Optimal,0.44999999999999996,612.7545027539938,36,0,1.0
8,Bottleneck,Optimal,0.7000000000000001,1680.4160327415814,92,0,1.0
8,Bottleneck,Optimal,0.7500000000000001,1458.3272662537456,76,0,1.0
8,Bottleneck,Optimal,0.3,1009.5939862601467,53,0,1.0
8,Bottleneck,Optimal,0.7500000000000001,1106.4542002300861,60,0,1.0
8,Bottleneck,Optimal,0.39999999999999997,1058.0406328210795,57,0,1.0
8,Bottleneck,Optimal,0.35,1096.5711014731744,59,0,1.0
8,Bottleneck,Optimal,0.44999999999999996,847.2414435078565,50,0,1.0
8,Bottleneck,Optimal,0.7500000000000001,1040.7353382303952,57,0,1.0
8,Bottleneck,Optimal,0.8500000000000002,1032.9275736902705,63,0,1.0
8,Bottleneck,Optimal,0.2,560.918806149296,31,0,1.0
8,Bottleneck,Optimal,0.35,1087.9913396406891,57,0,1.0
8,Bottleneck,Optimal,0.6,849.599657280077,49,0,1.0
8,Bottleneck,Optimal,0.49999999999999994,1036.7782514187686,54,0,1.0
8,Bottleneck,Optimal,0.7000000000000001,1110.3366252959368,59,0,1.0
8,Bottleneck,Optimal,0.7000000000000001,1597.808927837806,86,0,1.0
8,Bottleneck,Optimal,0.8000000000000002,1024.13703750648,56,0,1.0
8,Bottleneck,Optimal,0.35,839.3346513815044,47,0,1.0
8,Bottleneck,Optimal,0.35,1253.2556910411038,66,0,1.0
8,Bottleneck,Optimal,0.44999999999999996,668.9000046098593,36,0,1.0
8,Bottleneck,Optimal,0.44999999999999996,1170.325713064332,59,0,1.0
8,Bottleneck,Optimal,0.7000000000000001,1180.3209547346614,63,0,1.0
8,Bottleneck,Optimal,0.39999999999999997,1301.4051635073365,69,0,1.0
8,Bottleneck,Optimal,0.7500000000000001,1003.4363452197787,61,0,1.0
8,Bottleneck,Optimal,0.39999999999999997,598.5408773625215,35,0,1.0
8,Bottleneck,Optimal,0.49999999999999994,780.1876090003404,45,0,1.0
8,Bottleneck,Optimal,0.15000000000000002,634.6205562173604,34,0,1.0
8,Bottleneck,Optimal,0.6,1037.5987594526632,53,0,1.0
8,Bottleneck,Optimal,0.49999999999999994,855.1109042502432,49,0,1.0
8,Bottleneck,Optimal,0.3,1257.4617111338866,63,0,1.0
8,Bottleneck,Optimal,0.7500000000000001,1107.1663915076117,64,0,1.0
8,Bottleneck,Optimal,0.6,889.6031116755512,51,0,1.0
8,Bottleneck,Optimal,0.8500000000000002,1145.4480438779751,63,0,1.0
8,Bottleneck,Optimal,0.39999999999999997,1433.1952199396674,72,0,1.0
8,Bottleneck,Optimal,0.35,939.7739855512649,51,0,1.0
8,Bottleneck,Optimal,0.3,1065.424750966411,55,0,1.0
8,Bottleneck,Optimal,0.44999999999999996,542.9724928898689,30,0,1.0
8,Bottleneck,Optimal,0.7000000000000001,1194.6890270080573,62,0,1.0
8,Bottleneck,Optimal,0.15000000000000002,797.3029928146747,43,0,1.0
8,Bottleneck,Optimal,0.7500000000000001,1203.5233791349476,68,0,1.0
8,Bottleneck,Optimal,0.5499999999999999,750.5832434327709,44,0,1.0
8,Bottleneck,Optimal,0.6,1020.6619128467886,52,0,1.0
8,Bottleneck,Optimal,0.44999999999999996,740.225304490606,43,0,1.0
8,Bottleneck,Optimal,0.15000000000000002,395.00482470687973,23,0,1.0
8,Bottleneck,Optimal,0.39999999999999997,964.4838080892067,51,0,1.0
8,Bottleneck,Optimal,0.35,1060.330729143355,56,0,1.0
8,Bottleneck,Optimal,0.5499999999999999,899.1259338975227,51,0,1.0
8,Bottleneck,Optimal,0.8000000000000002,1745.2286171125443,86,0,1.0
8,Bottleneck,Optimal,0.05,1795.692170553361,90,0,1.0
8,Bottleneck,Optimal,0.49999999999999994,742.7723716311539,41,0,1.0
8,Bottleneck,Optimal,0.65,1444.3146862734452,83,0,1.0
8,Bottleneck,Optimal,0.39999999999999997,1025.1235112825295,52,0,1.0
8,Bottleneck,Optimal,0.8500000000000002,1158.7714895176894,65,0,1.0
8,Bottleneck,Optimal,0.49999999999999994,1176.9925575173836,69,0,1.0
8,Bottleneck,Optimal,0.39999999999999997,1412.3921543326146,74,0,1.0
8,Bottleneck,Optimal,0.7500000000000001,962.2764310462944,55,0,1.0
8,Bottleneck,Optimal,0.65,931.2154005147969,54,0,1.0
8,Bottleneck,Optimal,0.49999999999999994,1017.824820130651,56,0,1.0
8,Bottleneck,Optimal,0.49999999999999994,1554.2084055135772,85,0,1.0
8,Bottleneck,Optimal,0.8000000000000002,1583.7343330760982,82,0,1.0
8,Bottleneck,Optimal,0.8000000000000002,856.6879585049237,44,0,1.0
8,Bottleneck,Optimal,0.6,1466.2090329653333,73,0,1.0
8,Bottleneck,Optimal,0.65,1332.54339811829,78,0,1.0
8,Bottleneck,Optimal,0.8000000000000002,1789.690073485628,92,0,1.0
8,Bottleneck,Optimal,0.25,858.8739409750788,46,0,1.0
8,Bottleneck,Optimal,0.44999999999999996,733.7693408815389,46,0,1.0
8,Bottleneck,Optimal,0.7500000000000001,1427.0970324500365,71,0,1.0
8,Bottleneck,Optimal,0.44999999999999996,873.0083677454104,46,0,1.0
8,Bottleneck,Optimal,0.15000000000000002,1178.4139932233277,60,0,1.0
8,Bottleneck,Optimal,0.7000000000000001,958.9715253801085,49,0,1.0
8,Bottleneck,Optimal,0.7000000000000001,1541.6467787102079,77,0,1.0
8,Bottleneck,Optimal,0.7000000000000001,1668.4237884971758,83,0,1.0
8,Bottleneck,Optimal,0.7500000000000001,966.9697932318143,49,0,1.0
8,Bottleneck,Optimal,0.7500000000000001,1229.6482181047331,68,0,1.0
8,Bottleneck,Optimal,0.44999999999999996,1062.9548174050653,61,0,1.0
8,Bottleneck,Optimal,0.44999999999999996,1232.4012938669796,69,0,1.0
8,Bottleneck,Optimal,0.7000000000000001,1078.4830976433232,55,0,1.0
8,Bottleneck,Optimal,0.8500000000000002,1702.2001692856313,97,0,1.0
8,Bottleneck,Optimal,0.1,617.4870451089995,33,0,1.0
8,Bottleneck,Optimal,0.7000000000000001,999.4801844488882,62,0,1.0
8,Bottleneck,Optimal,0.65,1215.5777679800565,67,0,1.0
8,Bottleneck,Optimal,0.39999999999999997,1616.862356322466,84,0,1.0
8,Bottleneck,Optimal,0.25,622.5561934029853,37,0,1.0
8,Bottleneck,Optimal,0.8000000000000002,1047.0967485970336,66,0,1.0
8,Bottleneck,Optimal,0.7000000000000001,1255.0791184863485,70,0,1.0
8,Bottleneck,Optimal,0.25,1509.866325347907,75,0,1.0
8,Bottleneck,Optimal,0.7000000000000001,1233.976330151736,70,0,1.0
8,Bottleneck,Optimal,0.8500000000000002,1756.6320284380947,88,0,1.0
8,Bottleneck,Optimal,0.7000000000000001,694.6928761841332,43,0,1.0
8,Bottleneck,Optimal,0.8000000000000002,1235.594667174028,65,0,1.0
8,Bottleneck,Optimal,0.7000000000000001,1224.0500392981296,62,0,1.0
8,Bottleneck,Optimal,0.7000000000000001,1526.7927539109635,77,0,1.0
8,Bottleneck,Optimal,0.7000000000000001,1383.7409878019967,70,0,1.0
8,Bottleneck,Optimal,0.25,1731.9434272325857,86,0,1.0
8,Bottleneck,Optimal,0.7500000000000001,769.6997934532043,45,0,1.0
8,Bottleneck,Optimal,0.15000000000000002,943.5520664293031,48,0,1.0
8,Bottleneck,Optimal,0.6,1027.3691860161937,52,0,1.0
8,Bottleneck,Optimal,0.8000000000000002,1261.5077068127666,64,0,1.0
8,Bottleneck,Optimal,0.6,1833.6562944301104,94,0,1.0
8,Bottleneck,Optimal,0.7000000000000001,1121.7905442244994,58,0,1.0
8,Bottleneck,Optimal,0.7500000000000001,1271.5731367452381,65,0,1.0
8,Bottleneck,Optimal,0.6,924.1864983336761,47,0,1.0
8,Bottleneck,Optimal,0.8500000000000002,1162.666563787809,70,0,1.0
8,Bottleneck,Optimal,0.7000000000000001,1229.8040231249063,66,0,1.0
8,Bottleneck,Optimal,0.35,1092.5715882952218,55,0,1.0
8,Bottleneck,Optimal,0.7000000000000001,1036.4073494816175,55,0,1.0
8,Bottleneck,Optimal,0.7000000000000001,1709.2853384628638,86,0,1.0
8,Bottleneck,Optimal,0.49999999999999994,1805.7270938885645,92,0,1.0
8,Bottleneck,Optimal,0.49999999999999994,569.8806785185016,31,0,1.0
8,Bottleneck,Optimal,0.2,1090.742081165219,56,0,1.0
8,Bottleneck,Optimal,0.7000000000000001,1431.7641435134146,72,0,1.0
8,Bottleneck,Optimal,0.7500000000000001,1229.5740478084344,62,0,1.0
8,Bottleneck,Optimal,0.8000000000000002,796.2594130994412,41,0,1.0
8,Bottleneck,Optimal,0.7000000000000001,759.3963281800534,40,0,1.0
8,Bottleneck,Optimal,0.8500000000000002,1836.085390203593,91,0,1.0
8,Bottleneck,Optimal,0.8000000000000002,1291.2583892772593,65,0,1.0
8,Bottleneck,Optimal,0.7500000000000001,1588.5606240492386,79,0,1.0
8,Bottleneck,Optimal,0.15000000000000002,1518.3639608843694,76,0,1.0
8,Bottleneck,Optimal,0.9000000000000002,1914.0767220470843,95,0,1.0
8,Bottleneck,Optimal,0.5499999999999999,1041.6322331220429,53,0,1.0
8,Bottleneck,Optimal,0.49999999999999994,1303.8128890803528,69,0,1.0
8,Bottleneck,Optimal,0.65,881.8837855679672,46,0,1.0
8,Bottleneck,Optimal,0.5499999999999999,983.0870799215602,53,0,1.0
8,Bottleneck,Optimal,0.39999999999999997,1176.403939110982,59,0,1.0
8,Bottleneck,Optimal,0.7500000000000001,1799.393225219982,90,0,1.0
8,Bottleneck,Optimal,0.7000000000000001,1171.1801203473567,60,0,1.0
8,Bottleneck,Optimal,0.49999999999999994,715.0392897684599,37,0,1.0
8,Bottleneck,Optimal,0.6,1301.413688611585,66,0,1.0
8,Bottleneck,Optimal,0.39999999999999997,1168.278164500663,59,0,1.0
8,Bottleneck,Optimal,0.9000000000000002,1168.990656210559,59,0,1.0
8,Bottleneck,Optimal,0.7000000000000001,1445.2656068483286,74,0,1.0
8,Bottleneck,Optimal,0.8500000000000002,1202.068042226299,61,0,1.0
8,Bottleneck,Optimal,0.65,2002.6162288837154,100,0,1.0
8,Bottleneck,Optimal,0.44999999999999996,641.704259004577,34,0,1.0
8,Bottleneck,Optimal,0.8000000000000002,1697.9591374528652,85,0,1.0
8,Bottleneck,Optimal,0.15000000000000002,1520.555319340484,77,0,1.0
8,Bottleneck,Optimal,0.7000000000000001,1052.5254748377495,54,0,1.0
8,Bottleneck,Optimal,0.5499999999999999,759.411933511007,45,0,1.0
8,Bottleneck,Optimal,0.9000000000000002,1590.7458017159254,83,0,1.0
8,Bottleneck,Optimal,0.8500000000000002,1870.8120441786907,93,0,1.0
8,Bottleneck,Optimal,0.49999999999999994,1704.7035324221752,89,0,1.0
8,Bottleneck,Optimal,0.7500000000000001,1986.0841213564272,99,0,1.0
8,Bottleneck,Optimal,0.7000000000000001,1228.2494667124936,62,0,1.0
8,Bottleneck,Optimal,0.7000000000000001,1668.9361910152154,88,0,1.0
8,Bottleneck,Optimal,0.0,1671.9296353652423,83,0,1.0
8,Bottleneck,Optimal,0.65,737.0148592463049,49,0,1.0
8,Bottleneck,Optimal,0.49999999999999994,871.7316163170709,45,0,1.0
8,Bottleneck,Optimal,0.9000000000000002,1860.1589470128306,98,0,1.0
8,Bottleneck,Optimal,0.8000000000000002,2192.225341623361,109,0,1.0
8,Bottleneck,Optimal,0.8000000000000002,1430.3872068325543,77,0,1.0
8,Bottleneck,Optimal,0.8000000000000002,1292.0960490455725,68,0,1.0
8,Bottleneck,Optimal,0.7000000000000001,1083.4007524355097,55,0,1.0
8,Bottleneck,Optimal,0.65,1435.1607886130903,80,0,1.0
8,Bottleneck,Optimal,0.5499999999999999,1001.9712710026224,56,0,1.0
8,Bottleneck,Optimal,0.49999999999999994,1310.6001871833457,67,0,1.0
8,Bottleneck,Optimal,0.7000000000000001,2094.8482709852933,104,0,1.0
8,Bottleneck,Optimal,0.5499999999999999,1654.9217304465633,83,0,1.0
8,Bottleneck,Optimal,0.7000000000000001,1394.4155143088574,70,0,1.0
8,Bottleneck,Optimal,0.5499999999999999,1296.1562525741795,72,0,1.0
8,Bottleneck,Optimal,0.8500000000000002,2078.5562125037495,116,0,1.0
8,Bottleneck,Optimal,0.49999999999999994,890.9802431808904,46,0,1.0
8,Bottleneck,Optimal,0.7000000000000001,1789.9866051899617,94,0,1.0
8,Bottleneck,Optimal,0.15000000000000002,1012.7021321616237,53,0,1.0
8,Bottleneck,Optimal,0.7500000000000001,1638.4024422808986,87,0,1.0
8,Bottleneck,Optimal,0.49999999999999994,583.8648131599323,32,0,1.0
8,Bottleneck,Optimal,0.9000000000000002,1946.9812655085475,101,0,1.0
8,Bottleneck,Optimal,0.7000000000000001,1338.66319120417,71,0,1.0
8,Bottleneck,Optimal,0.5499999999999999,1314.3109991056776,71,0,1.0
8,Bottleneck,Optimal,0.8500000000000002,1005.1919545803305,57,0,1.0
8,Bottleneck,Optimal,0.65,948.5300402866274,49,0,1.0
8,Bottleneck,Optimal,0.39999999999999997,600.6686420305061,37,0,1.0
8,Bottleneck,Optimal,0.8500000000000002,1907.9145354205152,94,0,1.0
8,Bottleneck,Optimal,0.7500000000000001,1503.6256269492615,76,0,1.0
8,Bottleneck,Optimal,0.7000000000000001,1601.3275789880402,84,0,1.0
8,Bottleneck,Optimal,0.7500000000000001,1052.159427190065,58,0,1.0
8,Bottleneck,Optimal,0.44999999999999996,1210.014944221184,65,0,1.0
8,Bottleneck,Optimal,0.0,1306.0193869787431,65,0,1.0
8,Bottleneck,Optimal,0.15000000000000002,1582.1475083537416,81,0,1.0
8,Bottleneck,Optimal,0.65,1044.9276605063355,54,0,1.0
8,Bottleneck,Optimal,0.6,786.4530197024096,41,0,1.0
8,Bottleneck,Optimal,0.65,942.818093731249,54,0,1.0
8,Bottleneck,Optimal,0.0,1596.2781814989237,79,0,1.0
8,Bottleneck,Optimal,0.44999999999999996,1538.080339837408,81,0,1.0
8,Bottleneck,Optimal,0.44999999999999996,658.3522906851738,38,0,1.0
8,Bottleneck,Optimal,0.7500000000000001,1337.843839243371,68,0,1.0
8,Bottleneck,Optimal,0.5499999999999999,1526.6645065808482,81,0,1.0
8,Bottleneck,Optimal,0.44999999999999996,1946.4142106180109,97,0,1.0
8,Bottleneck,Optimal,0.39999999999999997,729.226291146425,41,0,1.0
8,Bottleneck,Optimal,0.49999999999999994,621.8586067536573,33,0,1.0
8,Bottleneck,Optimal,0.39999999999999997,1162.3675886458607,61,0,1.0
8,Bottleneck,Optimal,0.1,1009.869887970505,52,0,1.0
8,Bottleneck,Optimal,0.7000000000000001,1502.326950431285,85,0,1.0
8,Bottleneck,Optimal,0.7000000000000001,882.9239278207999,48,0,1.0
8,Bottleneck,Optimal,0.0,1397.9209427269536,70,0,1.0
8,Bottleneck,Optimal,0.25,1300.0365996834844,70,0,1.0
8,Bottleneck,Optimal,0.44999999999999996,628.062392489203,33,0,1.0
8,Bottleneck,Optimal,0.39999999999999997,1324.6067701099369,67,0,1.0
8,Bottleneck,Optimal,0.5499999999999999,1119.719853777485,65,0,1.0
8,Bottleneck,Optimal,0.49999999999999994,1406.3168828873074,75,0,1.0
8,Bottleneck,Optimal,0.25,649.5488505135977,37,0,1.0
8,Bottleneck,Optimal,0.65,1806.8956763125625,97,0,1.0
8,Bottleneck,Optimal,0.25,537.630497088425,29,0,1.0
8,Bottleneck,Optimal,0.49999999999999994,1104.5015312333849,63,0,1.0
8,Bottleneck,Optimal,0.65,1130.204179353473,63,0,1.0
8,Bottleneck,Optimal,0.25,1523.6576201687872,79,0,1.0
8,Bottleneck,Optimal,0.65,762.0910332457584,46,0,1.0
8,Bottleneck,Optimal,0.39999999999999997,1151.0496866439955,64,0,1.0
8,Bottleneck,Optimal,0.2,1212.5349382963968,62,0,1.0
8,Bottleneck,Optimal,0.6,1476.1732675269468,79,0,1.0
8,Bottleneck,Optimal,0.25,1395.7671588713768,74,0,1.0
8,Bottleneck,Optimal,0.7500000000000001,1705.570625055355,91,0,1.0
8,Bottleneck,Optimal,0.49999999999999994,862.9048594158747,45,0,1.0
8,Bottleneck,Optimal,0.15000000000000002,1405.3049075663012,72,0,1.0
8,Bottleneck,Optimal,0.5499999999999999,1127.5292504358947,61,0,1.0
8,Bottleneck,Optimal,0.0,1591.4375548299686,79,0,1.0
8,Bottleneck,Optimal,0.44999999999999996,824.7172902240663,48,0,1.0
8,Bottleneck,Optimal,0.7500000000000001,926.0067232588849,49,0,1.0
8,Bottleneck,Optimal,0.7000000000000001,1549.775934289668,77,0,1.0
8,Bottleneck,Optimal,0.5499999999999999,1512.4800905968377,83,0,1.0
8,Bottleneck,Optimal,0.5499999999999999,1577.6147843963872,83,0,1.0
8,Bottleneck,Optimal,0.7000000000000001,2007.8551166783227,101,0,1.0
8,Bottleneck,Optimal,0.6,1177.155372715973,62,0,1.0
8,Bottleneck,Optimal,0.35,1446.839996224692,77,0,1.0
8,Bottleneck,Optimal,0.0,1609.7339502558114,80,0,1.0
8,Bottleneck,Optimal,0.0,623.7818058579938,32,0,1.0
8,Bottleneck,Optimal,0.49999999999999994,935.814197772629,48,0,1.0
8,Bottleneck,Optimal,0.65,1721.766302543796,88,0,1.0
8,Bottleneck,Optimal,0.1,1804.4399703815554,91,0,1.0
8,Bottleneck,Optimal,0.35,1251.0978264413413,63,0,1.0
8,Bottleneck,Optimal,0.7500000000000001,1174.5208319490644,68,0,1.0
8,Bottleneck,Optimal,0.2,634.7327576369372,34,0,1.0
8,Bottleneck,Optimal,0.0,1389.4669890408045,69,0,1.0
8,Bottleneck,Optimal,0.65,1198.4215844847472,65,0,1.0
8,Bottleneck,Optimal,0.7500000000000001,1201.9567120307443,69,0,1.0
8,Bottleneck,Optimal,0.39999999999999997,1811.9079632861105,91,0,1.0
8,Bottleneck,Optimal,0.5499999999999999,1478.932045694409,80,0,1.0
8,Bottleneck,Optimal,0.3,1110.3091891782956,60,0,1.0
8,Bottleneck,Optimal,0.65,1092.392803994896,56,0,1.0
8,Bottleneck,Optimal,0.0,2042.5758917119074,101,0,1.0
8,Bottleneck,Optimal,0.7500000000000001,1158.770250699392,59,0,1.0
8,Bottleneck,Optimal,0.5499999999999999,1696.3066213938882,87,0,1.0
8,Bottleneck,Optimal,0.49999999999999994,1122.6556740217743,63,0,1.0
8,Bottleneck,Optimal,0.8500000000000002,1839.3667934689738,94,0,1.0
8,Bottleneck,Optimal,0.49999999999999994,533.184325619812,29,0,1.0
8,Bottleneck,Optimal,0.05,1557.9828925278703,79,0,1.0
8,Bottleneck,Optimal,0.44999999999999996,1187.831859290445,68,0,1.0
8,Bottleneck,Optimal,0.7500000000000001,1443.197600984095,79,0,1.0
8,Bottleneck,Optimal,0.7500000000000001,852.8405066355756,53,0,1.0
8,Bottleneck,Optimal,0.7500000000000001,883.3740080768546,46,0,1.0
8,Bottleneck,Optimal,0.7000000000000001,968.0083524282043,49,0,1.0
8,Bottleneck,Optimal,0.49999999999999994,1612.6201867430448,86,0,1.0
8,Bottleneck,Optimal,0.49999999999999994,1275.5263471364215,71,0,1.0
8,Bottleneck,Optimal,0.8000000000000002,1299.1353240605977,77,0,1.0
8,Bottleneck,Optimal,0.8500000000000002,1405.3067915916547,74,0,1.0
8,Bottleneck,Optimal,0.49999999999999994,1546.3808764694388,77,0,1.0
8,Bottleneck,Optimal,0.8500000000000002,1179.292670811446,70,0,1.0
8,Bottleneck,Optimal,0.6,750.5785318894643,43,0,1.0
8,Bottleneck,Optimal,0.8500000000000002,1326.275667758128,77,0,1.0
8,Bottleneck,Optimal,0.5499999999999999,1822.336801576533,97,0,1.0
8,Bottleneck,Optimal,0.49999999999999994,1413.069786207659,72,0,1.0
8,Bottleneck,Optimal,0.8000000000000002,1182.5014558969117,63,0,1.0
8,Bottleneck,Optimal,0.7500000000000001,1589.0196901560287,91,0,1.0
8,Bottleneck,Optimal,0.6,1205.0507315787145,61,0,1.0
8,Bottleneck,Optimal,0.05,1483.911177235727,75,0,1.0
8,Bottleneck,Optimal,0.6,912.3521206567389,49,0,1.0
8,Bottleneck,Optimal,0.5499999999999999,1247.349276852325,63,0,1.0
8,Bottleneck,Optimal,0.7500000000000001,1409.145308530178,82,0,1.0
8,Bottleneck,Optimal,0.8000000000000002,1295.4404556944867,65,0,1.0
8,Bottleneck,Optimal,0.0,961.1562523157106,49,0,1.0
8,Bottleneck,Optimal,0.7000000000000001,1286.205234026705,65,0,1.0
8,Bottleneck,Optimal,0.44999999999999996,1346.0071235821651,69,0,1.0
8,Bottleneck,Optimal,0.1,1408.5290542623766,72,0,1.0
8,Bottleneck,Optimal,0.49999999999999994,1285.8919886860235,64,0,1.0
8,Bottleneck,Optimal,0.8500000000000002,1611.3419080318051,84,0,1.0
8,Bottleneck,Optimal,0.35,425.8551149528916,27,0,1.0
8,Bottleneck,Optimal,0.25,829.604242350011,44,0,1.0
8,Bottleneck,Optimal,0.3,1457.6141801071074,73,0,1.0
8,Bottleneck,Optimal,0.6,1540.1723159789753,86,0,1.0
8,Bottleneck,Optimal,0.35,1043.3225521319282,53,0,1.0
8,Bottleneck,Optimal,0.7000000000000001,1267.8443199961393,64,0,1.0
8,Bottleneck,Optimal,0.7500000000000001,1628.4994584604447,86,0,1.0
8,Bottleneck,Optimal,0.05,1147.3265429886367,59,0,1.0
8,Bottleneck,Optimal,0.0,822.2199948742922,42,0,1.0
8,Bottleneck,Optimal,0.6,1338.0793155858755,71,0,1.0
8,Bottleneck,Optimal,0.7500000000000001,1471.7061158802385,74,0,1.0
8,Bottleneck,Optimal,0.7000000000000001,1059.133228263643,54,0,1.0
8,Bottleneck,Optimal,0.5499999999999999,1094.718172352951,58,0,1.0
8,Bottleneck,Optimal,0.8500000000000002,1606.6297544201236,80,0,1.0
8,Bottleneck,Optimal,0.7500000000000001,1135.541380440538,61,0,1.0
8,Bottleneck,Optimal,0.8500000000000002,1503.412293698505,81,0,1.0
8,Bottleneck,Optimal,0.8500000000000002,1072.965723517499,56,0,1.0
8,Bottleneck,Optimal,0.7000000000000001,1207.9564220512582,69,0,1.0
8,Bottleneck,Optimal,0.7500000000000001,797.26980997486,49,0,1.0
8,Bottleneck,Optimal,0.35,1294.7503513343877,69,0,1.0
8,Bottleneck,Optimal,0.5499999999999999,687.1857719071314,43,0,1.0
8,Bottleneck,Optimal,0.5499999999999999,1241.2195086226104,65,0,1.0
8,Bottleneck,Optimal,0.7500000000000001,977.2817293977598,59,0,1.0
8,Bottleneck,Optimal,0.6,875.2608973105507,54,0,1.0
8,Bottleneck,Optimal,0.6,855.0959360974716,51,0,1.0
8,Bottleneck,Optimal,0.8000000000000002,1241.1424626755743,64,0,1.0
8,Bottleneck,Optimal,0.8500000000000002,1236.9491063477785,72,0,1.0
8,Bottleneck,Optimal,0.5499999999999999,1405.9157504436146,77,0,1.0
8,Bottleneck,Optimal,0.1,1183.1165562443834,61,0,1.0
8,Bottleneck,Optimal,0.49999999999999994,549.3321664422442,32,0,1.0
8,Bottleneck,Optimal,0.5499999999999999,869.3245011890785,51,0,1.0
8,Bottleneck,Optimal,0.8500000000000002,1505.9243384997453,75,0,1.0
8,Bottleneck,Optimal,0.7500000000000001,898.8236754793058,56,0,1.0
8,Bottleneck,Optimal,0.35,780.8673254817787,41,0,1.0
8,Bottleneck,Optimal,0.5499999999999999,740.1992224664788,39,0,1.0
8,Bottleneck,Optimal,0.7000000000000001,1513.2577836207079,76,0,1.0
8,Bottleneck,Optimal,0.6,724.2463165501412,41,0,1.0
8,Bottleneck,Optimal,0.8000000000000002,1507.164491440576,75,0,1.0
8,Bottleneck,Optimal,0.7000000000000001,1790.3631119074503,89,0,1.0
8,Bottleneck,Optimal,0.7500000000000001,1561.3975277995842,78,0,1.0
8,Bottleneck,Optimal,0.7500000000000001,1458.8613891839118,73,0,1.0
8,Bottleneck,Optimal,0.0,1141.5666520763211,57,0,1.0
8,Bottleneck,Optimal,0.6,694.6011802626159,40,0,1.0
8,Bottleneck,Optimal,0.6,638.569209633443,38,0,1.0
8,Bottleneck,Optimal,0.49999999999999994,1570.0641664273896,78,0,1.0
8,Bottleneck,Optimal,0.3,1497.3669333476416,79,0,1.0
8,Bottleneck,Optimal,0.39999999999999997,634.3577128407584,35,0,1.0
8,Bottleneck,Optimal,0.5499999999999999,665.6306187196744,42,0,1.0
8,Bottleneck,Optimal,0.65,1297.4118356377694,69,0,1.0
8,Bottleneck,Optimal,0.7500000000000001,1108.6858813969009,58,0,1.0
8,Bottleneck,Optimal,0.49999999999999994,1045.8024933137176,59,0,1.0
8,Bottleneck,Optimal,0.5499999999999999,1057.4994094025333,57,0,1.0
8,Bottleneck,Optimal,0.7000000000000001,895.5707113620302,49,0,1.0
8,Bottleneck,Optimal,0.3,763.8335199343968,42,0,1.0
8,Bottleneck,Optimal,0.44999999999999996,988.4968090389841,54,0,1.0
8,Bottleneck,Optimal,0.9000000000000002,1641.500754184198,82,0,1.0
8,Bottleneck,Optimal,0.7000000000000001,1380.7748203616247,72,0,1.0
8,Bottleneck,Optimal,0.44999999999999996,1584.8700023712747,81,0,1.0
8,Bottleneck,Optimal,0.3,561.9486407872636,32,0,1.0
8,Bottleneck,Optimal,0.6,1324.5624612433971,68,0,1.0
8,Bottleneck,Optimal,0.05,1184.4966662611894,60,0,1.0
8,Bottleneck,Optimal,0.1,552.8873566034645,31,0,1.0
8,Bottleneck,Optimal,0.5499999999999999,888.2867187293194,49,0,1.0
8,Bottleneck,Optimal,0.9000000000000002,1492.2345115583594,83,0,1.0
8,Bottleneck,Optimal,0.44999999999999996,1541.3662922088752,80,0,1.0
8,Bottleneck,Optimal,0.3,940.094016297499,52,0,1.0
8,Bottleneck,Optimal,0.49999999999999994,653.5733224646341,43,0,1.0
8,Bottleneck,Optimal,0.49999999999999994,907.1295828549426,49,0,1.0
8,Bottleneck,Optimal,0.15000000000000002,1220.455706039662,62,0,1.0
8,Bottleneck,Optimal,0.6,831.1028814001593,46,0,1.0
8,Bottleneck,Optimal,0.44999999999999996,632.6273088949763,41,0,1.0
8,Bottleneck,Optimal,0.6,1526.6404862547347,81,0,1.0
8,Bottleneck,Optimal,0.49999999999999994,1032.0473128549568,58,0,1.0
8,Bottleneck,Optimal,0.8500000000000002,1288.9669506921684,64,0,1.0
8,Bottleneck,Optimal,0.1,1158.025247730819,60,0,1.0
8,Bottleneck,Optimal,0.2,1757.923020445241,88,0,1.0
8,Bottleneck,Optimal,0.5499999999999999,897.2453833952181,49,0,1.0
8,Bottleneck,Optimal,0.1,1334.7051708596446,68,0,1.0
8,Bottleneck,Optimal,0.2,545.7025257768382,30,0,1.0
8,Bottleneck,Optimal,0.44999999999999996,1126.2829692265227,60,0,1.0
8,Bottleneck,Optimal,0.2,771.0572239368339,41,0,1.0
8,Bottleneck,Optimal,0.8500000000000002,1607.331765866958,81,0,1.0
8,Bottleneck,Optimal,0.5499999999999999,874.4657000182857,51,0,1.0
8,Bottleneck,Optimal,0.49999999999999994,977.0708210574107,50,0,1.0
8,Bottleneck,Optimal,0.49999999999999994,962.465034568906,51,0,1.0
8,Bottleneck,Optimal,0.6,680.6973073444092,35,0,1.0
8,Bottleneck,Optimal,0.8500000000000002,994.565606401439,55,0,1.0
8,Bottleneck,Optimal,0.7000000000000001,1378.359426875317,69,0,1.0
8,Bottleneck,Optimal,0.49999999999999994,1026.6598509549478,54,0,1.0
8,Bottleneck,Optimal,0.6,1510.2509903297982,75,0,1.0
8,Bottleneck,Optimal,0.7500000000000001,1747.8823602045147,93,0,1.0
8,Bottleneck,Optimal,0.7000000000000001,1649.0960673825195,82,0,1.0
8,Bottleneck,Optimal,0.49999999999999994,1840.3758143048685,91,0,1.0
8,Bottleneck,Optimal,0.1,550.1707503860189,30,0,1.0
8,Bottleneck,Optimal,0.7500000000000001,1350.6817572773991,77,0,1.0
8,Bottleneck,Optimal,0.49999999999999994,1867.7719131084064,92,0,1.0
8,Bottleneck,Optimal,0.65,717.5557415662549,38,0,1.0
8,Bottleneck,Optimal,0.0,338.57898511482784,19,0,1.0
8,Bottleneck,Optimal,0.9000000000000002,1687.7852616304829,91,0,1.0
8,Bottleneck,Optimal,0.8000000000000002,1883.5917891576787,97,0,1.0
8,Bottleneck,Optimal,0.6,1235.1973656105731,63,0,1.0
8,Bottleneck,Optimal,0.8000000000000002,957.1915603298562,60,0,1.0
8,Bottleneck,Optimal,0.6,980.5187681742414,53,0,1.0
8,Bottleneck,Optimal,0.9000000000000002,1316.64345353361,76,0,1.0
8,Bottleneck,Optimal,0.6,1117.1350384764985,57,0,1.0
8,Bottleneck,Optimal,0.25,773.5808597669353,44,0,1.0
8,Bottleneck,Optimal,0.7500000000000001,1967.8405444784416,98,0,1.0
8,Bottleneck,Optimal,0.44999999999999996,1302.4239189469108,69,0,1.0
8,Bottleneck,Optimal,0.7000000000000001,1259.2563383252714,66,0,1.0
8,Bottleneck,Optimal,0.2,1205.983533915195,63,0,1.0
8,Bottleneck,Optimal,0.9000000000000002,2092.847691929699,111,0,1.0
8,Bottleneck,Optimal,0.8000000000000002,981.8431141722468,51,0,1.0
8,Bottleneck,Optimal,0.7500000000000001,1653.5071643237964,89,0,1.0
8,Bottleneck,Optimal,0.25,1128.894758999405,57,0,1.0
8,Bottleneck,Optimal,0.8000000000000002,1683.6578601768379,84,0,1.0
8,Bottleneck,Optimal,0.2,628.9997036716244,33,0,1.0
8,Bottleneck,Optimal,0.8500000000000002,1804.4062775738685,95,0,1.0
8,Bottleneck,Optimal,0.25,1018.9343627966804,54,0,1.0
8,Bottleneck,Optimal,0.35,998.5371925517843,54,0,1.0
8,Bottleneck,Optimal,0.44999999999999996,983.6510898228764,50,0,1.0
8,Bottleneck,Optimal,0.6,762.6573550472567,43,0,1.0
8,Bottleneck,Optimal,0.8500000000000002,851.1996158219977,49,0,1.0
8,Bottleneck,Optimal,0.65,1458.6369623924984,78,0,1.0
8,Bottleneck,Optimal,0.44999999999999996,1152.6288308596652,61,0,1.0
8,Bottleneck,Optimal,0.7500000000000001,1297.972413445515,67,0,1.0
8,Bottleneck,Optimal,0.6,570.7068689792527,37,0,1.0
8,Bottleneck,Optimal,0.44999999999999996,1096.6644675538873,62,0,1.0
8,Bottleneck,Optimal,0.49999999999999994,1297.462537674899,67,0,1.0
8,Bottleneck,Optimal,0.65,630.8876185661538,42,0,1.0
8,Bottleneck,Optimal,0.44999999999999996,863.2284242976664,50,0,1.0
8,Bottleneck,Optimal,0.6,1126.9201740220992,61,0,1.0
8,Bottleneck,Optimal,0.7500000000000001,1572.085725223263,81,0,1.0
8,Bottleneck,Optimal,0.6,1296.51185627751,67,0,1.0
8,Bottleneck,Optimal,0.3,887.1166958975604,49,0,1.0
8,Bottleneck,Optimal,0.65,1023.1569892968425,53,0,1.0
8,Bottleneck,Optimal,0.49999999999999994,640.4507068786876,37,0,1.0
8,Bottleneck,Optimal,0.7000000000000001,1375.3158675150207,71,0,1.0
8,Bottleneck,Optimal,0.5499999999999999,718.8412753942373,38,0,1.0
8,Bottleneck,Optimal,0.65,1088.1181752053872,57,0,1.0
8,Bottleneck,Optimal,0.6,892.6294639952595,49,0,1.0
8,Bottleneck,Optimal,0.7500000000000001,1239.518258542515,65,0,1.0
8,Bottleneck,Optimal,0.49999999999999994,776.474914831064,43,0,1.0
8,Bottleneck,Optimal,0.35,1057.8545866665977,55,0,1.0
8,Bottleneck,Optimal,0.7000000000000001,1588.8999658664277,82,0,1.0
8,Bottleneck,Optimal,0.8000000000000002,1303.4268464706506,68,0,1.0
8,Bottleneck,Optimal,0.8000000000000002,1369.2872137574423,79,0,1.0
8,Bottleneck,Optimal,0.35,677.233266614159,40,0,1.0
8,Bottleneck,Optimal,0.8500000000000002,894.0496646914919,51,0,1.0
8,Bottleneck,Optimal,0.8500000000000002,920.2913775594616,48,0,1.0
8,Bottleneck,Optimal,0.15000000000000002,1326.419957173209,69,0,1.0
8,Bottleneck,Optimal,0.65,1260.8074263326776,66,0,1.0
8,Bottleneck,Optimal,0.35,433.86531870949494,27,0,1.0
8,Bottleneck,Optimal,0.35,1106.422193848006,57,0,1.0
8,Bottleneck,Optimal,0.3,1251.5389548118064,67,0,1.0
8,Bottleneck,Optimal,0.44999999999999996,968.9489748777114,53,0,1.0
8,Bottleneck,Optimal,0.35,1306.6033072885468,70,0,1.0
8,Bottleneck,Optimal,0.35,695.8442008098534,37,0,1.0
8,Bottleneck,Optimal,0.44999999999999996,602.3302341584867,36,0,1.0
8,Bottleneck,Optimal,0.65,1160.7439848595086,71,0,1.0
8,Bottleneck,Optimal,0.65,1932.4153112614254,96,0,1.0
8,Bottleneck,Optimal,0.5499999999999999,1682.6184570242037,86,0,1.0
8,Bottleneck,Optimal,0.65,977.2818842796028,51,0,1.0
8,Bottleneck,Optimal,0.8000000000000002,1720.909614835439,90,0,1.0
8,Bottleneck,Optimal,0.65,1427.4005612216952,79,0,1.0
8,Bottleneck,Optimal,0.7000000000000001,1880.9409310224034,94,0,1.0
8,Bottleneck,Optimal,0.65,617.4510145718807,35,0,1.0
8,Bottleneck,Optimal,0.7500000000000001,881.9937080919453,52,0,1.0
8,Bottleneck,Optimal,0.8000000000000002,1514.9146183138228,83,0,1.0
8,Bottleneck,Optimal,0.6,1399.061676976231,74,0,1.0
8,Bottleneck,Optimal,0.05,1271.778287436401,65,0,1.0
8,Bottleneck,Optimal,0.7000000000000001,1073.6511200010377,57,0,1.0
8,Bottleneck,Optimal,0.8000000000000002,1795.1836066791425,92,0,1.0
8,Bottleneck,Optimal,0.6,1578.642277419483,86,0,1.0
8,Bottleneck,Optimal,0.8500000000000002,968.2812219063917,54,0,1.0
8,Bottleneck,Optimal,0.44999999999999996,1638.2522830913917,83,0,1.0
8,Bottleneck,Optimal,0.6,894.9643948807416,49,0,1.0
8,Bottleneck,Optimal,0.2,1026.322407379586,54,0,1.0
8,Bottleneck,Optimal,0.35,1060.0382085249203,56,0,1.0
8,Bottleneck,Optimal,0.35,1765.2380267710685,94,0,1.0
8,Bottleneck,Optimal,0.7500000000000001,993.7606202787247,51,0,1.0
8,Bottleneck,Optimal,0.7000000000000001,1214.1782141564818,71,0,1.0
8,Bottleneck,Optimal,0.65,1329.0970343988154,79,0,1.0
8,Bottleneck,Optimal,0.39999999999999997,1497.9031663359062,79,0,1.0
8,Bottleneck,Optimal,0.6,559.8695716029752,30,0,1.0
8,Bottleneck,Optimal,0.7000000000000001,1249.8184663354002,76,0,1.0
8,Bottleneck,Optimal,0.7500000000000001,1635.313193635249,85,0,1.0
8,Bottleneck,Optimal,0.8000000000000002,1333.961984295946,71,0,1.0
8,Bottleneck,Optimal,0.0,1287.5227501728516,64,0,1.0
8,Bottleneck,Optimal,0.8000000000000002,1817.7642373759304,94,0,1.0
8,Bottleneck,Optimal,0.8000000000000002,1157.202683831318,62,0,1.0
8,Bottleneck,Optimal,0.7000000000000001,1421.2978061535432,78,0,1.0
8,Bottleneck,Optimal,0.44999999999999996,1190.1778725097438,64,0,1.0
8,Bottleneck,Optimal,0.7500000000000001,1487.6788015637633,75,0,1.0
8,Bottleneck,Optimal,0.2,383.8138805980023,25,0,1.0
8,Bottleneck,Optimal,0.5499999999999999,799.8477176055776,44,0,1.0
8,Bottleneck,Optimal,0.9000000000000002,1395.1116231584442,75,0,1.0
8,Bottleneck,Optimal,0.8000000000000002,1732.7594532166481,87,0,1.0
8,Bottleneck,Optimal,0.8000000000000002,1422.0339885445142,71,0,1.0
8,Bottleneck,Optimal,0.5499999999999999,1267.3917639796614,64,0,1.0
8,Bottleneck,Optimal,0.8000000000000002,1068.2540315416593,54,0,1.0
8,Bottleneck,Optimal,0.7500000000000001,869.6248372065373,47,0,1.0
8,Bottleneck,Optimal,0.8000000000000002,1708.4358637069665,86,0,1.0
8,Bottleneck,Optimal,0.49999999999999994,691.427708835289,39,0,1.0
8,Bottleneck,Optimal,0.49999999999999994,1165.4491341601906,60,0,1.0
8,Bottleneck,Optimal,0.5499999999999999,984.148240736666,52,0,1.0
8,Bottleneck,Optimal,0.35,996.5703190280574,52,0,1.0
8,Bottleneck,Optimal,0.8000000000000002,992.1250607489138,51,0,1.0
8,Bottleneck,Optimal,0.8500000000000002,1424.052231122959,71,0,1.0
8,Bottleneck,Optimal,0.8500000000000002,1520.4932513121173,83,0,1.0
8,Bottleneck,Optimal,0.65,1233.7736970474475,63,0,1.0
8,Bottleneck,Optimal,0.7000000000000001,1692.2129046172552,85,0,1.0
8,Bottleneck,Optimal,0.6,954.7930759787541,49,0,1.0
8,Bottleneck,Optimal,0.49999999999999994,817.6163884284117,44,0,1.0
8,Bottleneck,Optimal,0.6,672.1340758160306,37,0,1.0
8,Bottleneck,Optimal,0.49999999999999994,1452.8667768444438,77,0,1.0
8,Bottleneck,Optimal,0.6,1389.4785237028532,71,0,1.0
8,Bottleneck,Optimal,0.35,699.4178764897238,37,0,1.0
8,Bottleneck,Optimal,0.65,1043.7140982275487,53,0,1.0
8,Bottleneck,Optimal,0.8000000000000002,1314.007638462417,78,0,1.0
8,Bottleneck,Optimal,0.5499999999999999,1374.5442641348398,70,0,1.0
8,Bottleneck,Optimal,0.6,1349.2077326954043,74,0,1.0
8,Bottleneck,Optimal,0.65,821.110578171126,48,0,1.0
8,Bottleneck,Optimal,0.6,756.0800887200941,45,0,1.0
8,Bottleneck,Optimal,0.6,1594.5229519640789,80,0,1.0
8,Bottleneck,Optimal,0.8000000000000002,1213.3173183984184,70,0,1.0
8,Bottleneck,Optimal,0.65,710.1517836807329,45,0,1.0
8,Bottleneck,Optimal,0.7500000000000001,1766.6098577994776,94,0,1.0
8,Bottleneck,Optimal,0.65,1847.5729507246976,93,0,1.0
8,Bottleneck,Optimal,0.9000000000000002,2008.9945689551141,103,0,1.0
8,Bottleneck,Optimal,0.8000000000000002,1546.7307365156998,82,0,1.0
8,Bottleneck,Optimal,0.44999999999999996,1385.3114475572056,69,0,1.0
8,Bottleneck,Optimal,0.7500000000000001,1529.1559615720478,82,0,1.0
8,Bottleneck,Optimal,0.7500000000000001,2133.0271595236754,105,0,1.0
8,Bottleneck,Optimal,0.44999999999999996,1328.6391150322688,74,0,1.0
8,Bottleneck,Optimal,0.65,1175.5563589801486,68,0,1.0
8,Bottleneck,Optimal,0.49999999999999994,1157.9129650567425,59,0,1.0
8,Bottleneck,Optimal,0.9000000000000002,1608.8658520734693,86,0,1.0
8,Bottleneck,Optimal,0.65,941.9565738533415,53,0,1.0
8,Bottleneck,Optimal,0.2,2076.424657769523,103,0,1.0
8,Bottleneck,Optimal,0.44999999999999996,2119.451298413626,104,0,1.0
8,Bottleneck,Optimal,0.8500000000000002,1738.4949869943796,86,0,1.0
8,Bottleneck,Optimal,0.6,1741.6499471388584,87,0,1.0
8,Bottleneck,Optimal,0.7500000000000001,1637.0147619727177,81,0,1.0
8,Bottleneck,Optimal,0.25,1345.242049050799,70,0,1.0
8,Bottleneck,Optimal,0.65,1147.0252101758722,58,0,1.0
8,Bottleneck,Optimal,0.0,1892.1953215712115,93,0,1.0
8,Bottleneck,Optimal,0.7500000000000001,1891.5157587129893,100,0,1.0
8,Bottleneck,Optimal,0.65,1234.7405637434504,67,0,1.0
8,Bottleneck,Optimal,0.8000000000000002,1354.3170880951732,68,0,1.0
8,Bottleneck,Optimal,0.6,2127.6051573937757,105,0,1.0
8,Bottleneck,Optimal,0.7000000000000001,1698.719150101636,85,0,1.0
8,Bottleneck,Optimal,0.7500000000000001,1591.2577075982563,87,0,1.0
8,Bottleneck,Optimal,0.65,1632.1602057922757,81,0,1.0
8,Bottleneck,Optimal,0.5499999999999999,1209.554395922389,64,0,1.0
8,Bottleneck,Optimal,0.9000000000000002,1310.288318766216,69,0,1.0
8,Bottleneck,Optimal,0.2,1587.5285034586113,79,0,1.0
8,Bottleneck,Optimal,0.35,713.8555887174581,38,0,1.0
8,Bottleneck,Optimal,0.35,629.3800157695769,35,0,1.0
8,Bottleneck,Optimal,0.7500000000000001,1594.3615757966134,79,0,1.0
8,Bottleneck,Optimal,0.7000000000000001,1800.6093721041932,89,0,1.0
8,Bottleneck,Optimal,0.5499999999999999,1058.1694039519796,55,0,1.0
8,Bottleneck,Optimal,0.8000000000000002,894.1335205223752,53,0,1.0
8,Bottleneck,Optimal,0.3,980.2120171056208,52,0,1.0
8,Bottleneck,Optimal,0.9000000000000002,1264.5888349881711,64,0,1.0
8,Bottleneck,Optimal,0.8000000000000002,1057.7194722459553,59,0,1.0
8,Bottleneck,Optimal,0.44999999999999996,641.7474902368693,37,0,1.0
8,Bottleneck,Optimal,0.44999999999999996,1369.3149533411633,79,0,1.0
8,Bottleneck,Optimal,0.44999999999999996,1119.644573727675,61,0,1.0
8,Bottleneck,Optimal,0.5499999999999999,1226.686006630937,62,0,1.0
8,Bottleneck,Optimal,0.0,1125.057853328891,57,0,1.0
8,Bottleneck,Optimal,0.9000000000000002,1645.3016197953752,99,0,1.0
8,Bottleneck,Optimal,0.9000000000000002,1277.1783561596933,65,0,1.0
8,Bottleneck,Optimal,0.9500000000000003,1602.3594846919298,82,0,1.0
8,Bottleneck,Optimal,0.8000000000000002,761.0113745314544,45,0,1.0
8,Bottleneck,Optimal,0.7000000000000001,1442.3121023851327,72,0,1.0
8,Bottleneck,Optimal,0.39999999999999997,1017.5178535690414,56,0,1.0
8,Bottleneck,Optimal,0.9000000000000002,1698.647361045908,90,0,1.0
8,Bottleneck,Optimal,0.7500000000000001,917.4570772556294,48,0,1.0
8,Bottleneck,Optimal,0.44999999999999996,673.2558767964616,39,0,1.0
8,Bottleneck,Optimal,0.5499999999999999,1106.139567340512,56,0,1.0
8,Bottleneck,Optimal,0.35,680.669689861914,36,0,1.0
8,Bottleneck,Optimal,0.9000000000000002,1022.8711353420916,59,0,1.0
8,Bottleneck,Optimal,0.8500000000000002,1398.6508486462133,81,0,1.0
8,Bottleneck,Optimal,0.8000000000000002,1076.3433959741485,59,0,1.0
8,Bottleneck,Optimal,0.49999999999999994,947.3171330259657,50,0,1.0
8,Bottleneck,Optimal,0.7000000000000001,1348.723568946578,70,0,1.0
8,Bottleneck,Optimal,0.44999999999999996,1611.3963473507263,81,0,1.0
8,Bottleneck,Optimal,0.8000000000000002,1193.1605652834278,60,0,1.0
8,Bottleneck,Optimal,0.6,897.8675137923179,51,0,1.0
8,Bottleneck,Optimal,0.7000000000000001,1047.220954472481,54,0,1.0
8,Bottleneck,Optimal,0.65,881.3051925297208,45,0,1.0
8,Bottleneck,Optimal,0.7000000000000001,1370.2957159352172,72,0,1.0
8,Bottleneck,Optimal,0.44999999999999996,516.4843895351103,31,0,1.0
8,Bottleneck,Optimal,0.49999999999999994,1257.2178460813511,65,0,1.0
8,Bottleneck,Optimal,0.39999999999999997,1088.4287679355655,58,0,1.0
8,Bottleneck,Optimal,0.25,773.9636028289658,41,0,1.0
8,Bottleneck,Optimal,0.44999999999999996,1052.6578830451972,56,0,1.0
8,Bottleneck,Optimal,0.65,1099.6567302202948,58,0,1.0
8,Bottleneck,Optimal,0.7000000000000001,1468.2289524201217,76,0,1.0
8,Bottleneck,Optimal,0.65,1088.4209387598403,56,0,1.0
8,Bottleneck,Optimal,0.6,1503.3808059068635,84,0,1.0
8,Bottleneck,Optimal,0.3,512.0075396928205,30,0,1.0
8,Bottleneck,Optimal,0.39999999999999997,853.143815675925,49,0,1.0
8,Bottleneck,Optimal,0.15000000000000002,794.1649418534265,42,0,1.0
8,Bottleneck,Optimal,0.49999999999999994,1407.6681592732004,72,0,1.0
8,Bottleneck,Optimal,0.3,904.3809534042343,47,0,1.0
8,Bottleneck,Optimal,0.35,751.8576970700949,40,0,1.0
8,Bottleneck,Optimal,0.39999999999999997,980.9488742963038,50,0,1.0
8,Bottleneck,Optimal,0.65,1222.5508343790084,67,0,1.0
8,Bottleneck,Optimal,0.8000000000000002,1334.826785506393,70,0,1.0
8,Bottleneck,Optimal,0.65,1412.4639138306711,70,0,1.0
8,Bottleneck,Optimal,0.7500000000000001,660.3692483600896,39,0,1.0
8,Bottleneck,Optimal,0.7000000000000001,1094.3400149208271,55,0,1.0
8,Bottleneck,Optimal,0.7000000000000001,1758.7618981185376,89,0,1.0
8,Bottleneck,Optimal,0.9000000000000002,1845.8426025539484,94,0,1.0
8,Bottleneck,Optimal,0.6,1687.0898592997441,84,0,1.0
8,Bottleneck,Optimal,0.39999999999999997,1123.2612774632587,61,0,1.0
8,Bottleneck,Optimal,0.7000000000000001,1057.9813715088433,57,0,1.0
8,Bottleneck,Optimal,0.39999999999999997,1394.786964129208,70,0,1.0
8,Bottleneck,Optimal,0.6,1817.980217444424,92,0,1.0
8,Bottleneck,Optimal,0.3,1033.766157359463,59,0,1.0
8,Bottleneck,Optimal,0.8500000000000002,1140.5089605053436,70,0,1.0
8,Bottleneck,Optimal,0.65,1216.9865396891926,63,0,1.0
8,Bottleneck,Optimal,0.39999999999999997,1330.946218327828,67,0,1.0
8,Bottleneck,Optimal,0.7500000000000001,745.2200423571286,44,0,1.0
8,Bottleneck,Optimal,0.8000000000000002,1741.386376859946,86,0,1.0
8,Bottleneck,Optimal,0.7000000000000001,1926.6465146996388,97,0,1.0
8,Bottleneck,Optimal,0.7000000000000001,1370.9811171895612,70,0,1.0
8,Bottleneck,Optimal,0.8000000000000002,1787.771926344109,90,0,1.0
8,Bottleneck,Optimal,0.35,1061.8449352156579,58,0,1.0
8,Bottleneck,Optimal,0.65,1119.5901685212307,61,0,1.0
8,Bottleneck,Optimal,0.05,334.69601515233154,20,0,1.0
8,Bottleneck,Optimal,0.9000000000000002,1824.937549239653,95,0,1.0
8,Bottleneck,Optimal,0.6,1737.9462650886958,88,0,1.0
8,Bottleneck,Optimal,0.0,828.239065376129,42,0,1.0
8,Bottleneck,Optimal,0.8000000000000002,1311.5305519990902,67,0,1.0
8,Bottleneck,Optimal,0.6,1592.2102250780163,86,0,1.0
8,Bottleneck,Optimal,0.65,1337.395766403381,72,0,1.0
8,Bottleneck,Optimal,0.65,1485.1935651240422,83,0,1.0
8,Bottleneck,Optimal,0.2,1152.3538596964895,59,0,1.0
8,Bottleneck,Optimal,0.7000000000000001,1107.334836177363,60,0,1.0
8,Bottleneck,Optimal,0.35,653.7142300291562,36,0,1.0
8,Bottleneck,Optimal,0.8500000000000002,1536.2895391084296,78,0,1.0
8,Bottleneck,Optimal,0.6,1718.3094803934707,89,0,1.0
8,Bottleneck,Optimal,0.7000000000000001,1256.8123667758773,70,0,1.0
8,Bottleneck,Optimal,0.7500000000000001,859.171503265077,51,0,1.0
8,Bottleneck,Optimal,0.7000000000000001,726.8417197145047,44,0,1.0
8,Bottleneck,Optimal,0.65,1326.8721127747624,71,0,1.0
8,Bottleneck,Optimal,0.35,910.2689811561766,49,0,1.0
8,Bottleneck,Optimal,0.7000000000000001,1008.8123301289999,59,0,1.0
8,Bottleneck,Optimal,0.3,1613.428207407857,83,0,1.0
8,Bottleneck,Optimal,0.7500000000000001,1394.5183389185752,75,0,1.0
8,Bottleneck,Optimal,0.6,1036.785644432217,59,0,1.0
8,Bottleneck,Optimal,0.6,997.6574523592236,56,0,1.0
8,Bottleneck,Optimal,0.7000000000000001,1842.4353033638533,92,0,1.0
8,Bottleneck,Optimal,0.65,854.301943574468,48,0,1.0
8,Bottleneck,Optimal,0.8000000000000002,1505.1060628749497,80,0,1.0
8,Bottleneck,Optimal,0.5499999999999999,1054.6930372655333,57,0,1.0
8,Bottleneck,Optimal,0.05,1529.3355637161978,76,0,1.0
8,Bottleneck,Optimal,0.49999999999999994,472.22353682295875,31,0,1.0
8,Bottleneck,Optimal,0.8500000000000002,1448.382481378652,81,0,1.0
8,Bottleneck,Optimal,0.7000000000000001,1084.557286035134,63,0,1.0
8,Bottleneck,Optimal,0.65,1149.6957866074972,59,0,1.0
8,Bottleneck,Optimal,0.6,549.9049454587616,33,0,1.0
8,Bottleneck,Optimal,0.44999999999999996,459.29364168065075,28,0,1.0
8,Bottleneck,Optimal,0.6,907.7945638292108,51,0,1.0
8,Bottleneck,Optimal,0.8000000000000002,1430.2676927843609,78,0,1.0
8,Bottleneck,Optimal,0.7500000000000001,1209.1218723706484,66,0,1.0
8,Bottleneck,Optimal,0.65,1500.3701142627758,82,0,1.0
8,Bottleneck,Optimal,0.5499999999999999,1886.1828269031535,101,0,1.0
8,Bottleneck,Optimal,0.3,1389.4924755116067,70,0,1.0
8,Bottleneck,Optimal,0.7000000000000001,998.026859018425,57,0,1.0
8,Bottleneck,Optimal,0.6,1031.91040198872,53,0,1.0
8,Bottleneck,Optimal,0.65,1515.706574215816,77,0,1.0
8,Bottleneck,Optimal,0.1,947.2698845039068,48,0,1.0
8,Bottleneck,Optimal,0.0,886.9463959335616,45,0,1.0
8,Bottleneck,Optimal,0.7500000000000001,1854.9971684093662,98,0,1.0
8,Bottleneck,Optimal,0.44999999999999996,1457.2374812838798,77,0,1.0
8,Bottleneck,Optimal,0.6,1229.9650519793092,71,0,1.0
8,Bottleneck,Optimal,0.49999999999999994,1152.3095492041543,63,0,1.0
8,Bottleneck,Optimal,0.8000000000000002,2115.5901556703748,108,0,1.0
8,Bottleneck,Optimal,0.7500000000000001,931.8604181863761,48,0,1.0
8,Bottleneck,Optimal,0.8000000000000002,1861.9180695838675,94,0,1.0
8,Bottleneck,Optimal,0.25,1095.3482772289342,58,0,1.0
8,Bottleneck,Optimal,0.8000000000000002,1751.2660800853712,88,0,1.0
8,Bottleneck,Optimal,0.5499999999999999,656.5678872055014,39,0,1.0
8,Bottleneck,Optimal,0.9000000000000002,1782.8045128405647,96,0,1.0
8,Bottleneck,Optimal,0.7000000000000001,1221.36085518566,72,0,1.0
8,Bottleneck,Optimal,0.44999999999999996,1037.7534045724533,56,0,1.0
8,Bottleneck,Optimal,0.8000000000000002,877.2185214780709,51,0,1.0
8,Bottleneck,Optimal,0.44999999999999996,840.5813334660717,44,0,1.0
8,Bottleneck,Optimal,0.6,718.9807467453772,48,0,1.0
8,Bottleneck,Optimal,0.7500000000000001,1601.204596759287,85,0,1.0
8,Bottleneck,Optimal,0.65,1312.500374896293,72,0,1.0
8,Bottleneck,Optimal,0.8000000000000002,1069.6518508067322,55,0,1.0
8,Bottleneck,Optimal,0.65,1610.5085540392693,81,0,1.0
8,Bottleneck,Optimal,0.49999999999999994,1366.661807623908,70,0,1.0
8,Bottleneck,Optimal,0.7500000000000001,1426.7059394272844,80,0,1.0
8,Bottleneck,Optimal,0.7500000000000001,1210.455703389533,65,0,1.0
8,Bottleneck,Optimal,0.39999999999999997,1749.256049867874,89,0,1.0
8,Bottleneck,Optimal,0.0,1522.0321481537983,76,0,1.0
8,Bottleneck,Optimal,0.65,972.4705863957884,50,0,1.0
8,Bottleneck,Optimal,0.8000000000000002,1802.7583955428963,90,0,1.0
8,Bottleneck,Optimal,0.7000000000000001,972.3184742184993,54,0,1.0
8,Bottleneck,Optimal,0.7500000000000001,1366.9110100256044,70,0,1.0
8,Bottleneck,Optimal,0.7000000000000001,1033.868938355732,60,0,1.0
8,Bottleneck,Optimal,0.49999999999999994,1751.1537568249544,90,0,1.0
8,Bottleneck,Optimal,0.7000000000000001,1046.684687165845,59,0,1.0
8,Bottleneck,Optimal,0.44999999999999996,1341.0046258781779,72,0,1.0
8,Bottleneck,Optimal,0.7500000000000001,1580.0163033243768,83,0,1.0
8,Bottleneck,Optimal,0.65,1503.4884755579146,79,0,1.0
8,Bottleneck,Optimal,0.7500000000000001,823.0375447307526,43,0,1.0
8,Bottleneck,Optimal,0.44999999999999996,1544.180941146575,78,0,1.0
8,Bottleneck,Optimal,0.44999999999999996,1612.6715895088103,81,0,1.0
8,Bottleneck,Optimal,0.7000000000000001,1294.4275313419519,65,0,1.0
8,Bottleneck,Optimal,0.1,1306.539350649049,68,0,1.0
8,Bottleneck,Optimal,0.5499999999999999,1687.3302662116773,88,0,1.0
8,Bottleneck,Optimal,0.6,1224.7958630740857,62,0,1.0
8,Bottleneck,Optimal,0.7500000000000001,1559.4373135978983,84,0,1.0
8,Bottleneck,Optimal,0.9000000000000002,1428.5864945026894,83,0,1.0
8,Bottleneck,Optimal,0.7000000000000001,1233.2498439317078,68,0,1.0
8,Bottleneck,Optimal,0.39999999999999997,1643.128561397208,88,0,1.0
8,Bottleneck,Optimal,0.8000000000000002,1130.8791452178843,61,0,1.0
8,Bottleneck,Optimal,0.8500000000000002,1644.9845648392973,91,0,1.0
8,Bottleneck,Optimal,0.5499999999999999,1736.9512561351844,89,0,1.0
8,Bottleneck,Optimal,0.3,500.9319627208823,31,0,1.0
8,Bottleneck,Optimal,0.8500000000000002,1459.062936713038,75,0,1.0
8,Bottleneck,Optimal,0.5499999999999999,1299.9109378350934,71,0,1.0
8,Bottleneck,Optimal,0.35,1390.238275093558,72,0,1.0
8,Bottleneck,Optimal,0.35,533.7664955920358,29,0,1.0
8,Bottleneck,Optimal,0.7500000000000001,2092.2632876103185,110,0,1.0
8,Bottleneck,Optimal,0.25,370.0505578486831,21,0,1.0
8,Bottleneck,Optimal,0.8000000000000002,1378.7041343513924,76,0,1.0
8,Bottleneck,Optimal,0.8000000000000002,1252.1563775127402,68,0,1.0
8,Bottleneck,Optimal,0.49999999999999994,1708.775099862738,90,0,1.0
8,Bottleneck,Optimal,0.39999999999999997,933.7370275959549,51,0,1.0
8,Bottleneck,Optimal,0.5499999999999999,1153.9540070853768,68,0,1.0
8,Bottleneck,Optimal,0.49999999999999994,1730.7277543259747,89,0,1.0
8,Bottleneck,Optimal,0.5499999999999999,1751.8951270275525,90,0,1.0
8,Bottleneck,Optimal,0.7500000000000001,1563.4618103855496,84,0,1.0
8,Bottleneck,Optimal,0.8000000000000002,2011.303869793079,103,0,1.0
8,Bottleneck,Optimal,0.44999999999999996,775.777891907651,47,0,1.0
8,Bottleneck,Optimal,0.65,1234.672164596204,67,0,1.0
8,Bottleneck,Optimal,0.6,959.6164358749185,54,0,1.0
8,Bottleneck,Optimal,0.8000000000000002,1501.3841097516683,76,0,1.0
8,Bottleneck,Optimal,0.7000000000000001,976.7054267862228,55,0,1.0
8,Bottleneck,Optimal,0.3,570.8737163693914,31,0,1.0
8,Bottleneck,Optimal,0.65,623.6496965923562,33,0,1.0
8,Bottleneck,Optimal,0.35,1529.1275949100216,77,0,1.0
8,Bottleneck,Optimal,0.7000000000000001,982.3911663744796,55,0,1.0
8,Bottleneck,Optimal,0.65,1377.7989903864411,70,0,1.0
8,Bottleneck,Optimal,0.6,1542.8503615151096,81,0,1.0
8,Bottleneck,Optimal,0.8000000000000002,1738.6432903628315,87,0,1.0
8,Bottleneck,Optimal,0.8500000000000002,1342.8937882950115,68,0,1.0
8,Bottleneck,Optimal,0.39999999999999997,1110.9579196029595,63,0,1.0
8,Bottleneck,Optimal,0.49999999999999994,717.2424859826777,40,0,1.0
8,Bottleneck,Optimal,0.7000000000000001,835.8149410089223,48,0,1.0
8,Bottleneck,Optimal,0.7000000000000001,1223.8493314757973,71,0,1.0
8,Bottleneck,Optimal,0.8000000000000002,1712.6421431475515,86,0,1.0
8,Bottleneck,Optimal,0.3,882.1257558450508,45,0,1.0
8,Bottleneck,Optimal,0.49999999999999994,695.9177617101159,36,0,1.0
8,Bottleneck,Optimal,0.65,1300.922866348576,66,0,1.0
8,Bottleneck,Optimal,0.8000000000000002,1100.8070961383075,61,0,1.0
8,Bottleneck,Optimal,0.65,1007.5286414911712,53,0,1.0
8,Bottleneck,Optimal,0.49999999999999994,1445.0635901289231,72,0,1.0
8,Bottleneck,Optimal,0.65,993.8281076983435,51,0,1.0
8,Bottleneck,Optimal,0.35,997.477374507644,50,0,1.0
8,Bottleneck,Optimal,0.65,757.4447429311922,41,0,1.0
8,Bottleneck,Optimal,0.8000000000000002,1026.4897081850963,60,0,1.0
8,Bottleneck,Optimal,0.6,825.0928108080155,44,0,1.0
8,Bottleneck,Optimal,0.44999999999999996,1126.5052328815864,62,0,1.0
8,Bottleneck,Optimal,0.7000000000000001,1039.955017761555,54,0,1.0
8,Bottleneck,Optimal,0.35,1001.7703749264011,51,0,1.0
8,Bottleneck,Optimal,0.35,1097.1767439817384,60,0,1.0
8,Bottleneck,Optimal,0.3,1463.3273929946354,74,0,1.0
8,Bottleneck,Optimal,0.3,1385.4983083374686,71,0,1.0
8,Bottleneck,Optimal,0.39999999999999997,1155.7901509540488,58,0,1.0
8,Bottleneck,Optimal,0.8000000000000002,715.9526384568637,41,0,1.0
8,Bottleneck,Optimal,0.6,1136.144352763237,59,0,1.0
8,Bottleneck,Optimal,0.7500000000000001,1111.0320857383197,61,0,1.0
8,Bottleneck,Optimal,0.6,1024.5425006400758,60,0,1.0
8,Bottleneck,Optimal,0.25,507.6432794474827,28,0,1.0
8,Bottleneck,Optimal,0.7000000000000001,854.2946898084034,44,0,1.0
8,Bottleneck,Optimal,0.0,1042.034694113388,53,0,1.0
8,Bottleneck,Optimal,0.65,832.6629061644978,43,0,1.0
8,Bottleneck,Optimal,0.6,1139.9020120511711,61,0,1.0
8,Bottleneck,Optimal,0.5499999999999999,999.6335540658758,52,0,1.0
8,Bottleneck,Optimal,0.44999999999999996,757.339031954805,39,0,1.0
8,Bottleneck,Optimal,0.2,1306.1213399442438,66,0,1.0
8,Bottleneck,Optimal,0.7000000000000001,1360.3533484368904,72,0,1.0
8,Bottleneck,Optimal,0.49999999999999994,1196.888907857329,61,0,1.0
8,Bottleneck,Optimal,0.49999999999999994,1602.7691952467717,80,0,1.0
8,Bottleneck,Optimal,0.5499999999999999,1563.3029736721548,82,0,1.0
8,Bottleneck,Optimal,0.6,804.6035910189436,42,0,1.0
8,Bottleneck,Optimal,0.35,622.0557712023501,33,0,1.0
8,Bottleneck,Optimal,0.39999999999999997,1751.4776707514948,88,0,1.0
8,Bottleneck,Optimal,0.8000000000000002,1253.81173811604,64,0,1.0
8,Bottleneck,Optimal,0.9000000000000002,1647.143822663221,82,0,1.0
8,Bottleneck,Optimal,0.39999999999999997,973.812242148187,53,0,1.0
8,Bottleneck,Optimal,0.7000000000000001,1550.9914361240317,86,0,1.0
8,Bottleneck,Optimal,0.6,729.5526241169043,40,0,1.0
8,Bottleneck,Optimal,0.6,1507.9877533772485,76,0,1.0
8,Bottleneck,Optimal,0.49999999999999994,1303.5927086313807,66,0,1.0
8,Bottleneck,Optimal,0.6,1381.113933440206,70,0,1.0
8,Bottleneck,Optimal,0.25,729.7292082139732,38,0,1.0
8,Bottleneck,Optimal,0.3,566.6165547583154,31,0,1.0
8,Bottleneck,Optimal,0.7000000000000001,1064.7107575668097,59,0,1.0
8,Bottleneck,Optimal,0.6,1402.038552789374,75,0,1.0
8,Bottleneck,Optimal,0.5499999999999999,1454.5408609502676,73,0,1.0
8,Bottleneck,Optimal,0.49999999999999994,1156.3407890556796,60,0,1.0
8,Bottleneck,Optimal,0.39999999999999997,992.8514841248043,52,0,1.0
8,Bottleneck,Optimal,0.35,1083.4331617893972,56,0,1.0
8,Bottleneck,Optimal,0.8500000000000002,1120.13311102392,61,0,1.0
8,Bottleneck,Optimal,0.9000000000000002,1200.6548351977085,64,0,1.0
8,Bottleneck,Optimal,0.7000000000000001,1436.0310051789727,75,0,1.0
8,Bottleneck,Optimal,0.2,1046.8130538770229,54,0,1.0
8,Bottleneck,Optimal,0.2,1336.7275883038262,69,0,1.0
8,Bottleneck,Optimal,0.49999999999999994,996.3389142781817,53,0,1.0
8,Bottleneck,Optimal,0.05,705.9513213835837,37,0,1.0
8,Bottleneck,Optimal,0.7000000000000001,971.0998677657233,53,0,1.0
8,Bottleneck,Optimal,0.6,1288.3064306575059,66,0,1.0
8,Bottleneck,Optimal,0.6,1288.1831354079995,66,0,1.0
8,Bottleneck,Optimal,0.2,589.5265230135154,32,0,1.0
8,Bottleneck,Optimal,0.3,946.0353823699642,48,0,1.0
8,Bottleneck,Optimal,0.35,1421.1096985722245,73,0,1.0
8,Bottleneck,Optimal,0.49999999999999994,1036.4555106406165,58,0,1.0
8,Bottleneck,Optimal,0.39999999999999997,1106.1098279528862,58,0,1.0
8,Bottleneck,Optimal,0.8000000000000002,1082.5575433884899,55,0,1.0
8,Bottleneck,Optimal,0.5499999999999999,742.729435500193,48,0,1.0
8,Bottleneck,Optimal,0.7500000000000001,663.3260095257689,38,0,1.0
8,Bottleneck,Optimal,0.39999999999999997,1860.9552669310247,92,0,1.0
8,Bottleneck,Optimal,0.7500000000000001,1152.2621959434032,65,0,1.0
8,Bottleneck,Optimal,0.39999999999999997,1168.3407957647314,61,0,1.0
8,Bottleneck,Optimal,0.6,1554.327560687708,81,0,1.0
8,Bottleneck,Optimal,0.7500000000000001,1999.326587369649,99,0,1.0
8,Bottleneck,Optimal,0.7000000000000001,979.3531870046556,50,0,1.0
8,Bottleneck,Optimal,0.35,1452.2068433219613,75,0,1.0
8,Bottleneck,Optimal,0.5499999999999999,690.410548713254,41,0,1.0
8,Bottleneck,Optimal,0.5499999999999999,1115.8092969983634,60,0,1.0
8,Bottleneck,Optimal,0.1,1245.7345710606298,63,0,1.0
8,Bottleneck,Optimal,0.7000000000000001,1654.9818228801128,92,0,1.0
8,Bottleneck,Optimal,0.44999999999999996,947.2067882431179,52,0,1.0
8,Bottleneck,Optimal,0.5499999999999999,1047.707656995932,53,0,1.0
8,Bottleneck,Optimal,0.65,1080.4028376422,61,0,1.0
8,Bottleneck,Optimal,0.8000000000000002,1100.854835092875,58,0,1.0
8,Bottleneck,Optimal,0.49999999999999994,623.5412074458033,37,0,1.0
8,Bottleneck,Optimal,0.7000000000000001,1472.1759938865312,80,0,1.0
8,Bottleneck,Optimal,0.5499999999999999,918.2871060724246,51,0,1.0
8,Bottleneck,Optimal,0.7000000000000001,1554.8478591639728,82,0,1.0
8,Bottleneck,Optimal,0.5499999999999999,945.8249901842445,49,0,1.0
8,Bottleneck,Optimal,0.6,1352.3289040192128,68,0,1.0
8,Bottleneck,Optimal,0.44999999999999996,1423.8978515851252,77,0,1.0
8,Bottleneck,Optimal,0.9000000000000002,1664.6415204859054,89,0,1.0
8,Bottleneck,Optimal,0.7500000000000001,1060.4312341909863,55,0,1.0
8,Bottleneck,Optimal,0.5499999999999999,1278.134904719212,66,0,1.0
8,Bottleneck,Optimal,0.8000000000000002,744.421485561505,43,0,1.0
8,Bottleneck,Optimal,0.65,911.8279191432486,49,0,1.0
8,Bottleneck,Optimal,0.15000000000000002,1079.2181611029312,55,0,1.0
8,Bottleneck,Optimal,0.7000000000000001,1663.785724568917,86,0,1.0
8,Bottleneck,Optimal,0.7000000000000001,852.8145481113713,45,0,1.0
8,Bottleneck,Optimal,0.35,609.5740789733879,35,0,1.0
8,Bottleneck,Optimal,0.35,1227.5255748939226,62,0,1.0
8,Bottleneck,Optimal,0.25,780.9475881333316,42,0,1.0
8,Bottleneck,Optimal,0.5499999999999999,850.4180143360037,50,0,1.0
8,Bottleneck,Optimal,0.44999999999999996,1230.7293999851204,63,0,1.0
8,Bottleneck,Optimal,0.6,777.5983192589938,41,0,1.0
8,Bottleneck,Optimal,0.5499999999999999,1329.1126053943665,67,0,1.0
8,Bottleneck,Optimal,0.49999999999999994,1241.0231710211776,69,0,1.0
8,Bottleneck,Optimal,0.39999999999999997,1425.0684707154091,76,0,1.0
8,Bottleneck,Optimal,0.6,798.5431826167113,42,0,1.0
8,Bottleneck,Optimal,0.65,1715.011140768147,100,0,1.0
8,Bottleneck,Optimal,0.49999999999999994,668.345922285142,35,0,1.0
8,Bottleneck,Optimal,0.8000000000000002,1439.1456624763764,72,0,1.0
8,Bottleneck,Optimal,0.7500000000000001,1246.3972846611205,70,0,1.0
8,Bottleneck,Optimal,0.65,1924.5709117601032,95,0,1.0
8,Bottleneck,Optimal,0.6,796.4486509281502,49,0,1.0
8,Bottleneck,Optimal,0.15000000000000002,1279.9673037671253,65,0,1.0
8,Bottleneck,Optimal,0.5499999999999999,1355.1522075830173,74,0,1.0
8,Bottleneck,Optimal,0.8500000000000002,1779.6739999387228,88,0,1.0
8,Bottleneck,Optimal,0.9000000000000002,1427.1347282993052,85,0,1.0
8,Bottleneck,Optimal,0.8000000000000002,1843.9359283394942,92,0,1.0
8,Bottleneck,Optimal,0.6,770.4229934697601,42,0,1.0
8,Bottleneck,Optimal,0.65,1444.8961997255997,72,0,1.0
8,Bottleneck,Optimal,0.1,1518.9204977098914,76,0,1.0
8,Bottleneck,Optimal,0.5499999999999999,1662.4361720041954,91,0,1.0
8,Bottleneck,Optimal,0.7500000000000001,1435.930555822818,76,0,1.0
8,Bottleneck,Optimal,0.6,1544.8269240423447,80,0,1.0
8,Bottleneck,Optimal,0.7500000000000001,1045.402565799669,59,0,1.0
8,Bottleneck,Optimal,0.25,819.5994842707679,44,0,1.0
8,Bottleneck,Optimal,0.7000000000000001,598.7954825142383,43,0,1.0
8,Bottleneck,Optimal,0.25,1521.6771649658735,77,0,1.0
8,Bottleneck,Optimal,0.49999999999999994,1333.201423928888,72,0,1.0
8,Bottleneck,Optimal,0.44999999999999996,766.4959193676953,41,0,1.0
8,Bottleneck,Optimal,0.2,768.0524320699363,41,0,1.0
8,Bottleneck,Optimal,0.0,1571.517819810076,78,0,1.0
8,Bottleneck,Optimal,0.5499999999999999,1321.199611920693,70,0,1.0
8,Bottleneck,Optimal,0.6,1556.9705947501318,78,0,1.0
8,Bottleneck,Optimal,0.65,1029.191064096589,52,0,1.0
8,Bottleneck,Optimal,0.3,795.0825172911334,41,0,1.0
8,Bottleneck,Optimal,0.65,919.0673249589221,47,0,1.0
8,Bottleneck,Optimal,0.3,1303.5781081937691,66,0,1.0
8,Bottleneck,Optimal,0.39999999999999997,1649.554615789326,82,0,1.0
8,Bottleneck,Optimal,0.44999999999999996,1104.259380955931,58,0,1.0
8,Bottleneck,Optimal,0.6,1220.566401667163,62,0,1.0
8,Bottleneck,Optimal,0.7500000000000001,1493.936640987753,78,0,1.0
8,Bottleneck,Optimal,0.65,1152.2586815396862,59,0,1.0
8,Bottleneck,Optimal,0.7500000000000001,1060.8443271708597,55,0,1.0
8,Bottleneck,Optimal,0.8000000000000002,1343.5206170743145,68,0,1.0
8,Bottleneck,Optimal,0.65,1279.0165369143854,65,0,1.0
8,Bottleneck,Optimal,0.7500000000000001,842.5485654287747,44,0,1.0
8,Bottleneck,Optimal,0.65,998.9767481725725,51,0,1.0
8,Bottleneck,Optimal,0.9000000000000002,1402.0698823496627,71,0,1.0
8,Bottleneck,Optimal,0.8000000000000002,1154.4636864285048,62,0,1.0
8,Bottleneck,Optimal,0.7500000000000001,1484.6224589169915,75,0,1.0
8,Bottleneck,Optimal,0.3,1692.3417626230878,84,0,1.0
8,Bottleneck,Optimal,0.7500000000000001,1463.3897102909743,80,0,1.0
8,Bottleneck,Optimal,0.5499999999999999,1437.1550375951076,78,0,1.0
8,Bottleneck,Optimal,0.65,1330.5487438315015,69,0,1.0
8,Bottleneck,Optimal,0.3,1645.3985551413805,84,0,1.0
8,Bottleneck,Optimal,0.5499999999999999,936.4968185053199,49,0,1.0
8,Bottleneck,Optimal,0.6,1094.5776717845729,59,0,1.0
8,Bottleneck,Optimal,0.49999999999999994,1401.1072321363977,72,0,1.0
8,Bottleneck,Optimal,0.65,1524.1843438588155,76,0,1.0
8,Bottleneck,Optimal,0.7000000000000001,893.126635263241,53,0,1.0
8,Bottleneck,Optimal,0.7000000000000001,945.3868138772452,55,0,1.0
8,Bottleneck,Optimal,0.49999999999999994,1275.9274246417187,71,0,1.0
8,Bottleneck,Optimal,0.7000000000000001,1402.0552778712708,74,0,1.0
8,Bottleneck,Optimal,0.6,1578.3558083626983,80,0,1.0
8,Bottleneck,Optimal,0.6,1803.0586200109115,105,0,1.0
8,Bottleneck,Optimal,0.44999999999999996,618.9366013347266,34,0,1.0
8,Bottleneck,Optimal,0.5499999999999999,1352.61114196069,73,0,1.0
8,Bottleneck,Optimal,0.39999999999999997,1278.2902054208264,65,0,1.0
8,Bottleneck,Optimal,0.6,1735.403285597827,90,0,1.0
8,Bottleneck,Optimal,0.7500000000000001,1066.541785943789,55,0,1.0
8,Bottleneck,Optimal,0.44999999999999996,1522.5259162905927,76,0,1.0
8,Bottleneck,Optimal,0.15000000000000002,1164.3308809735256,59,0,1.0
8,Bottleneck,Optimal,0.8000000000000002,1626.8424953151361,87,0,1.0
8,Bottleneck,Optimal,0.44999999999999996,1895.1902458293412,94,0,1.0
8,Bottleneck,Optimal,0.7500000000000001,1884.549344583683,97,0,1.0
8,Bottleneck,Optimal,0.44999999999999996,838.701442551356,45,0,1.0
8,Bottleneck,Optimal,0.7000000000000001,1498.2442454484649,75,0,1.0
8,Bottleneck,Optimal,0.6,1785.527744774099,97,0,1.0
8,Bottleneck,Optimal,0.7500000000000001,1023.1398395928552,55,0,1.0
8,Bottleneck,Optimal,0.65,1566.1648626317876,82,0,1.0
8,Bottleneck,Optimal,0.49999999999999994,813.0842822895743,45,0,1.0
8,Bottleneck,Optimal,0.44999999999999996,1787.1842423602102,94,0,1.0
8,Bottleneck,Optimal,0.8500000000000002,1279.9831206102217,70,0,1.0
8,Bottleneck,Optimal,0.65,1210.3641091666034,67,0,1.0
8,Bottleneck,Optimal,0.65,1023.3702021095271,60,0,1.0
8,Bottleneck,Optimal,0.7000000000000001,1102.3768043380458,60,0,1.0
8,Bottleneck,Optimal,0.25,568.2579795855196,31,0,1.0
8,Bottleneck,Optimal,0.44999999999999996,1715.7501493358131,88,0,1.0
8,Bottleneck,Optimal,0.8500000000000002,1275.3328013615335,70,0,1.0
8,Bottleneck,Optimal,0.8000000000000002,1217.341674094724,67,0,1.0
8,Bottleneck,Optimal,0.44999999999999996,954.3961975517695,54,0,1.0
8,Bottleneck,Optimal,0.8000000000000002,1705.9828950845656,91,0,1.0
8,Bottleneck,Optimal,0.65,878.0724866665402,52,0,1.0
8,Bottleneck,Optimal,0.6,1208.1448641043219,65,0,1.0
8,Bottleneck,Optimal,0.49999999999999994,1263.8445229247181,70,0,1.0
8,Bottleneck,Optimal,0.8500000000000002,1579.0745917686008,85,0,1.0
8,Bottleneck,Optimal,0.5499999999999999,1295.8392455946303,66,0,1.0
8,Bottleneck,Optimal,0.7500000000000001,1590.2452272437006,89,0,1.0
8,Bottleneck,Optimal,0.7500000000000001,857.995153923422,44,0,1.0
8,Bottleneck,Optimal,0.65,1095.4080708631645,67,0,1.0
8,Bottleneck,Optimal,0.7500000000000001,1046.7337768354573,56,0,1.0
8,Bottleneck,Optimal,0.1,883.5774124106342,47,0,1.0
8,Bottleneck,Optimal,0.44999999999999996,1261.2753298850178,68,0,1.0
8,Bottleneck,Optimal,0.49999999999999994,551.3530894935981,31,0,1.0
8,Bottleneck,Optimal,0.44999999999999996,602.8474481749113,36,0,1.0
8,Bottleneck,Optimal,0.5499999999999999,964.5728777920226,52,0,1.0
8,Bottleneck,Optimal,0.49999999999999994,610.1887344152996,32,0,1.0
8,Bottleneck,Optimal,0.5499999999999999,881.8018417134929,45,0,1.0
8,Bottleneck,Optimal,0.25,1001.8096612786719,53,0,1.0
8,Bottleneck,Optimal,0.6,714.3663522744639,41,0,1.0
8,Bottleneck,Optimal,0.5499999999999999,1669.384504390354,87,0,1.0
8,Bottleneck,Optimal,0.6,1568.5510713075278,82,0,1.0
8,Bottleneck,Optimal,0.49999999999999994,819.5258200767984,49,0,1.0
8,Bottleneck,Optimal,0.65,1091.3955692360116,59,0,1.0
8,Bottleneck,Optimal,0.6,1570.875494097209,82,0,1.0
8,Bottleneck,Optimal,0.44999999999999996,1079.3708574674674,58,0,1.0
8,Bottleneck,Optimal,0.7500000000000001,1375.4302614349124,78,0,1.0
8,Bottleneck,Optimal,0.25,847.2252511848225,47,0,1.0
8,Bottleneck,Optimal,0.49999999999999994,919.7943443328243,48,0,1.0
8,Bottleneck,Optimal,0.65,1523.5254063137527,83,0,1.0
8,Bottleneck,Optimal,0.7500000000000001,1125.8058184698903,68,0,1.0
8,Bottleneck,Optimal,0.7500000000000001,1271.7830122394842,73,0,1.0
8,Bottleneck,Optimal,0.3,775.6462411395868,43,0,1.0
8,Bottleneck,Optimal,0.7000000000000001,765.9734358156308,45,0,1.0
8,Bottleneck,Optimal,0.8000000000000002,815.0783414618028,52,0,1.0
8,Bottleneck,Optimal,0.6,1657.1383040331734,86,0,1.0
8,Bottleneck,Optimal,0.7000000000000001,1238.6970961193824,70,0,1.0
8,Bottleneck,Optimal,0.7500000000000001,1323.2625136372196,70,0,1.0
8,Bottleneck,Optimal,0.8500000000000002,1463.4990519370342,85,0,1.0
8,Bottleneck,Optimal,0.7500000000000001,1394.4492770109566,72,0,1.0
8,Bottleneck,Optimal,0.44999999999999996,1344.2675369374715,69,0,1.0
8,Bottleneck,Optimal,0.7500000000000001,1778.8244489094798,91,0,1.0
8,Bottleneck,Optimal,0.7000000000000001,923.0069735178351,53,0,1.0
8,Bottleneck,Optimal,0.6,1345.7719722406146,72,0,1.0
8,Bottleneck,Optimal,0.5499999999999999,794.5114578726211,41,0,1.0
8,Bottleneck,Optimal,0.0,1140.030142054432,57,0,1.0
8,Bottleneck,Optimal,0.65,1047.775792508233,55,0,1.0
8,Bottleneck,Optimal,0.39999999999999997,1157.2723486046668,61,0,1.0
8,Bottleneck,Optimal,0.44999999999999996,867.0059689827028,45,0,1.0
8,Bottleneck,Optimal,0.3,400.6207613614183,25,0,1.0
8,Bottleneck,Optimal,0.44999999999999996,1228.921310139487,62,0,1.0
8,Bottleneck,Optimal,0.65,1090.1855667028065,58,0,1.0
8,Bottleneck,Optimal,0.5499999999999999,1024.4063248380485,59,0,1.0
8,Bottleneck,Optimal,0.65,1097.075501906064,62,0,1.0
8,Bottleneck,Optimal,0.7000000000000001,758.6297681577762,50,0,1.0
8,Bottleneck,Optimal,0.7000000000000001,759.8130586360351,39,0,1.0
8,Bottleneck,Optimal,0.49999999999999994,937.0467192922158,53,0,1.0
8,Bottleneck,Optimal,0.6,1516.8557799151945,76,0,1.0
8,Bottleneck,Optimal,0.9000000000000002,1439.7877897359153,72,0,1.0
8,Bottleneck,Optimal,0.9000000000000002,1020.0464819387195,52,0,1.0
8,Bottleneck,Optimal,0.7000000000000001,1340.9578982436365,67,0,1.0
8,Bottleneck,Optimal,0.8000000000000002,1142.3357931347596,61,0,1.0
8,Bottleneck,Optimal,0.2,1691.7027015491726,84,0,1.0
8,Bottleneck,Optimal,0.8500000000000002,1119.2793691782113,63,0,1.0
8,Bottleneck,Optimal,0.7500000000000001,1055.1011318160245,55,0,1.0
