11,Bottleneck,No-Contraction,0.0,645.1918396715163,33,27,0.4947658402203857
11,Bottleneck,No-Contraction,0.0,373.3289438903544,20,0,1.0
11,Bottleneck,No-Contraction,0.0,1154.2415961858226,58,47,0.5611285266457681
11,Bottleneck,No-Contraction,0.0,464.0873318030156,25,18,0.6029090909090908
11,Bottleneck,No-Contraction,0.0,702.9437315406093,36,28,0.6303030303030304
11,Bottleneck,No-Contraction,0.0,971.4459802758656,49,40,0.34916512059369204
11,Bottleneck,No-Contraction,0.0,909.0339913566987,46,42,0.4051383399209486
11,Bottleneck,No-Contraction,0.0,826.7391177411401,42,32,0.6190476190476191
11,Bottleneck,No-Contraction,0.0,922.3605147291156,47,41,0.6205029013539652
11,Bottleneck,No-Contraction,0.0,1649.1060890976687,82,52,0.5893569844789357
11,Bottleneck,No-Contraction,0.0,840.7073892330193,43,29,0.7530655391120508
11,Bottleneck,No-Contraction,0.0,1309.4076388780693,65,57,0.593006993006993
11,Bottleneck,No-Contraction,0.0,534.3060870457864,28,17,0.7181818181818181
11,Bottleneck,No-Contraction,0.0,1263.7560740012877,63,27,0.8790764790764791
11,Bottleneck,No-Contraction,0.0,986.6771715657575,50,14,0.8858181818181818
11,Bottleneck,No-Contraction,0.0,986.254026948469,50,34,0.4625454545454545
11,Bottleneck,No-Contraction,0.0,1616.0067739360163,80,63,0.6659090909090909
11,Bottleneck,No-Contraction,0.0,1221.8487267236214,61,51,0.41847988077496273
11,Bottleneck,No-Contraction,0.0,753.292386622205,39,27,0.6051282051282052
11,Bottleneck,No-Contraction,0.0,835.6162718571429,43,38,0.6431289640591966
11,Bottleneck,No-Contraction,0.0,1228.467636280085,61,42,0.6557377049180327
11,Bottleneck,No-Contraction,0.0,1368.7455030797298,68,59,0.4844919786096257
11,Bottleneck,No-Contraction,0.0,1099.9259378379347,55,41,0.5550413223140496
11,Bottleneck,No-Contraction,0.0,637.8022519885463,33,23,0.6253443526170799
11,Bottleneck,No-Contraction,0.0,901.9174650974842,46,41,0.5652173913043478
11,Bottleneck,No-Contraction,0.0,1021.5630933160081,52,32,0.5765734265734266
11,Bottleneck,No-Contraction,0.0,1089.7805203564233,55,49,0.5639669421487603
11,Bottleneck,No-Contraction,0.0,1504.4830824640203,75,54,0.8087272727272727
11,Bottleneck,No-Contraction,0.0,497.7643519482868,26,16,0.6545454545454545
11,Bottleneck,No-Contraction,0.0,779.1090910225136,40,21,0.8627272727272727
11,Bottleneck,No-Contraction,0.0,280.9587758370386,16,10,0.5602272727272727
11,Bottleneck,No-Contraction,0.0,1462.3257058341906,73,30,0.7731008717310087
11,Bottleneck,No-Contraction,0.0,546.9644811201773,29,13,0.8238244514106583
11,Bottleneck,No-Contraction,0.0,737.6730938975555,38,34,0.6703349282296651
11,Bottleneck,No-Contraction,0.0,528.33682723704,28,19,0.5837662337662337
11,Bottleneck,No-Contraction,0.0,588.7066984851242,31,21,0.5348973607038123
11,Bottleneck,No-Contraction,0.0,929.7155905328516,47,39,0.6224371373307543
11,Bottleneck,No-Contraction,0.0,828.4054866693153,42,35,0.4038961038961039
11,Bottleneck,No-Contraction,0.0,881.0754634589904,45,25,0.8517171717171718
11,Bottleneck,No-Contraction,0.0,1630.0533324665269,81,40,0.9081930415263748
11,Bottleneck,No-Contraction,0.0,1199.0037864993621,60,50,0.4415151515151515
11,Bottleneck,No-Contraction,0.0,939.9081354745452,48,34,0.6674242424242425
11,Bottleneck,No-Contraction,0.0,1450.5299590850839,72,61,0.6712121212121213
11,Bottleneck,No-Contraction,0.0,566.3573221634945,30,25,0.6509090909090909
11,Bottleneck,No-Contraction,0.0,689.1208177278613,36,32,0.6222222222222222
11,Bottleneck,No-Contraction,0.0,1246.1202563226966,62,54,0.42287390029325517
11,Bottleneck,No-Contraction,0.0,1038.8602798298095,52,43,0.42832167832167833
11,Bottleneck,No-Contraction,0.0,807.6370905972138,41,24,0.7232815964523281
11,Bottleneck,No-Contraction,0.0,630.9579407353605,33,25,0.7388429752066116
11,Bottleneck,No-Contraction,0.0,1078.6613130555859,54,51,0.4983164983164983
11,Bottleneck,No-Contraction,0.0,777.7599671906977,40,19,0.8213636363636363
11,Bottleneck,No-Contraction,0.0,1503.664076451244,75,64,0.49333333333333335
11,Bottleneck,No-Contraction,0.0,955.9545152182147,48,30,0.7950757575757575
11,Bottleneck,No-Contraction,0.0,957.487116127734,48,41,0.3659090909090909
11,Bottleneck,No-Contraction,0.0,1728.9311268789033,86,50,0.595983086680761
11,Bottleneck,No-Contraction,0.0,1109.6102510516748,56,50,0.5564935064935065
11,Bottleneck,No-Contraction,0.0,1380.3486963287166,69,44,0.7675889328063241
11,Bottleneck,No-Contraction,0.0,1121.9203245888457,56,31,0.6376623376623377
11,Bottleneck,No-Contraction,0.0,1567.2020737748883,78,64,0.5895104895104895
11,Bottleneck,No-Contraction,0.0,1420.5695182439404,71,33,0.8765685019206145
11,Bottleneck,No-Contraction,0.0,1087.8291723277698,55,40,0.5457851239669421
11,Bottleneck,No-Contraction,0.0,999.6600888346069,50,44,0.6738181818181819
11,Bottleneck,No-Contraction,0.0,1363.791660122788,68,48,0.7863636363636364
11,Bottleneck,No-Contraction,0.0,985.2739726634461,50,39,0.8090909090909091
11,Bottleneck,No-Contraction,0.0,1210.0931375473313,61,54,0.43427719821162447
11,Bottleneck,No-Contraction,0.0,1381.8850043326229,69,51,0.6416337285902504
11,Bottleneck,No-Contraction,0.0,1590.9724331152163,79,66,0.4464902186421174
11,Bottleneck,No-Contraction,0.0,1361.679039015321,68,51,0.5855614973262032
11,Bottleneck,No-Contraction,0.0,1361.5344020342918,68,47,0.7144385026737967
11,Bottleneck,No-Contraction,0.0,1306.2050665428092,65,40,0.7062937062937062
11,Bottleneck,No-Contraction,0.0,1205.2796679345493,60,51,0.4578787878787879
11,Bottleneck,No-Contraction,0.0,1491.3370141982907,74,54,0.6088452088452089
11,Bottleneck,No-Contraction,0.0,1060.970527995685,53,35,0.6325900514579759
11,Bottleneck,No-Contraction,0.0,964.0047697748067,49,19,0.8460111317254174
11,Bottleneck,No-Contraction,0.0,1419.9918739937464,71,47,0.582842509603073
11,Bottleneck,No-Contraction,0.0,1065.753244305189,54,49,0.47979797979797983
11,Bottleneck,No-Contraction,0.0,1368.5509645027696,68,46,0.6173796791443851
11,Bottleneck,No-Contraction,0.0,721.5085551750705,37,26,0.744963144963145
11,Bottleneck,No-Contraction,0.0,883.8026932941978,45,22,0.7503030303030304
11,Bottleneck,No-Contraction,0.0,638.1747424838303,33,28,0.646831955922865
11,Bottleneck,No-Contraction,0.0,1247.605448638451,62,49,0.43284457478005867
11,Bottleneck,No-Contraction,0.0,726.7427974728006,37,23,0.7798525798525798
11,Bottleneck,No-Contraction,0.0,1031.134693660526,52,35,0.6332167832167832
11,Bottleneck,No-Contraction,0.0,947.572808110369,48,43,0.5215909090909091
11,Bottleneck,No-Contraction,0.0,757.6568693257898,39,30,0.7501165501165501
11,Bottleneck,No-Contraction,0.0,1530.3995939129497,76,41,0.7497607655502393
11,Bottleneck,No-Contraction,0.0,683.9351713957689,35,28,0.5132467532467533
11,Bottleneck,No-Contraction,0.0,1416.154128501355,70,15,0.9236363636363637
11,Bottleneck,No-Contraction,0.0,1420.3633061160904,71,51,0.7103713188220231
11,Bottleneck,No-Contraction,0.0,1168.2255426805361,59,38,0.5599383667180278
11,Bottleneck,No-Contraction,0.0,1256.4439955733312,63,33,0.8658008658008658
11,Bottleneck,No-Contraction,0.0,1818.824285509429,90,57,0.7228282828282827
11,Bottleneck,No-Contraction,0.0,991.6665895352576,50,42,0.6454545454545455
11,Bottleneck,No-Contraction,0.0,726.0020689219001,37,26,0.5366093366093366
11,Bottleneck,No-Contraction,0.0,1313.1564819453465,66,59,0.2914600550964187
11,Bottleneck,No-Contraction,0.0,1654.0867961641418,82,56,0.6629711751662971
11,Bottleneck,No-Contraction,0.0,1298.0331092561,65,19,0.8248951048951049
11,Bottleneck,No-Contraction,0.0,365.24629379092266,20,14,0.7354545454545455
11,Bottleneck,No-Contraction,0.0,1075.0143932924498,54,48,0.45690235690235687
11,Bottleneck,No-Contraction,0.0,1645.4443080549233,81,52,0.5468013468013467
11,Bottleneck,No-Contraction,0.0,1065.4465485989022,54,46,0.7262626262626263
11,Bottleneck,No-Contraction,0.0,1108.8383424897181,56,32,0.5857142857142856
11,Bottleneck,No-Contraction,0.0,1257.1018246045874,63,58,0.3018759018759019
11,Bottleneck,No-Contraction,0.0,601.3891079029406,31,26,0.41935483870967744
11,Bottleneck,No-Contraction,0.0,984.7992836922219,50,39,0.6116363636363636
11,Bottleneck,No-Contraction,0.0,794.6767447224436,41,18,0.7791574279379158
11,Bottleneck,No-Contraction,0.0,1634.5727928626825,81,67,0.49719416386083054
11,Bottleneck,No-Contraction,0.0,1006.2673023590695,51,40,0.7279857397504456
11,Bottleneck,No-Contraction,0.0,1686.8109828428942,83,62,0.7062431544359256
11,Bottleneck,No-Contraction,0.0,649.8572873037402,34,25,0.5903743315508021
11,Bottleneck,No-Contraction,0.0,1036.4716390583615,52,40,0.7447552447552448
11,Bottleneck,No-Contraction,0.0,516.1708440735265,27,13,0.7952861952861953
11,Bottleneck,No-Contraction,0.0,882.0912383743046,45,39,0.3195959595959596
11,Bottleneck,No-Contraction,0.0,1568.6745854581027,78,72,0.6006993006993007
11,Bottleneck,No-Contraction,0.0,1312.833811370998,66,54,0.3479338842975207
11,Bottleneck,No-Contraction,0.0,908.902441527346,46,33,0.666798418972332
11,Bottleneck,No-Contraction,0.0,933.706194907858,47,32,0.6297872340425532
11,Bottleneck,No-Contraction,0.0,1353.9580305676855,68,37,0.6024064171122995
11,Bottleneck,No-Contraction,0.0,1382.1605148920462,69,64,0.42635046113306985
11,Bottleneck,No-Contraction,0.0,1205.7466560515102,60,24,0.7790909090909091
11,Bottleneck,No-Contraction,0.0,717.0838229518405,37,24,0.6928746928746928
11,Bottleneck,No-Contraction,0.0,886.1446806239896,45,37,0.4771717171717172
11,Bottleneck,No-Contraction,0.0,1290.9281337500915,64,58,0.39261363636363633
11,Bottleneck,No-Contraction,0.0,1122.7182659401924,56,53,0.6737012987012987
11,Bottleneck,No-Contraction,0.0,1491.5578999182408,74,54,0.539066339066339
11,Bottleneck,No-Contraction,0.0,454.87805170948207,24,19,0.6083333333333333
11,Bottleneck,No-Contraction,0.0,898.6458121282193,46,25,0.8679841897233203
11,Bottleneck,No-Contraction,0.0,211.8510916768994,13,5,0.8181818181818182
11,Bottleneck,No-Contraction,0.0,1639.5088971596647,81,67,0.6067340067340068
11,Bottleneck,No-Contraction,0.0,562.1159561210209,29,22,0.7404388714733542
11,Bottleneck,No-Contraction,0.0,953.5849459671041,48,26,0.5916666666666667
11,Bottleneck,No-Contraction,0.0,474.79633623510074,25,15,0.6050909090909091
11,Bottleneck,No-Contraction,0.0,341.7876469314052,19,15,0.69377990430622
11,Bottleneck,No-Contraction,0.0,1032.0368730616449,52,31,0.6328671328671328
11,Bottleneck,No-Contraction,0.0,845.804091213355,43,33,0.5479915433403805
11,Bottleneck,No-Contraction,0.0,871.8839616075448,44,4,0.9702479338842974
11,Bottleneck,No-Contraction,0.0,1273.2067231998678,64,21,0.7715909090909091
11,Bottleneck,No-Contraction,0.0,1416.3002387080933,70,45,0.6597402597402597
11,Bottleneck,No-Contraction,0.0,981.485315926134,50,19,0.9021818181818182
11,Bottleneck,No-Contraction,0.0,1625.9961910098257,81,73,0.6675645342312009
11,Bottleneck,No-Contraction,0.0,1193.4387862082647,60,41,0.7209090909090909
11,Bottleneck,No-Contraction,0.0,630.56679105574,33,22,0.7950413223140497
11,Bottleneck,No-Contraction,0.0,1712.119786211243,85,75,0.4917647058823529
11,Bottleneck,No-Contraction,0.0,1193.4791509235881,60,50,0.5778787878787879
11,Bottleneck,No-Contraction,0.0,969.8591069943586,49,17,0.7703153988868274
11,Bottleneck,No-Contraction,0.0,642.5019315656018,33,20,0.7851239669421488
11,Bottleneck,No-Contraction,0.0,1288.9967918850775,64,60,0.6965909090909091
11,Bottleneck,No-Contraction,0.0,1108.034185278766,56,40,0.48214285714285715
11,Bottleneck,No-Contraction,0.0,614.8746938442564,32,27,0.40909090909090906
11,Bottleneck,No-Contraction,0.0,684.4972604838596,35,25,0.7153246753246753
11,Bottleneck,No-Contraction,0.0,1629.0796581150234,81,70,0.28597081930415263
11,Bottleneck,No-Contraction,0.0,1088.7805756832092,55,46,0.3910743801652892
11,Bottleneck,No-Contraction,0.0,1328.596919990452,66,51,0.6413223140495868
11,Bottleneck,No-Contraction,0.0,492.8888312864602,26,9,0.8433566433566433
11,Bottleneck,No-Contraction,0.0,1025.5942010727308,52,42,0.3902097902097902
11,Bottleneck,No-Contraction,0.0,685.6789626131186,35,28,0.68
11,Bottleneck,No-Contraction,0.0,993.4294944798289,50,41,0.4890909090909091
11,Bottleneck,No-Contraction,0.0,1582.2829597490922,78,65,0.6139860139860139
11,Bottleneck,No-Contraction,0.0,1237.1814342968505,62,46,0.5762463343108505
11,Bottleneck,No-Contraction,0.0,1169.382336490795,59,49,0.46502311248073963
11,Bottleneck,No-Contraction,0.0,673.3259360796725,35,30,0.5101298701298701
11,Bottleneck,No-Contraction,0.0,863.8981090774881,44,32,0.5495867768595042
11,Bottleneck,No-Contraction,0.0,1368.3252010775227,68,35,0.6834224598930481
11,Bottleneck,No-Contraction,0.0,1132.6459133542037,57,52,0.4462519936204147
11,Bottleneck,No-Contraction,0.0,675.6116941383655,35,30,0.6051948051948053
11,Bottleneck,No-Contraction,0.0,702.5256308728876,36,31,0.5287878787878788
11,Bottleneck,No-Contraction,0.0,1428.4563670624332,71,61,0.35825864276568503
11,Bottleneck,No-Contraction,0.0,1134.5650392247499,57,47,0.43859649122807015
11,Bottleneck,No-Contraction,0.0,1762.9541882809128,87,58,0.5272727272727273
11,Bottleneck,No-Contraction,0.0,604.0527455490829,31,21,0.5548387096774193
11,Bottleneck,No-Contraction,0.0,1089.4110314158115,55,48,0.36396694214876035
11,Bottleneck,No-Contraction,0.0,542.7101240043884,29,23,0.5078369905956113
11,Bottleneck,No-Contraction,0.0,1230.8649778064178,62,49,0.5404692082111436
11,Bottleneck,No-Contraction,0.0,1853.6327419226193,91,74,0.7122877122877123
11,Bottleneck,No-Contraction,0.0,1536.5325764749261,76,48,0.7588516746411483
11,Bottleneck,No-Contraction,0.0,554.603871385577,29,24,0.4670846394984326
11,Bottleneck,No-Contraction,0.0,1466.8216391402354,73,44,0.5576587795765878
11,Bottleneck,No-Contraction,0.0,1033.9817129729067,52,45,0.4097902097902098
11,Bottleneck,No-Contraction,0.0,1454.9069165202525,72,55,0.5232323232323233
11,Bottleneck,No-Contraction,0.0,1246.304286029378,62,51,0.5038123167155425
11,Bottleneck,No-Contraction,0.0,1386.349255568047,69,46,0.630566534914361
11,Bottleneck,No-Contraction,0.0,1547.4861752774848,77,32,0.830224321133412
11,Bottleneck,No-Contraction,0.0,1630.2378294582563,81,51,0.6891133557800224
11,Bottleneck,No-Contraction,0.0,328.98043318196,18,15,0.5333333333333333
11,Bottleneck,No-Contraction,0.0,874.6692447885738,44,33,0.48305785123966943
11,Bottleneck,No-Contraction,0.0,1466.7910813598924,73,43,0.6171855541718555
11,Bottleneck,No-Contraction,0.0,1088.0461457313052,55,48,0.5028099173553718
11,Bottleneck,No-Contraction,0.0,940.9549616835834,48,43,0.5481060606060606
11,Bottleneck,No-Contraction,0.0,1485.9136545093286,74,60,0.6550368550368549
11,Bottleneck,No-Contraction,0.0,524.035762490285,28,24,0.5363636363636364
11,Bottleneck,No-Contraction,0.0,1248.4267874017798,62,46,0.4219941348973607
11,Bottleneck,No-Contraction,0.0,1247.861530219687,62,38,0.5434017595307917
11,Bottleneck,No-Contraction,0.0,1295.8214405253252,65,54,0.7577622377622378
11,Bottleneck,No-Contraction,0.0,1110.0899153865005,56,42,0.7743506493506495
11,Bottleneck,No-Contraction,0.0,801.4394560085852,41,33,0.5813747228381375
11,Bottleneck,No-Contraction,0.0,973.5169458972903,49,27,0.6152133580705009
11,Bottleneck,No-Contraction,0.0,966.753421973328,49,44,0.35287569573283856
11,Bottleneck,No-Contraction,0.0,1155.3922194742006,58,45,0.713166144200627
11,Bottleneck,No-Contraction,0.0,915.5860127378888,46,41,0.5142292490118577
11,Bottleneck,No-Contraction,0.0,1237.2092994516556,62,15,0.9120234604105572
11,Bottleneck,No-Contraction,0.0,777.6260942944488,40,34,0.6527272727272727
11,Bottleneck,No-Contraction,0.0,1182.5378914546095,59,31,0.6292758089368259
11,Bottleneck,No-Contraction,0.0,394.0597456003847,21,10,0.8233766233766233
11,Bottleneck,No-Contraction,0.0,1243.2919039368257,62,48,0.5158357771260997
11,Bottleneck,No-Contraction,0.0,953.3551837552765,48,34,0.7393939393939394
11,Bottleneck,No-Contraction,0.0,1008.7962414913468,51,45,0.2809269162210339
11,Bottleneck,No-Contraction,0.0,1412.900373737101,70,59,0.6254545454545455
11,Bottleneck,No-Contraction,0.0,1238.3321188370062,62,56,0.37478005865102637
11,Bottleneck,No-Contraction,0.0,1074.23552606911,54,44,0.6279461279461279
11,Bottleneck,No-Contraction,0.0,701.0016317070817,36,17,0.8823232323232324
11,Bottleneck,No-Contraction,0.0,853.4293106765273,43,32,0.5902748414376322
11,Bottleneck,No-Contraction,0.0,885.6768937416925,45,39,0.34424242424242424
11,Bottleneck,No-Contraction,0.0,1461.7794840323834,73,54,0.4859277708592777
11,Bottleneck,No-Contraction,0.0,1000.789335074335,51,45,0.5903743315508021
11,Bottleneck,No-Contraction,0.0,959.3854424394473,49,37,0.5291280148423005
11,Bottleneck,No-Contraction,0.0,687.7642011266589,36,28,0.6257575757575757
11,Bottleneck,No-Contraction,0.0,558.4720266991502,29,25,0.6043887147335423
11,Bottleneck,No-Contraction,0.0,1063.359938481394,54,39,0.6451178451178451
11,Bottleneck,No-Contraction,0.0,620.7333794288929,32,26,0.7636363636363637
11,Bottleneck,No-Contraction,0.0,1321.3214688298553,66,58,0.6699724517906336
11,Bottleneck,No-Contraction,0.0,840.1373366866193,43,37,0.48287526427061317
11,Bottleneck,No-Contraction,0.0,833.1251342721022,42,29,0.5787878787878787
11,Bottleneck,No-Contraction,0.0,664.1147668938739,34,29,0.4379679144385027
11,Bottleneck,No-Contraction,0.0,421.1274282797813,23,11,0.7494071146245058
11,Bottleneck,No-Contraction,0.0,898.6856156303772,46,38,0.4731225296442688
11,Bottleneck,No-Contraction,0.0,838.0729907971588,43,37,0.46173361522198736
11,Bottleneck,No-Contraction,0.0,1281.6274813015054,64,47,0.5386363636363636
11,Bottleneck,No-Contraction,0.0,756.2952847970107,39,30,0.662004662004662
11,Bottleneck,No-Contraction,0.0,983.0713692188211,50,27,0.7450909090909091
11,Bottleneck,No-Contraction,0.0,1030.9979110185025,52,35,0.7923076923076924
11,Bottleneck,No-Contraction,0.0,953.3845482735487,48,43,0.4575757575757576
11,Bottleneck,No-Contraction,0.0,1217.5394284547053,61,34,0.8461997019374068
11,Bottleneck,No-Contraction,0.0,1594.8258289408548,79,0,1.0
11,Bottleneck,No-Contraction,0.0,347.6797146677006,19,9,0.7253588516746411
11,Bottleneck,No-Contraction,0.0,1153.6061374713354,58,25,0.8802507836990595
11,Bottleneck,No-Contraction,0.0,854.1849485232013,44,39,0.4698347107438016
11,Bottleneck,No-Contraction,0.0,1481.0727515817182,74,67,0.5425061425061425
11,Bottleneck,No-Contraction,0.0,672.8918397694254,35,1,0.9906493506493507
11,Bottleneck,No-Contraction,0.0,837.7304531573824,43,39,0.6735729386892177
11,Bottleneck,No-Contraction,0.0,396.27629844554394,22,11,0.643801652892562
11,Bottleneck,No-Contraction,0.0,1213.0130388418936,61,34,0.831892697466468
11,Bottleneck,No-Contraction,0.0,1080.9970211083257,54,48,0.3313131313131313
11,Bottleneck,No-Contraction,0.0,594.1259754357066,31,24,0.6609970674486804
11,Bottleneck,No-Contraction,0.0,1106.815807735112,56,47,0.5474025974025974
11,Bottleneck,No-Contraction,0.0,795.6359127797873,41,22,0.6199556541019956
11,Bottleneck,No-Contraction,0.0,556.907443141723,29,19,0.6626959247648903
11,Bottleneck,No-Contraction,0.0,971.2636910168684,49,36,0.6051948051948052
11,Bottleneck,No-Contraction,0.0,691.1241884005591,36,22,0.6555555555555556
11,Bottleneck,No-Contraction,0.0,1076.093374050549,54,42,0.5582491582491582
11,Bottleneck,No-Contraction,0.0,725.1703654448094,37,10,0.9095823095823097
11,Bottleneck,No-Contraction,0.0,1276.9336960155542,64,49,0.6426136363636363
11,Bottleneck,No-Contraction,0.0,953.0695504948677,48,31,0.6420454545454546
11,Bottleneck,No-Contraction,0.0,628.19462468507,33,27,0.45454545454545453
11,Bottleneck,No-Contraction,0.0,455.70444803654215,24,19,0.5530303030303031
11,Bottleneck,No-Contraction,0.0,882.9713797071789,45,24,0.6642424242424242
11,Bottleneck,No-Contraction,0.0,807.0444263748,41,29,0.5427937915742793
11,Bottleneck,No-Contraction,0.0,1325.1035404695824,66,39,0.7724517906336088
11,Bottleneck,No-Contraction,0.0,1221.0999186702843,61,55,0.46438152011922507
11,Bottleneck,No-Contraction,0.0,912.7238542179579,46,25,0.7114624505928854
11,Bottleneck,No-Contraction,0.0,1350.7928900024774,67,59,0.5850746268656717
11,Bottleneck,No-Contraction,0.0,880.8208559183252,45,38,0.6113131313131314
11,Bottleneck,No-Contraction,0.0,1181.0273041283274,59,54,0.3895223420647149
11,Bottleneck,No-Contraction,0.0,1196.3815979401681,60,47,0.5412121212121211
11,Bottleneck,No-Contraction,0.0,1014.6420944013205,51,31,0.8381461675579324
11,Bottleneck,No-Contraction,0.0,1327.2060055520853,66,42,0.8619834710743801
11,Bottleneck,No-Contraction,0.0,922.6694613796558,47,31,0.672340425531915
11,Bottleneck,No-Contraction,0.0,1109.292644311435,56,49,0.6840909090909092
11,Bottleneck,No-Contraction,0.0,1208.3863612599232,61,18,0.8387481371087928
11,Bottleneck,No-Contraction,0.0,771.6317048039118,40,26,0.5650000000000001
11,Bottleneck,No-Contraction,0.0,1077.6863510272303,54,45,0.49797979797979797
11,Bottleneck,No-Contraction,0.0,922.7002266443475,47,37,0.565183752417795
11,Bottleneck,No-Contraction,0.0,1260.5808492324807,63,38,0.8285714285714286
11,Bottleneck,No-Contraction,0.0,1267.115065716102,63,44,0.6796536796536797
11,Bottleneck,No-Contraction,0.0,867.8159617379866,44,32,0.6652892561983471
11,Bottleneck,No-Contraction,0.0,794.9001041985397,41,30,0.647450110864745
11,Bottleneck,No-Contraction,0.0,1108.6096450015098,56,44,0.45811688311688314
11,Bottleneck,No-Contraction,0.0,643.2372423031819,33,23,0.7289256198347107
11,Bottleneck,No-Contraction,0.0,1459.0637118125987,73,5,0.9775840597758405
11,Bottleneck,No-Contraction,0.0,615.3568453960321,32,26,0.46136363636363636
11,Bottleneck,No-Contraction,0.0,1221.905472022679,61,46,0.7621460506706409
11,Bottleneck,No-Contraction,0.0,951.9716292597808,48,44,0.5321969696969697
11,Bottleneck,No-Contraction,0.0,894.9126299956504,45,42,0.36686868686868684
11,Bottleneck,No-Contraction,0.0,666.3660313187634,34,18,0.8074866310160428
11,Bottleneck,No-Contraction,0.0,1322.0782041019581,66,46,0.8297520661157025
11,Bottleneck,No-Contraction,0.0,951.1441174102234,48,41,0.5045454545454545
11,Bottleneck,No-Contraction,0.0,1374.1803922731065,68,63,0.26818181818181813
11,Bottleneck,No-Contraction,0.0,933.1640566046246,47,33,0.48665377176015473
11,Bottleneck,No-Contraction,0.0,1349.4009603225957,67,57,0.6040705563093622
11,Bottleneck,No-Contraction,0.0,900.1392497585593,46,23,0.7422924901185771
11,Bottleneck,No-Contraction,0.0,1106.562207710609,56,34,0.648051948051948
11,Bottleneck,No-Contraction,0.0,720.631364511706,37,21,0.6815724815724816
11,Bottleneck,No-Contraction,0.0,1004.9788226891625,51,26,0.7557932263814617
11,Bottleneck,No-Contraction,0.0,1345.0530474520956,67,50,0.5717774762550882
11,Bottleneck,No-Contraction,0.0,998.6695879359585,50,33,0.7276363636363636
11,Bottleneck,No-Contraction,0.0,1362.881265532376,68,50,0.5540106951871657
11,Bottleneck,No-Contraction,0.0,659.0828615041106,34,27,0.5390374331550802
11,Bottleneck,No-Contraction,0.0,1121.676249235497,56,51,0.5214285714285715
11,Bottleneck,No-Contraction,0.0,1023.6227952640174,52,42,0.44930069930069927
11,Bottleneck,No-Contraction,0.0,906.4131963386128,46,37,0.4739130434782609
11,Bottleneck,No-Contraction,0.0,612.5984719509643,32,23,0.7147727272727273
11,Bottleneck,No-Contraction,0.0,500.4092485126182,27,19,0.6215488215488215
11,Bottleneck,No-Contraction,0.0,1363.2200887832298,68,55,0.45401069518716575
11,Bottleneck,No-Contraction,0.0,1083.519141465591,55,40,0.6175206611570248
11,Bottleneck,No-Contraction,0.0,1473.6568480959231,73,60,0.5332503113325031
11,Bottleneck,No-Contraction,0.0,636.0977378765476,33,25,0.4837465564738292
11,Bottleneck,No-Contraction,0.0,1015.4532286678769,51,39,0.5525846702317291
11,Bottleneck,No-Contraction,0.0,507.3262953122676,27,23,0.5164983164983165
11,Bottleneck,No-Contraction,0.0,1097.5707779207023,55,25,0.8525619834710744
11,Bottleneck,No-Contraction,0.0,1714.1848129525995,85,57,0.7972192513368984
11,Bottleneck,No-Contraction,0.0,1280.107875502551,64,31,0.8551136363636364
11,Bottleneck,No-Contraction,0.0,568.8768675240445,30,26,0.6721212121212121
11,Bottleneck,No-Contraction,0.0,1205.031989582684,60,42,0.5506060606060607
11,Bottleneck,No-Contraction,0.0,757.2217603566256,39,30,0.3906759906759907
11,Bottleneck,No-Contraction,0.0,1340.971815507737,67,45,0.6998643147896879
11,Bottleneck,No-Contraction,0.0,1424.2643086147798,71,53,0.7131882202304738
11,Bottleneck,No-Contraction,0.0,1452.701788005835,72,45,0.6876262626262626
11,Bottleneck,No-Contraction,0.0,1484.8841745449242,74,58,0.5764127764127764
11,Bottleneck,No-Contraction,0.0,1340.2856121803102,67,36,0.6564450474898237
11,Bottleneck,No-Contraction,0.0,484.96828776667496,26,18,0.48741258741258736
11,Bottleneck,No-Contraction,0.0,774.774605384417,40,29,0.4727272727272728
11,Bottleneck,No-Contraction,0.0,1230.5495966430897,62,54,0.48123167155425217
11,Bottleneck,No-Contraction,0.0,1248.3782932142324,62,55,0.3870967741935484
11,Bottleneck,No-Contraction,0.0,914.1387793095911,46,31,0.6371541501976284
11,Bottleneck,No-Contraction,0.0,1565.8206871982813,78,40,0.8566433566433566
11,Bottleneck,No-Contraction,0.0,510.37194609287104,27,9,0.8175084175084175
11,Bottleneck,No-Contraction,0.0,1133.6676370898308,57,51,0.31770334928229665
11,Bottleneck,No-Contraction,0.0,1002.1921534417362,51,40,0.493048128342246
11,Bottleneck,No-Contraction,0.0,1376.8213716709097,69,41,0.7978919631093544
11,Bottleneck,No-Contraction,0.0,921.2494387411607,47,31,0.5864603481624758
11,Bottleneck,No-Contraction,0.0,962.564078229336,49,13,0.9302411873840445
11,Bottleneck,No-Contraction,0.0,894.1848161849219,45,34,0.7612121212121212
11,Bottleneck,No-Contraction,0.0,1409.3009739593333,70,60,0.6254545454545455
11,Bottleneck,No-Contraction,0.0,861.0869942095787,44,21,0.7177685950413223
11,Bottleneck,No-Contraction,0.0,1655.0228631241253,82,38,0.869179600886918
11,Bottleneck,No-Contraction,0.0,790.9636435729514,40,29,0.6363636363636364
11,Bottleneck,No-Contraction,0.0,727.809164100964,37,27,0.483046683046683
11,Bottleneck,No-Contraction,0.0,814.9305900334477,42,24,0.7818181818181819
11,Bottleneck,No-Contraction,0.0,1149.0882888487583,58,33,0.729153605015674
11,Bottleneck,No-Contraction,0.0,1808.864149081514,89,71,0.8239019407558733
11,Bottleneck,No-Contraction,0.0,1651.799832282231,82,41,0.7272727272727272
11,Bottleneck,No-Contraction,0.0,1068.0609075620596,54,43,0.7138047138047138
11,Bottleneck,No-Contraction,0.0,838.4439562466067,43,35,0.5771670190274841
11,Bottleneck,No-Contraction,0.0,1463.028550716466,73,41,0.6112079701120797
11,Bottleneck,No-Contraction,0.0,1346.21546913049,67,56,0.4852103120759837
11,Bottleneck,No-Contraction,0.0,1142.670444304864,57,36,0.6644338118022329
11,Bottleneck,No-Contraction,0.0,976.4711933394135,49,14,0.8975881261595547
11,Bottleneck,No-Contraction,0.0,990.8048416581187,50,42,0.484
11,Bottleneck,No-Contraction,0.0,1507.0406515379614,75,51,0.7616969696969697
11,Bottleneck,No-Contraction,0.0,1323.6205350563455,66,51,0.6201101928374656
11,Bottleneck,No-Contraction,0.0,1460.0155169979662,73,48,0.7608966376089664
11,Bottleneck,No-Contraction,0.0,911.956477195121,46,37,0.450197628458498
11,Bottleneck,No-Contraction,0.0,705.5518752684105,36,28,0.3843434343434343
11,Bottleneck,No-Contraction,0.0,670.9452486779674,35,30,0.5407792207792207
11,Bottleneck,No-Contraction,0.0,1523.5509699697632,76,32,0.883732057416268
11,Bottleneck,No-Contraction,0.0,641.59035889977,33,26,0.5702479338842976
11,Bottleneck,No-Contraction,0.0,868.9718259778407,44,32,0.5119834710743801
11,Bottleneck,No-Contraction,0.0,539.1757985646339,28,14,0.740909090909091
11,Bottleneck,No-Contraction,0.0,688.6906781832937,36,17,0.8717171717171718
11,Bottleneck,No-Contraction,0.0,1121.4387496936201,56,41,0.6461038961038961
11,Bottleneck,No-Contraction,0.0,1321.711464873299,66,58,0.3545454545454545
11,Bottleneck,No-Contraction,0.0,656.1548054731347,34,27,0.5764705882352941
11,Bottleneck,No-Contraction,0.0,1611.2141430931215,80,43,0.9022727272727273
11,Bottleneck,No-Contraction,0.0,1666.2145144164601,82,69,0.5104212860310421
11,Bottleneck,No-Contraction,0.0,1012.3223072097392,51,25,0.8937611408199644
11,Bottleneck,No-Contraction,0.0,1839.117419998867,91,52,0.7354645354645354
11,Bottleneck,No-Contraction,0.0,1107.8434851680584,56,38,0.7811688311688313
11,Bottleneck,No-Contraction,0.0,617.8370808060109,32,28,0.3613636363636364
11,Bottleneck,No-Contraction,0.0,1614.6551398327374,80,70,0.6174999999999999
11,Bottleneck,No-Contraction,0.0,1363.758126602454,68,53,0.7818181818181819
11,Bottleneck,No-Contraction,0.0,876.8469520084968,45,22,0.7547474747474747
11,Bottleneck,No-Contraction,0.0,838.1731519093989,43,34,0.4359408033826639
11,Bottleneck,No-Contraction,0.0,1072.940610107857,54,33,0.6821548821548822
11,Bottleneck,No-Contraction,0.0,761.594291135162,39,34,0.4344988344988345
11,Bottleneck,No-Contraction,0.0,984.3408709562842,50,38,0.7076363636363636
11,Bottleneck,No-Contraction,0.0,423.823156182408,23,16,0.790513833992095
11,Bottleneck,No-Contraction,0.0,1097.5577570315934,55,22,0.7748760330578512
11,Bottleneck,No-Contraction,0.0,897.7872953247071,46,36,0.7675889328063242
11,Bottleneck,No-Contraction,0.0,1182.0907842857005,59,47,0.6117103235747304
11,Bottleneck,No-Contraction,0.0,629.1571254819918,33,14,0.7823691460055097
11,Bottleneck,No-Contraction,0.0,793.4674899802403,41,36,0.40709534368070954
11,Bottleneck,No-Contraction,0.0,1192.8712083742016,60,44,0.766969696969697
11,Bottleneck,No-Contraction,0.0,1116.6657891827863,56,44,0.5954545454545455
11,Bottleneck,No-Contraction,0.0,1018.2886996130869,51,43,0.6955436720142604
11,Bottleneck,No-Contraction,0.0,1009.7727741272143,51,28,0.7957219251336899
11,Bottleneck,No-Contraction,0.0,821.4412725507269,42,22,0.9047619047619048
11,Bottleneck,No-Contraction,0.0,1048.2925043420967,53,32,0.662778730703259
11,Bottleneck,No-Contraction,0.0,989.8528076235349,50,39,0.5516363636363636
11,Bottleneck,No-Contraction,0.0,661.3361696849347,34,28,0.7828877005347593
11,Bottleneck,No-Contraction,0.0,1338.008544710585,67,58,0.43120759837177747
11,Bottleneck,No-Contraction,0.0,926.2794281427108,47,29,0.8135396518375242
11,Bottleneck,No-Contraction,0.0,1394.058713765785,69,51,0.6948616600790514
11,Bottleneck,No-Contraction,0.0,1363.3061173958652,68,50,0.577807486631016
11,Bottleneck,No-Contraction,0.0,1106.6074802585517,56,25,0.6853896103896104
11,Bottleneck,No-Contraction,0.0,1281.3225312214222,64,41,0.7139204545454545
11,Bottleneck,No-Contraction,0.0,927.0503893798756,47,26,0.8572533849129593
11,Bottleneck,No-Contraction,0.0,1272.6397629927073,64,23,0.8761363636363636
11,Bottleneck,No-Contraction,0.0,994.7067326225391,50,29,0.7985454545454546
11,Bottleneck,No-Contraction,0.0,1025.5784434623758,52,48,0.5391608391608391
11,Bottleneck,No-Contraction,0.0,732.948819414134,38,22,0.7086124401913875
11,Bottleneck,No-Contraction,0.0,719.942844236352,37,26,0.5886977886977887
11,Bottleneck,No-Contraction,0.0,998.315131993202,50,45,0.5487272727272727
11,Bottleneck,No-Contraction,0.0,1411.558129083084,70,52,0.5153246753246753
11,Bottleneck,No-Contraction,0.0,1008.7237006766386,51,28,0.8046345811051694
11,Bottleneck,No-Contraction,0.0,1139.4612147033401,57,35,0.8022328548644339
11,Bottleneck,No-Contraction,0.0,1540.1318850976027,76,33,0.8263157894736842
11,Bottleneck,No-Contraction,0.0,932.5288877508852,47,30,0.7992263056092843
11,Bottleneck,No-Contraction,0.0,1779.5233525621036,88,45,0.7785123966942149
11,Bottleneck,No-Contraction,0.0,805.7728376493744,41,32,0.566740576496674
11,Bottleneck,No-Contraction,0.0,1393.8644809695445,69,43,0.6990777338603426
11,Bottleneck,No-Contraction,0.0,1163.658046204872,58,42,0.819435736677116
11,Bottleneck,No-Contraction,0.0,616.8673636215252,32,23,0.5323863636363636
11,Bottleneck,No-Contraction,0.0,505.5018036813128,27,13,0.7723905723905724
11,Bottleneck,No-Contraction,0.0,1328.4502957637746,66,40,0.7567493112947659
11,Bottleneck,No-Contraction,0.0,1385.1712105516265,69,53,0.6524374176548089
11,Bottleneck,No-Contraction,0.0,1527.5994441066168,76,61,0.505023923444976
11,Bottleneck,No-Contraction,0.0,1025.3033764931843,52,38,0.6821678321678323
11,Bottleneck,No-Contraction,0.0,1599.544262474441,79,64,0.4598388952819333
11,Bottleneck,No-Contraction,0.0,690.8205583332797,36,31,0.45202020202020204
11,Bottleneck,No-Contraction,0.0,1242.1074249314854,62,57,0.6633431085043988
11,Bottleneck,No-Contraction,0.0,648.2303983053425,34,29,0.42727272727272725
11,Bottleneck,No-Contraction,0.0,626.5943896797303,33,25,0.5801652892561984
11,Bottleneck,No-Contraction,0.0,1761.6071448684102,87,78,0.4221525600835946
11,Bottleneck,No-Contraction,0.0,1159.7351032009487,58,53,0.36363636363636365
11,Bottleneck,No-Contraction,0.0,588.8901332750997,31,26,0.5524926686217008
11,Bottleneck,No-Contraction,0.0,1174.8437404599108,59,52,0.6064714946070878
11,Bottleneck,No-Contraction,0.0,1193.8933645413447,60,48,0.5157575757575757
11,Bottleneck,No-Contraction,0.0,1379.3256425100335,69,59,0.5409749670619236
11,Bottleneck,No-Contraction,0.0,691.6840328410015,36,27,0.4681818181818182
11,Bottleneck,No-Contraction,0.0,582.5909085658134,30,27,0.42363636363636364
11,Bottleneck,No-Contraction,0.0,1091.2508128793204,55,45,0.6102479338842975
11,Bottleneck,No-Contraction,0.0,1693.9455029497337,84,43,0.6333333333333334
11,Bottleneck,No-Contraction,0.0,1504.7532361716399,75,71,0.5447272727272727
11,Bottleneck,No-Contraction,0.0,1226.5145555620882,61,49,0.4131147540983606
11,Bottleneck,No-Contraction,0.0,967.7686404028923,49,34,0.6979591836734694
11,Bottleneck,No-Contraction,0.0,1312.129850271453,65,26,0.886993006993007
11,Bottleneck,No-Contraction,0.0,713.3997280197931,37,22,0.7302211302211301
11,Bottleneck,No-Contraction,0.0,1106.348183135522,56,48,0.4688311688311688
11,Bottleneck,No-Contraction,0.0,738.6423244364886,38,26,0.7062200956937799
11,Bottleneck,No-Contraction,0.0,1213.3703668739215,61,56,0.5901639344262295
11,Bottleneck,No-Contraction,0.0,877.8017148019486,45,38,0.5789898989898989
11,Bottleneck,No-Contraction,0.0,767.0401455341888,39,21,0.8662004662004662
11,Bottleneck,No-Contraction,0.0,502.2932889255756,27,21,0.4666666666666667
11,Bottleneck,No-Contraction,0.0,1164.6092307837555,58,50,0.6153605015673981
11,Bottleneck,No-Contraction,0.0,1007.8561171584531,51,40,0.6784313725490196
11,Bottleneck,No-Contraction,0.0,1634.5585647588973,81,49,0.7144781144781145
11,Bottleneck,No-Contraction,0.0,1241.1618340270404,62,52,0.507624633431085
11,Bottleneck,No-Contraction,0.0,536.8935454634897,28,25,0.6961038961038961
11,Bottleneck,No-Contraction,0.0,1359.3012671887832,68,48,0.8283422459893048
11,Bottleneck,No-Contraction,0.0,856.5835232769875,44,40,0.3528925619834711
11,Bottleneck,No-Contraction,0.0,1090.0522096379916,55,40,0.8224793388429752
11,Bottleneck,No-Contraction,0.0,1762.3197079923264,87,82,0.477533960292581
11,Bottleneck,No-Contraction,0.0,622.7206382468217,32,21,0.7261363636363637
11,Bottleneck,No-Contraction,0.0,678.3292675763932,35,6,0.9293506493506493
11,Bottleneck,No-Contraction,0.0,1297.5730129952233,65,47,0.627972027972028
11,Bottleneck,No-Contraction,0.0,1358.7978261626695,68,62,0.6593582887700534
11,Bottleneck,No-Contraction,0.0,1000.1130557907306,51,34,0.4755793226381462
11,Bottleneck,No-Contraction,0.0,883.4889388339747,45,41,0.3466666666666667
11,Bottleneck,No-Contraction,0.0,1264.1662555071011,63,32,0.6404040404040404
11,Bottleneck,No-Contraction,0.0,1434.2985482915067,71,34,0.78898847631242
11,Bottleneck,No-Contraction,0.0,1062.1453294305468,53,20,0.8689536878216123
11,Bottleneck,No-Contraction,0.0,1423.3664677487031,71,62,0.6732394366197183
11,Bottleneck,No-Contraction,0.0,763.8051912718587,39,35,0.455011655011655
11,Bottleneck,No-Contraction,0.0,749.0488982619732,38,22,0.6004784688995215
11,Bottleneck,No-Contraction,0.0,1117.0944145834146,56,36,0.5464285714285715
11,Bottleneck,No-Contraction,0.0,1086.6157811939347,55,38,0.5649586776859504
11,Bottleneck,No-Contraction,0.0,710.3975441836326,37,30,0.425061425061425
11,Bottleneck,No-Contraction,0.0,975.315353680933,49,42,0.6252319109461967
11,Bottleneck,No-Contraction,0.0,1604.5101853394303,80,71,0.42204545454545456
11,Bottleneck,No-Contraction,0.0,1381.624837584772,69,31,0.7241106719367588
11,Bottleneck,No-Contraction,0.0,1596.0370380277982,79,71,0.33716915995397007
11,Bottleneck,No-Contraction,0.0,1109.3842705354707,56,35,0.6431818181818182
11,Bottleneck,No-Contraction,0.0,1100.1526958407155,55,48,0.35669421487603303
11,Bottleneck,No-Contraction,0.0,763.7347595993482,39,34,0.461072261072261
11,Bottleneck,No-Contraction,0.0,1587.5199274846075,79,14,0.9677790563866513
11,Bottleneck,No-Contraction,0.0,1885.731577417037,93,34,0.8748778103616813
11,Bottleneck,No-Contraction,0.0,1525.872878026386,76,44,0.8492822966507177
11,Bottleneck,No-Contraction,0.0,816.1121755711063,42,37,0.6974025974025975
11,Bottleneck,No-Contraction,0.0,1389.4709965572868,69,46,0.6711462450592885
11,Bottleneck,No-Contraction,0.0,1030.9174039416732,52,39,0.45209790209790207
11,Bottleneck,No-Contraction,0.0,1479.6919280998661,74,68,0.3484029484029484
11,Bottleneck,No-Contraction,0.0,1427.6829347875705,71,43,0.7784891165172856
11,Bottleneck,No-Contraction,0.0,1305.861179808652,65,51,0.6215384615384615
11,Bottleneck,No-Contraction,0.0,2098.8550437293093,103,67,0.5387466902030009
11,Bottleneck,No-Contraction,0.0,1387.486035508299,69,35,0.7080368906455863
11,Bottleneck,No-Contraction,0.0,478.04685304066487,25,22,0.4392727272727273
11,Bottleneck,No-Contraction,0.0,1093.7967755486588,55,47,0.3699173553719008
11,Bottleneck,No-Contraction,0.0,1386.2323578737335,69,39,0.6711462450592884
11,Bottleneck,No-Contraction,0.0,1395.4435968458188,69,33,0.810540184453228
11,Bottleneck,No-Contraction,0.0,1111.0758433687513,56,47,0.49707792207792206
11,Bottleneck,No-Contraction,0.0,1973.376816131186,97,32,0.8783505154639175
11,Bottleneck,No-Contraction,0.0,685.5391709524025,35,24,0.5464935064935065
11,Bottleneck,No-Contraction,0.0,1182.5253152880102,59,48,0.3728813559322034
11,Bottleneck,No-Contraction,0.0,1118.3512651996436,56,41,0.6555194805194805
11,Bottleneck,No-Contraction,0.0,1488.1925453494841,74,52,0.7828009828009829
11,Bottleneck,No-Contraction,0.0,1088.5339336278776,55,43,0.6069421487603306
11,Bottleneck,No-Contraction,0.0,1170.1350185251013,59,26,0.790446841294299
11,Bottleneck,No-Contraction,0.0,526.9593618815272,28,14,0.7701298701298701
11,Bottleneck,No-Contraction,0.0,1109.2982113758721,56,44,0.7113636363636363
11,Bottleneck,No-Contraction,0.0,575.5180146606494,30,26,0.603030303030303
11,Bottleneck,No-Contraction,0.0,887.0292933247365,45,40,0.42505050505050507
11,Bottleneck,No-Contraction,0.0,1187.6645712763964,60,43,0.6975757575757575
11,Bottleneck,No-Contraction,0.0,1002.6967203215906,51,44,0.4627450980392157
11,Bottleneck,No-Contraction,0.0,865.0705456564276,44,32,0.6834710743801653
11,Bottleneck,No-Contraction,0.0,760.0074110420499,39,20,0.7794871794871795
11,Bottleneck,No-Contraction,0.0,947.5862980632709,48,35,0.7064393939393939
11,Bottleneck,No-Contraction,0.0,928.4616205801202,47,27,0.6951644100580271
11,Bottleneck,No-Contraction,0.0,849.2410274338882,43,38,0.5539112050739957
11,Bottleneck,No-Contraction,0.0,583.2199034874208,30,26,0.5951515151515152
11,Bottleneck,No-Contraction,0.0,1115.3630336889698,56,32,0.7168831168831169
11,Bottleneck,No-Contraction,0.0,959.2300649281226,49,40,0.7580705009276438
11,Bottleneck,No-Contraction,0.0,1183.387561333331,59,40,0.6360554699537749
11,Bottleneck,No-Contraction,0.0,1149.5405878396814,58,50,0.5573667711598747
11,Bottleneck,No-Contraction,0.0,1080.0676810594148,54,45,0.5767676767676767
11,Bottleneck,No-Contraction,0.0,1317.6925389935334,66,42,0.8349862258953168
11,Bottleneck,No-Contraction,0.0,958.7300013050931,49,42,0.738404452690167
11,Bottleneck,No-Contraction,0.0,1337.105421998259,67,42,0.7194029850746269
11,Bottleneck,No-Contraction,0.0,596.3401786635595,31,27,0.5824046920821114
11,Bottleneck,No-Contraction,0.0,931.4210271735828,47,20,0.7736943907156673
11,Bottleneck,No-Contraction,0.0,886.2231302497124,45,41,0.42141414141414146
11,Bottleneck,No-Contraction,0.0,702.0516006916522,36,24,0.7070707070707071
11,Bottleneck,No-Contraction,0.0,1091.9660324193583,55,50,0.5527272727272727
11,Bottleneck,No-Contraction,0.0,1450.3794308061415,72,60,0.3840909090909091
11,Bottleneck,No-Contraction,0.0,932.5599637638958,47,13,0.8444874274661508
11,Bottleneck,No-Contraction,0.0,1161.9513716199988,58,19,0.9404388714733543
11,Bottleneck,No-Contraction,0.0,1383.9199928391347,69,58,0.6329380764163373
11,Bottleneck,No-Contraction,0.0,1075.01852109176,54,24,0.7811447811447811
11,Bottleneck,No-Contraction,0.0,1678.70916507455,83,9,0.9618838992332969
11,Bottleneck,No-Contraction,0.0,596.787315466569,31,26,0.45513196480938417
11,Bottleneck,No-Contraction,0.0,1422.7322604497408,71,49,0.8494238156209988
11,Bottleneck,No-Contraction,0.0,1121.189090021145,56,43,0.6688311688311688
11,Bottleneck,No-Contraction,0.0,903.9703757359172,46,41,0.449802371541502
11,Bottleneck,No-Contraction,0.0,397.79041352467766,22,14,0.8206611570247934
11,Bottleneck,No-Contraction,0.0,1177.160324688522,59,48,0.7343605546995378
11,Bottleneck,No-Contraction,0.0,999.6674139029218,50,39,0.5487272727272727
11,Bottleneck,No-Contraction,0.0,1030.7827652375624,52,41,0.5503496503496503
11,Bottleneck,No-Contraction,0.0,1890.6661923428428,93,73,0.6654936461388075
11,Bottleneck,No-Contraction,0.0,1110.48596317966,56,39,0.6477272727272727
11,Bottleneck,No-Contraction,0.0,1337.894998209459,67,60,0.3218453188602442
11,Bottleneck,No-Contraction,0.0,459.93294681327615,25,19,0.768
11,Bottleneck,No-Contraction,0.0,1148.1928643447297,58,44,0.46489028213166145
11,Bottleneck,No-Contraction,0.0,1099.165875465482,55,49,0.4502479338842975
11,Bottleneck,No-Contraction,0.0,990.0184265071366,50,45,0.4821818181818182
11,Bottleneck,No-Contraction,0.0,685.0095758939775,35,20,0.6457142857142858
11,Bottleneck,No-Contraction,0.0,581.3343936684548,30,10,0.8703030303030304
11,Bottleneck,No-Contraction,0.0,1758.4621827895446,87,71,0.4530825496342738
11,Bottleneck,No-Contraction,0.0,1254.2836293067498,63,56,0.4002886002886003
11,Bottleneck,No-Contraction,0.0,1604.7101849683222,80,44,0.6338636363636364
11,Bottleneck,No-Contraction,0.0,448.7691371549344,24,19,0.5825757575757576
11,Bottleneck,No-Contraction,0.0,714.5961985388117,37,28,0.43095823095823094
11,Bottleneck,No-Contraction,0.0,575.4841647560398,30,24,0.6006060606060607
11,Bottleneck,No-Contraction,0.0,1258.6188499859843,63,38,0.8187590187590188
11,Bottleneck,No-Contraction,0.0,1553.6621605894363,77,64,0.5074380165289256
11,Bottleneck,No-Contraction,0.0,1163.531038130989,58,51,0.5188087774294671
11,Bottleneck,No-Contraction,0.0,453.368718903318,24,20,0.4765151515151515
11,Bottleneck,No-Contraction,0.0,1115.8690053788346,56,45,0.4827922077922078
11,Bottleneck,No-Contraction,0.0,1017.9805348953581,51,46,0.3910873440285205
11,Bottleneck,No-Contraction,0.0,1481.647725836116,74,62,0.37936117936117936
11,Bottleneck,No-Contraction,0.0,1482.634981833841,74,60,0.6152334152334152
11,Bottleneck,No-Contraction,0.0,1470.244395855116,73,63,0.4231631382316314
11,Bottleneck,No-Contraction,0.0,1268.1997638902774,63,15,0.9090909090909091
11,Bottleneck,No-Contraction,0.0,1374.5190131871323,68,59,0.5179144385026738
11,Bottleneck,No-Contraction,0.0,944.0340192978427,48,28,0.6439393939393939
11,Bottleneck,No-Contraction,0.0,611.5734764741507,32,21,0.6568181818181819
11,Bottleneck,No-Contraction,0.0,1435.3794741448255,71,63,0.48194622279129323
11,Bottleneck,No-Contraction,0.0,1475.12443382684,73,63,0.49838107098381074
11,Bottleneck,No-Contraction,0.0,709.2849757340351,37,22,0.5316953316953317
11,Bottleneck,No-Contraction,0.0,1445.3895737289013,72,62,0.6166666666666667
11,Bottleneck,No-Contraction,0.0,834.4391276785228,43,39,0.6093023255813954
11,Bottleneck,No-Contraction,0.0,1470.1213383558338,73,63,0.32826899128268994
11,Bottleneck,No-Contraction,0.0,1281.8533192200646,64,55,0.49176136363636364
11,Bottleneck,No-Contraction,0.0,1500.6796427823633,75,40,0.6402424242424242
11,Bottleneck,No-Contraction,0.0,598.122631462813,31,26,0.43167155425219944
11,Bottleneck,No-Contraction,0.0,1154.4114563775636,58,50,0.6413793103448276
11,Bottleneck,No-Contraction,0.0,695.7780242137105,36,25,0.8404040404040404
11,Bottleneck,No-Contraction,0.0,860.3315685312646,44,38,0.38347107438016526
11,Bottleneck,No-Contraction,0.0,1325.2528981865926,66,44,0.7622589531680442
11,Bottleneck,No-Contraction,0.0,1110.1701958178671,56,50,0.4090909090909091
11,Bottleneck,No-Contraction,0.0,715.4663306604613,37,30,0.5488943488943488
11,Bottleneck,No-Contraction,0.0,426.71614138224726,23,19,0.7644268774703558
11,Bottleneck,No-Contraction,0.0,722.5571511686361,37,32,0.5120393120393121
11,Bottleneck,No-Contraction,0.0,937.059858935504,47,36,0.5083172147001934
11,Bottleneck,No-Contraction,0.0,1028.9038074688358,52,46,0.3541958041958042
11,Bottleneck,No-Contraction,0.0,684.1068443085343,35,28,0.6441558441558441
11,Bottleneck,No-Contraction,0.0,1062.4367019120111,54,37,0.5417508417508418
11,Bottleneck,No-Contraction,0.0,784.2650364084355,40,33,0.46409090909090905
11,Bottleneck,No-Contraction,0.0,747.2738748846788,38,33,0.4641148325358852
11,Bottleneck,No-Contraction,0.0,887.1791172162309,45,39,0.4917171717171718
11,Bottleneck,No-Contraction,0.0,742.6049162513241,38,19,0.7971291866028709
11,Bottleneck,No-Contraction,0.0,1029.9770312399783,52,25,0.7702797202797202
11,Bottleneck,No-Contraction,0.0,560.2993283330044,29,25,0.43761755485893417
11,Bottleneck,No-Contraction,0.0,1078.229484434873,54,26,0.8306397306397306
11,Bottleneck,No-Contraction,0.0,434.17070057364407,23,19,0.5430830039525693
11,Bottleneck,No-Contraction,0.0,541.787657294028,29,23,0.7999999999999999
11,Bottleneck,No-Contraction,0.0,850.943202214651,43,18,0.7209302325581395
11,Bottleneck,No-Contraction,0.0,709.007936068119,37,20,0.7203931203931204
11,Bottleneck,No-Contraction,0.0,879.1035030330235,45,39,0.5296969696969697
11,Bottleneck,No-Contraction,0.0,1249.4098586946757,62,50,0.5073313782991202
11,Bottleneck,No-Contraction,0.0,864.8578760267814,44,23,0.7557851239669422
11,Bottleneck,No-Contraction,0.0,1001.2363714054404,51,36,0.806060606060606
11,Bottleneck,No-Contraction,0.0,1349.9710889548649,67,51,0.5191316146540027
11,Bottleneck,No-Contraction,0.0,963.7554387274113,49,38,0.759925788497217
11,Bottleneck,No-Contraction,0.0,1449.9599236104523,72,62,0.7575757575757576
11,Bottleneck,No-Contraction,0.0,581.1532974189666,30,18,0.8666666666666667
11,Bottleneck,No-Contraction,0.0,1230.045557592202,62,55,0.7272727272727273
11,Bottleneck,No-Contraction,0.0,1076.3568427116,54,38,0.601010101010101
11,Bottleneck,No-Contraction,0.0,1082.582457299232,54,41,0.6265993265993266
11,Bottleneck,No-Contraction,0.0,493.12252038120266,26,12,0.7769230769230769
11,Bottleneck,No-Contraction,0.0,958.4359205229576,49,35,0.814100185528757
11,Bottleneck,No-Contraction,0.0,612.3798548553153,32,24,0.6204545454545455
11,Bottleneck,No-Contraction,0.0,1033.160611062905,52,45,0.41013986013986015
11,Bottleneck,No-Contraction,0.0,803.7060099879111,41,36,0.5237250554323725
11,Bottleneck,No-Contraction,0.0,1954.4211493702035,96,87,0.4865530303030303
11,Bottleneck,No-Contraction,0.0,1353.3770865837137,67,57,0.498236092265943
11,Bottleneck,No-Contraction,0.0,874.879379999056,45,37,0.6905050505050505
11,Bottleneck,No-Contraction,0.0,1260.1179645685313,63,39,0.5402597402597403
11,Bottleneck,No-Contraction,0.0,1246.3651761539952,62,53,0.3155425219941349
11,Bottleneck,No-Contraction,0.0,1796.0837693023634,89,66,0.5613891726251277
11,Bottleneck,No-Contraction,0.0,682.5423827110885,35,31,0.46909090909090906
11,Bottleneck,No-Contraction,0.0,993.0747479481782,50,40,0.5996363636363636
11,Bottleneck,No-Contraction,0.0,1386.2907972182984,69,33,0.6695652173913044
11,Bottleneck,No-Contraction,0.0,1688.6009489235041,84,72,0.5556277056277056
11,Bottleneck,No-Contraction,0.0,1534.1313857580337,76,70,0.4516746411483254
11,Bottleneck,No-Contraction,0.0,1857.4321366962315,92,81,0.49407114624505927
11,Bottleneck,No-Contraction,0.0,1553.6467688058085,77,72,0.49279811097992915
11,Bottleneck,No-Contraction,0.0,1586.991730632098,79,42,0.7882623705408516
11,Bottleneck,No-Contraction,0.0,1029.829237423443,52,48,0.29965034965034965
11,Bottleneck,No-Contraction,0.0,1816.3192141124482,90,65,0.7422222222222222
11,Bottleneck,No-Contraction,0.0,1478.287467842198,73,38,0.7397260273972602
11,Bottleneck,No-Contraction,0.0,1316.4292695909776,66,60,0.6680440771349863
11,Bottleneck,No-Contraction,0.0,985.5250670556235,50,36,0.604
11,Bottleneck,No-Contraction,0.0,915.5365718508618,46,43,0.3640316205533597
11,Bottleneck,No-Contraction,0.0,588.9053899953942,31,20,0.8680351906158358
11,Bottleneck,No-Contraction,0.0,1406.5106880627936,70,61,0.3935064935064935
11,Bottleneck,No-Contraction,0.0,333.28653319356715,19,13,0.6909090909090909
11,Bottleneck,No-Contraction,0.0,1747.442649239197,86,53,0.7293868921775899
11,Bottleneck,No-Contraction,0.0,1780.9437223051962,88,81,0.2900826446280992
11,Bottleneck,No-Contraction,0.0,598.1292037721647,31,24,0.7536656891495601
11,Bottleneck,No-Contraction,0.0,1708.4976836406913,85,39,0.9165775401069518
11,Bottleneck,No-Contraction,0.0,1059.723584481145,53,44,0.45866209262435675
11,Bottleneck,No-Contraction,0.0,1321.48159390314,66,57,0.46804407713498625
11,Bottleneck,No-Contraction,0.0,1628.9893875135067,81,70,0.528395061728395
11,Bottleneck,No-Contraction,0.0,791.3767429567107,40,29,0.5740909090909091
11,Bottleneck,No-Contraction,0.0,911.5343450496295,46,41,0.5300395256916997
11,Bottleneck,No-Contraction,0.0,1539.0266746487118,76,60,0.4267942583732058
11,Bottleneck,No-Contraction,0.0,1863.542543837658,92,79,0.5909090909090909
11,Bottleneck,No-Contraction,0.0,744.6642285602595,38,30,0.47129186602870815
11,Bottleneck,No-Contraction,0.0,1332.8984160380369,66,48,0.7462809917355372
11,Bottleneck,No-Contraction,0.0,1167.1100238308252,59,42,0.5285053929121726
11,Bottleneck,No-Contraction,0.0,712.5253509388058,37,30,0.7562653562653563
11,Bottleneck,No-Contraction,0.0,799.278323268638,41,27,0.766740576496674
11,Bottleneck,No-Contraction,0.0,1140.0226854237912,57,24,0.7263157894736841
11,Bottleneck,No-Contraction,0.0,1423.3834902179503,71,53,0.6512163892445583
11,Bottleneck,No-Contraction,0.0,1239.773501175324,62,28,0.7231671554252199
11,Bottleneck,No-Contraction,0.0,653.1205753641169,34,28,0.6759358288770053
11,Bottleneck,No-Contraction,0.0,1016.616494058547,51,45,0.4163992869875223
11,Bottleneck,No-Contraction,0.0,1179.525697160739,59,55,0.6409861325115562
11,Bottleneck,No-Contraction,0.0,1174.1639540269273,59,51,0.6949152542372882
11,Bottleneck,No-Contraction,0.0,1129.4556567978507,57,39,0.8153110047846891
11,Bottleneck,No-Contraction,0.0,594.4756601082963,31,16,0.7489736070381232
11,Bottleneck,No-Contraction,0.0,1177.6332464789539,59,45,0.8280431432973807
11,Bottleneck,No-Contraction,0.0,575.6260715096184,30,18,0.7575757575757576
11,Bottleneck,No-Contraction,0.0,1340.8849922276436,67,58,0.7432835820895521
11,Bottleneck,No-Contraction,0.0,598.2275336400551,31,25,0.46158357771260994
11,Bottleneck,No-Contraction,0.0,921.1686009809906,47,42,0.6444874274661508
11,Bottleneck,No-Contraction,0.0,740.2537130346349,38,21,0.7650717703349282
11,Bottleneck,No-Contraction,0.0,689.4024676644362,36,20,0.8363636363636364
11,Bottleneck,No-Contraction,0.0,810.6994345508263,41,31,0.6305986696230599
11,Bottleneck,No-Contraction,0.0,1107.6599375518836,56,47,0.449025974025974
11,Bottleneck,No-Contraction,0.0,807.6969627574681,41,23,0.7303769401330377
11,Bottleneck,No-Contraction,0.0,1025.2856409293197,52,34,0.7451048951048951
11,Bottleneck,No-Contraction,0.0,1285.0784823945871,64,32,0.8920454545454546
11,Bottleneck,No-Contraction,0.0,782.0328854934648,40,0,1.0
11,Bottleneck,No-Contraction,0.0,1482.5289793392571,74,27,0.828009828009828
11,Bottleneck,No-Contraction,0.0,808.3202792254957,41,38,0.6390243902439025
11,Bottleneck,No-Contraction,0.0,874.3101783959968,44,37,0.6524793388429753
11,Bottleneck,No-Contraction,0.0,1328.4758958465613,66,57,0.5895316804407713
11,Bottleneck,No-Contraction,0.0,1050.5757639854949,53,46,0.6185248713550601
11,Bottleneck,No-Contraction,0.0,614.5233351393235,32,17,0.7715909090909091
11,Bottleneck,No-Contraction,0.0,767.0126544442804,39,26,0.607925407925408
11,Bottleneck,No-Contraction,0.0,946.8612120520746,48,42,0.606439393939394
11,Bottleneck,No-Contraction,0.0,1457.1898371609848,72,62,0.4131313131313131
11,Bottleneck,No-Contraction,0.0,1356.0683635236448,68,59,0.46229946524064175
11,Bottleneck,No-Contraction,0.0,499.0629069473106,26,23,0.6741258741258741
11,Bottleneck,No-Contraction,0.0,1050.7990187985606,53,40,0.5715265866209263
11,Bottleneck,No-Contraction,0.0,1395.153648496479,69,50,0.6555994729907774
11,Bottleneck,No-Contraction,0.0,1554.921865163017,77,66,0.6599763872491146
11,Bottleneck,No-Contraction,0.0,977.2980517354048,49,42,0.5591836734693877
11,Bottleneck,No-Contraction,0.0,597.59072669972,31,24,0.6950146627565983
11,Bottleneck,No-Contraction,0.0,1465.5570653913273,73,45,0.7768368617683686
11,Bottleneck,No-Contraction,0.0,1316.0332268242298,66,35,0.6484848484848484
11,Bottleneck,No-Contraction,0.0,1368.9019379981216,68,55,0.46443850267379677
11,Bottleneck,No-Contraction,0.0,1488.7460651448516,74,51,0.6122850122850123
11,Bottleneck,No-Contraction,0.0,1208.2416350335545,61,41,0.7865871833084949
11,Bottleneck,No-Contraction,0.0,1571.406155944204,78,29,0.8699300699300699
11,Bottleneck,No-Contraction,0.0,977.4102524171176,49,33,0.6760667903525046
11,Bottleneck,No-Contraction,0.0,1288.5766177716412,64,53,0.4980113636363636
11,Bottleneck,No-Contraction,0.0,858.5839092979335,44,25,0.727685950413223
11,Bottleneck,No-Contraction,0.0,1076.1801999541876,54,46,0.5898989898989899
11,Bottleneck,No-Contraction,0.0,1367.545620157151,68,33,0.7743315508021391
11,Bottleneck,No-Contraction,0.0,904.3403358743313,46,36,0.7422924901185771
11,Bottleneck,No-Contraction,0.0,656.1229935714955,34,29,0.5026737967914439
11,Bottleneck,No-Contraction,0.0,1571.1192218331237,78,63,0.5158508158508158
11,Bottleneck,No-Contraction,0.0,815.4968150833612,42,28,0.5519480519480519
11,Bottleneck,No-Contraction,0.0,1111.1420997364737,56,52,0.4788961038961039
11,Bottleneck,No-Contraction,0.0,1451.6787547234508,72,64,0.4217171717171717
11,Bottleneck,No-Contraction,0.0,621.9765668448209,32,29,0.7960227272727273
11,Bottleneck,No-Contraction,0.0,1333.772571632802,67,62,0.5042062415196743
11,Bottleneck,No-Contraction,0.0,917.6679214597443,47,39,0.4696324951644101
11,Bottleneck,No-Contraction,0.0,1092.6157614054237,55,33,0.788099173553719
11,Bottleneck,No-Contraction,0.0,1808.3537186285232,89,67,0.6085801838610827
11,Bottleneck,No-Contraction,0.0,720.3820367573461,37,24,0.6977886977886978
11,Bottleneck,No-Contraction,0.0,671.0938216327107,35,30,0.46961038961038964
11,Bottleneck,No-Contraction,0.0,1223.7353824518655,61,50,0.6265275707898659
11,Bottleneck,No-Contraction,0.0,1322.6498465329578,66,58,0.6597796143250689
11,Bottleneck,No-Contraction,0.0,1039.602399889054,52,45,0.44405594405594406
11,Bottleneck,No-Contraction,0.0,1377.8631377046793,69,57,0.5072463768115942
11,Bottleneck,No-Contraction,0.0,1086.3511322726897,55,48,0.36396694214876035
11,Bottleneck,No-Contraction,0.0,587.9173473476502,31,27,0.3689149560117302
11,Bottleneck,No-Contraction,0.0,541.2594804940339,28,22,0.5701298701298702
11,Bottleneck,No-Contraction,0.0,1511.2559158445674,75,69,0.3284848484848485
11,Bottleneck,No-Contraction,0.0,1324.2441408198124,66,52,0.4027548209366391
11,Bottleneck,No-Contraction,0.0,1779.3916566058156,88,71,0.4235537190082645
11,Bottleneck,No-Contraction,0.0,862.1316599633834,44,39,0.6264462809917355
11,Bottleneck,No-Contraction,0.0,1082.40738049637,54,46,0.4121212121212121
11,Bottleneck,No-Contraction,0.0,491.9494015903184,26,16,0.8587412587412587
11,Bottleneck,No-Contraction,0.0,1289.077591393296,64,49,0.5008522727272727
11,Bottleneck,No-Contraction,0.0,1773.9277987457265,88,71,0.662396694214876
11,Bottleneck,No-Contraction,0.0,1677.2647939859107,83,45,0.7093099671412925
11,Bottleneck,No-Contraction,0.0,458.6866657639541,25,20,0.8109090909090909
11,Bottleneck,No-Contraction,0.0,1344.3557456231124,67,55,0.35956580732700133
11,Bottleneck,No-Contraction,0.0,1311.9957706707798,65,44,0.5132867132867133
11,Bottleneck,No-Contraction,0.0,1605.0722908378298,80,72,0.34045454545454545
11,Bottleneck,No-Contraction,0.0,1666.4224236996783,83,72,0.48346111719605694
11,Bottleneck,No-Contraction,0.0,1291.240812839766,64,34,0.7715909090909091
11,Bottleneck,No-Contraction,0.0,1561.580719478026,77,55,0.6264462809917355
11,Bottleneck,No-Contraction,0.0,1690.169300108991,84,63,0.5965367965367966
11,Bottleneck,No-Contraction,0.0,585.1612780188084,31,23,0.5478005865102639
11,Bottleneck,No-Contraction,0.0,878.5978818187805,45,24,0.6634343434343435
11,Bottleneck,No-Contraction,0.0,1564.4752325294376,78,65,0.7428904428904429
11,Bottleneck,No-Contraction,0.0,1164.1473032754081,58,47,0.4733542319749216
11,Bottleneck,No-Contraction,0.0,1196.1391625294366,60,47,0.5312121212121211
11,Bottleneck,No-Contraction,0.0,1680.2852497339009,83,72,0.624972617743702
11,Bottleneck,No-Contraction,0.0,594.2764411155943,31,21,0.681524926686217
11,Bottleneck,No-Contraction,0.0,1589.776936235124,79,68,0.3650172612197929
11,Bottleneck,No-Contraction,0.0,1471.6820906863172,73,41,0.7188044831880448
11,Bottleneck,No-Contraction,0.0,1450.7835625867938,72,66,0.47777777777777775
11,Bottleneck,No-Contraction,0.0,889.1283830539634,45,40,0.2896969696969697
11,Bottleneck,No-Contraction,0.0,853.6822817920569,43,35,0.4739957716701903
11,Bottleneck,No-Contraction,0.0,1227.0143970044874,61,45,0.6769001490312966
11,Bottleneck,No-Contraction,0.0,1114.4488135810461,56,27,0.7142857142857143
11,Bottleneck,No-Contraction,0.0,1050.4215985864091,53,45,0.5066895368782162
11,Bottleneck,No-Contraction,0.0,1470.6509065902092,73,33,0.735491905354919
11,Bottleneck,No-Contraction,0.0,1149.380390795105,58,34,0.770846394984326
11,Bottleneck,No-Contraction,0.0,1928.8594118242406,95,57,0.675598086124402
11,Bottleneck,No-Contraction,0.0,1237.4873485967773,62,36,0.6639296187683285
11,Bottleneck,No-Contraction,0.0,1343.9685573356742,67,59,0.4360922659430122
11,Bottleneck,No-Contraction,0.0,929.5145310654983,47,41,0.430174081237911
11,Bottleneck,No-Contraction,0.0,1167.5030998880482,59,47,0.46933744221879814
11,Bottleneck,No-Contraction,0.0,1749.1056050162103,86,25,0.9029598308668076
11,Bottleneck,No-Contraction,0.0,1616.23281596044,80,52,0.8218181818181819
11,Bottleneck,No-Contraction,0.0,1060.8042694140356,53,48,0.47855917667238423
11,Bottleneck,No-Contraction,0.0,1417.958231496373,71,33,0.7848911651728553
11,Bottleneck,No-Contraction,0.0,1098.146619874365,55,47,0.7090909090909091
11,Bottleneck,No-Contraction,0.0,1615.0312455488336,80,46,0.7150000000000001
11,Bottleneck,No-Contraction,0.0,1393.1532034449958,69,51,0.6706192358366272
11,Bottleneck,No-Contraction,0.0,1024.635502976431,52,43,0.5304195804195804
11,Bottleneck,No-Contraction,0.0,1768.8688486771707,87,49,0.8094043887147336
11,Bottleneck,No-Contraction,0.0,1291.2737806435634,64,51,0.44375
11,Bottleneck,No-Contraction,0.0,613.4852279735484,32,28,0.4409090909090909
11,Bottleneck,No-Contraction,0.0,1352.8049664183834,67,51,0.49036635006784257
11,Bottleneck,No-Contraction,0.0,1236.8166476960082,62,33,0.636950146627566
11,Bottleneck,No-Contraction,0.0,606.5870728785807,32,22,0.5051136363636364
11,Bottleneck,No-Contraction,0.0,1204.0020465269886,60,28,0.7603030303030303
11,Bottleneck,No-Contraction,0.0,1569.0041923814022,78,40,0.8752913752913754
11,Bottleneck,No-Contraction,0.0,1072.894361630915,54,48,0.5727272727272728
11,Bottleneck,No-Contraction,0.0,1098.7349108625497,55,49,0.41652892561983473
11,Bottleneck,No-Contraction,0.0,926.2623672032994,47,38,0.38027079303675043
11,Bottleneck,No-Contraction,0.0,1662.2543704009427,82,74,0.6953436807095343
11,Bottleneck,No-Contraction,0.0,1214.2193508296368,61,48,0.6381520119225036
11,Bottleneck,No-Contraction,0.0,1325.3388413631446,66,38,0.8063360881542699
11,Bottleneck,No-Contraction,0.0,1034.3324256341373,52,46,0.4695804195804196
11,Bottleneck,No-Contraction,0.0,1362.4032287367415,68,53,0.5641711229946523
11,Bottleneck,No-Contraction,0.0,771.9338172877876,40,28,0.7372727272727273
11,Bottleneck,No-Contraction,0.0,487.3504859392225,26,11,0.9118881118881119
11,Bottleneck,No-Contraction,0.0,1280.638422250061,64,53,0.40653409090909093
11,Bottleneck,No-Contraction,0.0,970.9857934058085,49,31,0.7988868274582561
11,Bottleneck,No-Contraction,0.0,1320.7384930723656,66,51,0.5983471074380166
11,Bottleneck,No-Contraction,0.0,1215.920449784511,61,54,0.48375558867362145
11,Bottleneck,No-Contraction,0.0,1107.8146537840616,56,43,0.57987012987013
11,Bottleneck,No-Contraction,0.0,1587.5609562995144,79,41,0.9035673187571923
11,Bottleneck,No-Contraction,0.0,1047.232247571017,53,30,0.7536878216123499
11,Bottleneck,No-Contraction,0.0,1347.1024121244495,67,55,0.6922659430122117
11,Bottleneck,No-Contraction,0.0,896.257133068963,46,35,0.5059288537549407
11,Bottleneck,No-Contraction,0.0,1152.521456129709,58,47,0.7398119122257053
11,Bottleneck,No-Contraction,0.0,1309.9045043414737,65,38,0.7507692307692307
11,Bottleneck,No-Contraction,0.0,752.6820474125125,39,32,0.6177156177156177
11,Bottleneck,No-Contraction,0.0,563.5051465101782,30,17,0.7151515151515151
11,Bottleneck,No-Contraction,0.0,1387.6085710160824,69,56,0.4827404479578392
11,Bottleneck,No-Contraction,0.0,915.5601029421481,46,35,0.541897233201581
11,Bottleneck,No-Contraction,0.0,827.0299167796032,42,36,0.4800865800865801
11,Bottleneck,No-Contraction,0.0,1472.4508967871711,73,47,0.5713574097135741
11,Bottleneck,No-Contraction,0.0,757.0057735030509,39,32,0.48717948717948717
11,Bottleneck,No-Contraction,0.0,1209.799816202341,61,47,0.7615499254843517
11,Bottleneck,No-Contraction,0.0,1027.4189493946858,52,38,0.6979020979020979
11,Bottleneck,No-Contraction,0.0,1336.518932642249,67,14,0.9229308005427408
11,Bottleneck,No-Contraction,0.0,1253.4534239547725,63,56,0.6340548340548341
11,Bottleneck,No-Contraction,0.0,446.4245476549756,24,12,0.8954545454545455
11,Bottleneck,No-Contraction,0.0,661.256370964727,34,31,0.46042780748663104
11,Bottleneck,No-Contraction,0.0,1323.0487874611163,66,56,0.6823691460055097
11,Bottleneck,No-Contraction,0.0,1202.5420208730586,60,26,0.7309090909090908
11,Bottleneck,No-Contraction,0.0,826.153710022996,42,21,0.877922077922078
11,Bottleneck,No-Contraction,0.0,778.7682451002836,40,29,0.4827272727272727
11,Bottleneck,No-Contraction,0.0,1383.5496486081,69,51,0.5151515151515151
11,Bottleneck,No-Contraction,0.0,805.6731578135089,41,33,0.5583148558758315
11,Bottleneck,No-Contraction,0.0,980.0723987832131,50,45,0.5523636363636364
11,Bottleneck,No-Contraction,0.0,994.5874646277209,50,32,0.8254545454545454
11,Bottleneck,No-Contraction,0.0,1233.3059046558405,62,45,0.8563049853372434
11,Bottleneck,No-Contraction,0.0,1098.185720283618,55,40,0.6221487603305785
11,Bottleneck,No-Contraction,0.0,744.6062580383303,38,34,0.6373205741626794
11,Bottleneck,No-Contraction,0.0,1129.3353962158408,57,49,0.6022328548644338
11,Bottleneck,No-Contraction,0.0,601.3340427754986,31,22,0.8604105571847507
11,Bottleneck,No-Contraction,0.0,1174.4415712781283,59,42,0.8329738058551618
11,Bottleneck,No-Contraction,0.0,624.3593800858124,32,27,0.5380681818181818
11,Bottleneck,No-Contraction,0.0,344.54426742857146,19,6,0.8354066985645933
11,Bottleneck,No-Contraction,0.0,670.3291265965196,35,24,0.5838961038961039
11,Bottleneck,No-Contraction,0.0,791.4005501663175,40,32,0.6454545454545455
11,Bottleneck,No-Contraction,0.0,1522.04140992088,76,36,0.8586124401913875
11,Bottleneck,No-Contraction,0.0,1395.1348436613675,69,50,0.5430830039525691
11,Bottleneck,No-Contraction,0.0,1100.3802907504135,55,23,0.724297520661157
11,Bottleneck,No-Contraction,0.0,1262.3588253083951,63,48,0.6704184704184704
11,Bottleneck,No-Contraction,0.0,1070.7025479919064,54,49,0.4632996632996633
11,Bottleneck,No-Contraction,0.0,975.8409946933323,49,27,0.7669758812615954
11,Bottleneck,No-Contraction,0.0,1864.3406314195659,92,85,0.7167984189723321
11,Bottleneck,No-Contraction,0.0,620.3508006363562,32,24,0.6602272727272728
11,Bottleneck,No-Contraction,0.0,836.3664010244767,43,29,0.6359408033826638
11,Bottleneck,No-Contraction,0.0,1143.292731337932,57,48,0.6395534290271132
11,Bottleneck,No-Contraction,0.0,1204.5076920368156,60,50,0.556969696969697
11,Bottleneck,No-Contraction,0.0,986.7303221252117,50,38,0.6709090909090909
11,Bottleneck,No-Contraction,0.0,1320.9665989783969,66,28,0.865564738292011
11,Bottleneck,No-Contraction,0.0,683.1041729213321,35,26,0.6935064935064935
11,Bottleneck,No-Contraction,0.0,602.4332109164473,31,27,0.7419354838709677
11,Bottleneck,No-Contraction,0.0,1326.9057556866778,66,31,0.7763085399449036
11,Bottleneck,No-Contraction,0.0,940.0937317066929,48,22,0.8204545454545454
11,Bottleneck,No-Contraction,0.0,1323.438397032565,66,49,0.6484848484848486
11,Bottleneck,No-Contraction,0.0,532.0660295154521,28,13,0.737012987012987
11,Bottleneck,No-Contraction,0.0,790.0364802342917,40,28,0.5504545454545455
11,Bottleneck,No-Contraction,0.0,518.814321674845,27,23,0.4579124579124579
11,Bottleneck,No-Contraction,0.0,1009.8241247290781,51,26,0.7796791443850267
11,Bottleneck,No-Contraction,0.0,1400.1871049879865,70,41,0.6976623376623377
11,Bottleneck,No-Contraction,0.0,969.8786185908561,49,37,0.5910946196660483
11,Bottleneck,No-Contraction,0.0,578.9746515928188,30,17,0.6951515151515152
11,Bottleneck,No-Contraction,0.0,1081.0141774609392,54,24,0.8626262626262625
11,Bottleneck,No-Contraction,0.0,822.3241432195728,42,35,0.5125541125541125
11,Bottleneck,No-Contraction,0.0,1290.3305629812926,64,49,0.5363636363636364
11,Bottleneck,No-Contraction,0.0,1082.5061724351433,54,39,0.8114478114478115
11,Bottleneck,No-Contraction,0.0,1409.4775519726782,70,43,0.8607792207792209
11,Bottleneck,No-Contraction,0.0,1468.2549735849093,73,42,0.6037359900373599
11,Bottleneck,No-Contraction,0.0,1437.6735151253865,72,50,0.6863636363636363
11,Bottleneck,No-Contraction,0.0,943.4722350786797,48,40,0.5795454545454546
11,Bottleneck,No-Contraction,0.0,898.7460400806186,46,25,0.6367588932806324
11,Bottleneck,No-Contraction,0.0,1182.576934101693,59,41,0.6674884437596302
11,Bottleneck,No-Contraction,0.0,1667.7350847476305,83,58,0.5787513691128149
11,Bottleneck,No-Contraction,0.0,634.7078507258615,33,14,0.771900826446281
11,Bottleneck,No-Contraction,0.0,1244.1798161324332,62,50,0.6958944281524927
11,Bottleneck,No-Contraction,0.0,950.9701630975865,48,40,0.5977272727272728
11,Bottleneck,No-Contraction,0.0,1155.1828236293131,58,51,0.3768025078369906
11,Bottleneck,No-Contraction,0.0,1010.974498539891,51,36,0.7632798573975045
11,Bottleneck,No-Contraction,0.0,1400.9144910952687,70,27,0.8033766233766233
11,Bottleneck,No-Contraction,0.0,699.0046494613506,36,30,0.46616161616161617
11,Bottleneck,No-Contraction,0.0,1625.0830869016308,81,72,0.3802469135802469
11,Bottleneck,No-Contraction,0.0,1301.659748303577,65,41,0.6576223776223776
11,Bottleneck,No-Contraction,0.0,1429.528262273932,71,46,0.5820742637644046
11,Bottleneck,No-Contraction,0.0,595.1087198144893,31,15,0.7120234604105572
11,Bottleneck,No-Contraction,0.0,646.0544356765937,34,28,0.4919786096256684
11,Bottleneck,No-Contraction,0.0,610.6805975711662,32,27,0.5863636363636364
11,Bottleneck,No-Contraction,0.0,1122.0529621396627,56,19,0.9155844155844156
11,Bottleneck,No-Contraction,0.0,1680.751593587012,83,52,0.7794085432639649
11,Bottleneck,No-Contraction,0.0,1463.826413843765,73,60,0.6652552926525529
11,Bottleneck,No-Contraction,0.0,667.5949253194287,35,17,0.7527272727272727
11,Bottleneck,No-Contraction,0.0,1368.587628765221,68,29,0.9224598930481284
11,Bottleneck,No-Contraction,0.0,810.4065303281089,41,25,0.5636363636363636
11,Bottleneck,No-Contraction,0.0,1298.3472695692546,65,58,0.37930069930069926
11,Bottleneck,No-Contraction,0.0,1388.3546239063148,69,46,0.6284584980237153
11,Bottleneck,No-Contraction,0.0,1645.2308735041388,81,73,0.6487093153759821
11,Bottleneck,No-Contraction,0.0,1746.4668417115647,86,44,0.7627906976744185
11,Bottleneck,No-Contraction,0.0,1634.5373224982325,81,0,1.0
11,Bottleneck,No-Contraction,0.0,892.167590745773,45,41,0.4913131313131313
11,Bottleneck,No-Contraction,0.0,1177.1837126264331,59,38,0.7445300462249616
11,Bottleneck,No-Contraction,0.0,1426.8605995822156,71,10,0.9423815620998719
11,Bottleneck,No-Contraction,0.0,1580.089095570971,78,69,0.4498834498834499
11,Bottleneck,No-Contraction,0.0,745.0279587543865,38,19,0.6755980861244019
11,Bottleneck,No-Contraction,0.0,1611.1711990686629,80,30,0.8825
11,Bottleneck,No-Contraction,0.0,421.1004562449182,23,16,0.7699604743083005
11,Bottleneck,No-Contraction,0.0,1514.685630764493,75,68,0.33939393939393936
11,Bottleneck,No-Contraction,0.0,920.3871571134708,47,19,0.7500967117988395
11,Bottleneck,No-Contraction,0.0,1181.996417016637,59,52,0.5140215716486903
11,Bottleneck,No-Contraction,0.0,742.8804576625813,38,20,0.7999999999999999
11,Bottleneck,No-Contraction,0.0,572.3878267856009,30,22,0.5442424242424243
11,Bottleneck,No-Contraction,0.0,1517.7445389298393,75,55,0.5001212121212121
11,Bottleneck,No-Contraction,0.0,1453.0631036088334,72,63,0.476010101010101
11,Bottleneck,No-Contraction,0.0,1669.9601456804219,83,52,0.688499452354874
11,Bottleneck,No-Contraction,0.0,1614.5947827646476,80,69,0.4888636363636364
11,Bottleneck,No-Contraction,0.0,1431.0408183188292,71,48,0.5580025608194622
11,Bottleneck,No-Contraction,0.0,1200.1341978143603,60,48,0.473030303030303
11,Bottleneck,No-Contraction,0.0,1182.2492490291188,59,34,0.7204930662557781
11,Bottleneck,No-Contraction,0.0,1650.0592249172762,82,75,0.5636363636363636
11,Bottleneck,No-Contraction,0.0,1003.2040700654479,51,44,0.5964349376114082
11,Bottleneck,No-Contraction,0.0,1311.563220315367,65,44,0.6654545454545454
11,Bottleneck,No-Contraction,0.0,1219.1673170015254,61,52,0.6506706408345753
11,Bottleneck,No-Contraction,0.0,1142.5746272142999,57,46,0.6354066985645933
11,Bottleneck,No-Contraction,0.0,888.7931403369164,45,40,0.7446464646464647
11,Bottleneck,No-Contraction,0.0,1646.390751987174,82,73,0.4035476718403548
11,Bottleneck,No-Contraction,0.0,668.3075219208489,35,19,0.6976623376623377
11,Bottleneck,No-Contraction,0.0,1371.436511528077,68,42,0.7705882352941176
11,Bottleneck,No-Contraction,0.0,1916.0191748780444,94,66,0.5522243713733075
11,Bottleneck,No-Contraction,0.0,577.7160551871773,30,18,0.7163636363636364
11,Bottleneck,No-Contraction,0.0,1532.6181276170853,76,53,0.6885167464114833
11,Bottleneck,No-Contraction,0.0,1669.6664237419652,83,28,0.8926615553121577
11,Bottleneck,No-Contraction,0.0,1116.5132821425054,56,50,0.3194805194805195
11,Bottleneck,No-Contraction,0.0,1849.6193081145173,91,67,0.6765234765234766
11,Bottleneck,No-Contraction,0.0,623.2707755419476,32,17,0.6625
11,Bottleneck,No-Contraction,0.0,1116.8498278918732,56,26,0.7824675324675325
11,Bottleneck,No-Contraction,0.0,1164.8488914621557,58,49,0.558307210031348
11,Bottleneck,No-Contraction,0.0,1373.6567934525403,68,40,0.7302139037433155
11,Bottleneck,No-Contraction,0.0,1227.462261736796,61,55,0.39135618479880774
11,Bottleneck,No-Contraction,0.0,951.1781490587589,48,34,0.6412878787878787
11,Bottleneck,No-Contraction,0.0,1259.5371015001926,63,41,0.7099567099567099
11,Bottleneck,No-Contraction,0.0,1222.2440286295268,61,55,0.614903129657228
11,Bottleneck,No-Contraction,0.0,766.8248552046165,39,29,0.5020979020979021
11,Bottleneck,No-Contraction,0.0,1119.1198013128605,56,49,0.6993506493506494
11,Bottleneck,No-Contraction,0.0,848.2222777088559,43,33,0.706553911205074
11,Bottleneck,No-Contraction,0.0,1202.2701751748004,60,47,0.7484848484848484
11,Bottleneck,No-Contraction,0.0,843.8869504390499,43,33,0.6228329809725158
11,Bottleneck,No-Contraction,0.0,1132.659660817495,57,33,0.778628389154705
11,Bottleneck,No-Contraction,0.0,924.7895091021347,47,38,0.5984526112185687
11,Bottleneck,No-Contraction,0.0,782.8965017328677,40,29,0.7427272727272728
11,Bottleneck,No-Contraction,0.0,751.4577146158286,39,24,0.6671328671328671
11,Bottleneck,No-Contraction,0.0,1046.3234707655452,53,43,0.5018867924528302
11,Bottleneck,No-Contraction,0.0,813.6894267954144,42,31,0.725974025974026
11,Bottleneck,No-Contraction,0.0,1320.9809807771971,66,37,0.706611570247934
11,Bottleneck,No-Contraction,0.0,1439.6570672720673,72,23,0.8954545454545454
11,Bottleneck,No-Contraction,0.0,531.8053184099472,28,1,0.9805194805194805
11,Bottleneck,No-Contraction,0.0,1222.7065004749754,61,56,0.4554396423248882
11,Bottleneck,No-Contraction,0.0,1120.289621081228,56,27,0.8831168831168831
11,Bottleneck,No-Contraction,0.0,890.8983142279562,45,34,0.6557575757575758
11,Bottleneck,No-Contraction,0.0,1589.7794188047085,79,67,0.6681242807825086
11,Bottleneck,No-Contraction,0.0,579.7341239736584,30,11,0.843030303030303
11,Bottleneck,No-Contraction,0.0,850.79140296452,43,24,0.8186046511627908
11,Bottleneck,No-Contraction,0.0,972.9719973082939,49,40,0.5962894248608535
11,Bottleneck,No-Contraction,0.0,1171.6073695413672,59,35,0.8154083204930662
11,Bottleneck,No-Contraction,0.0,1319.9209242012978,66,59,0.5418732782369147
11,Bottleneck,No-Contraction,0.0,1291.3766758467334,64,50,0.6448863636363636
11,Bottleneck,No-Contraction,0.0,1638.3427175028748,81,65,0.4924803591470258
11,Bottleneck,No-Contraction,0.0,967.8259764443503,49,14,0.8282003710575139
11,Bottleneck,No-Contraction,0.0,638.0098141192909,33,19,0.6176308539944904
11,Bottleneck,No-Contraction,0.0,854.7090133026553,44,18,0.921900826446281
11,Bottleneck,No-Contraction,0.0,1321.2770808335745,66,55,0.7914600550964187
11,Bottleneck,No-Contraction,0.0,680.5202295598996,35,29,0.465974025974026
11,Bottleneck,No-Contraction,0.0,882.5299609723155,45,38,0.4052525252525252
11,Bottleneck,No-Contraction,0.0,1047.2656678967005,53,29,0.8758147512864495
11,Bottleneck,No-Contraction,0.0,855.4419351515099,44,9,0.9256198347107438
11,Bottleneck,No-Contraction,0.0,1306.7764356256737,65,55,0.5381818181818182
11,Bottleneck,No-Contraction,0.0,1167.7033653271615,59,26,0.7731895223420647
11,Bottleneck,No-Contraction,0.0,1341.567484033646,67,25,0.7755766621438263
11,Bottleneck,No-Contraction,0.0,1662.479153602612,82,34,0.8155210643015521
11,Bottleneck,No-Contraction,0.0,1566.956100467366,78,35,0.8265734265734265
11,Bottleneck,No-Contraction,0.0,1308.4274782917028,65,44,0.8718881118881119
11,Bottleneck,No-Contraction,0.0,2107.274326976659,104,69,0.8162587412587412
11,Bottleneck,No-Contraction,0.0,1082.8494699336084,54,33,0.6666666666666666
11,Bottleneck,No-Contraction,0.0,779.9334659550403,40,11,0.8336363636363636
11,Bottleneck,No-Contraction,0.0,1372.024827398291,68,59,0.39385026737967915
11,Bottleneck,No-Contraction,0.0,1540.5681191871229,76,40,0.7655502392344498
11,Bottleneck,No-Contraction,0.0,1144.7223515266944,57,44,0.44242424242424244
11,Bottleneck,No-Contraction,0.0,659.9799792209341,34,23,0.7112299465240642
11,Bottleneck,No-Contraction,0.0,1111.2105285562116,56,37,0.5503246753246753
11,Bottleneck,No-Contraction,0.0,858.9741932931178,44,34,0.49462809917355366
11,Bottleneck,No-Contraction,0.0,619.7318326721014,32,19,0.7801136363636364
11,Bottleneck,No-Contraction,0.0,1140.8694300273637,57,44,0.7578947368421053
11,Bottleneck,No-Contraction,0.0,1732.6795006447855,86,47,0.726215644820296
11,Bottleneck,No-Contraction,0.0,1123.4378191610429,56,44,0.7558441558441559
11,Bottleneck,No-Contraction,0.0,471.02067621389386,25,9,0.9345454545454546
11,Bottleneck,No-Contraction,0.0,1266.569875630237,63,44,0.6888888888888889
11,Bottleneck,No-Contraction,0.0,829.6171425490783,42,37,0.5225108225108225
11,Bottleneck,No-Contraction,0.0,1355.4201443088941,68,60,0.40240641711229946
11,Bottleneck,No-Contraction,0.0,1462.5913260169277,73,53,0.6607721046077211
11,Bottleneck,No-Contraction,0.0,1103.135082265452,55,40,0.5047933884297521
11,Bottleneck,No-Contraction,0.0,1271.5424757269368,64,33,0.7420454545454546
11,Bottleneck,No-Contraction,0.0,1563.662137964716,78,36,0.8270396270396271
11,Bottleneck,No-Contraction,0.0,696.2350666998759,36,29,0.5454545454545454
11,Bottleneck,No-Contraction,0.0,825.4041764688234,42,35,0.5891774891774892
11,Bottleneck,No-Contraction,0.0,1329.4489648115666,66,57,0.45068870523415977
11,Bottleneck,No-Contraction,0.0,1352.9326368588743,67,56,0.5031207598371777
11,Bottleneck,No-Contraction,0.0,541.0713170000278,28,10,0.8883116883116883
11,Bottleneck,No-Contraction,0.0,1440.9446375029893,72,33,0.8500000000000001
11,Bottleneck,No-Contraction,0.0,765.3098286235154,39,31,0.7114219114219115
11,Bottleneck,No-Contraction,0.0,1351.8724585127802,67,55,0.4654002713704206
11,Bottleneck,No-Contraction,0.0,1184.0798699632956,59,48,0.5818181818181818
11,Bottleneck,No-Contraction,0.0,1514.3468616624325,75,16,0.8836363636363636
11,Bottleneck,No-Contraction,0.0,652.6818271303291,34,29,0.4748663101604278
11,Bottleneck,No-Contraction,0.0,998.5628701637401,50,39,0.6098181818181818
11,Bottleneck,No-Contraction,0.0,929.5383833755001,47,39,0.4305609284332688
11,Bottleneck,No-Contraction,0.0,1355.9007233224406,68,61,0.5989304812834224
11,Bottleneck,No-Contraction,0.0,1054.547336755507,53,47,0.5831903945111493
11,Bottleneck,No-Contraction,0.0,1159.1717464733067,58,23,0.9015673981191222
11,Bottleneck,No-Contraction,0.0,844.0719036076607,43,37,0.4528541226215645
11,Bottleneck,No-Contraction,0.0,695.3388976282034,36,23,0.5944444444444444
11,Bottleneck,No-Contraction,0.0,1141.9538735679746,57,47,0.4593301435406698
11,Bottleneck,No-Contraction,0.0,961.6692835756436,49,42,0.5944341372912801
11,Bottleneck,No-Contraction,0.0,1499.2589881808885,74,57,0.5066339066339066
11,Bottleneck,No-Contraction,0.0,1314.322703865141,66,34,0.6476584022038567
11,Bottleneck,No-Contraction,0.0,1511.351915213389,75,35,0.7575757575757576
11,Bottleneck,No-Contraction,0.0,1298.0507668963987,65,50,0.7499300699300699
11,Bottleneck,No-Contraction,0.0,905.6398875078743,46,28,0.6830039525691699
11,Bottleneck,No-Contraction,0.0,1840.6001477912848,91,10,0.98001998001998
11,Bottleneck,No-Contraction,0.0,1765.596049162795,87,76,0.6888192267502613
11,Bottleneck,No-Contraction,0.0,656.41088149543,34,9,0.8524064171122995
11,Bottleneck,No-Contraction,0.0,1490.0813688888438,74,40,0.6916461916461916
11,Bottleneck,No-Contraction,0.0,862.6629477805059,44,32,0.45289256198347105
11,Bottleneck,No-Contraction,0.0,1680.6506238174832,83,69,0.3945235487404162
11,Bottleneck,No-Contraction,0.0,896.4542987399892,46,35,0.5403162055335968
11,Bottleneck,No-Contraction,0.0,994.8809192127569,50,25,0.8490909090909091
11,Bottleneck,No-Contraction,0.0,434.88011193177636,23,7,0.8213438735177866
11,Bottleneck,No-Contraction,0.0,1468.094080345287,73,59,0.6550435865504359
11,Bottleneck,No-Contraction,0.0,1677.6488462512095,83,63,0.833077765607886
11,Bottleneck,No-Contraction,0.0,1299.624697280397,65,55,0.7085314685314685
11,Bottleneck,No-Contraction,0.0,367.06683660775485,20,16,0.8236363636363636
11,Bottleneck,No-Contraction,0.0,1593.4021696232414,79,45,0.732566168009206
11,Bottleneck,No-Contraction,0.0,1098.413863762598,55,43,0.5289256198347108
11,Bottleneck,No-Contraction,0.0,1543.9011991006585,77,70,0.3667060212514758
11,Bottleneck,No-Contraction,0.0,1484.4666400571707,74,61,0.5525798525798525
11,Bottleneck,No-Contraction,0.0,1455.7868801648788,72,47,0.7527777777777778
11,Bottleneck,No-Contraction,0.0,1536.4998330096562,76,52,0.6495215311004785
11,Bottleneck,No-Contraction,0.0,1849.4367598401934,91,50,0.7598401598401598
11,Bottleneck,No-Contraction,0.0,537.0345334500257,28,18,0.5324675324675324
11,Bottleneck,No-Contraction,0.0,566.6913539316954,30,21,0.6703030303030303
11,Bottleneck,No-Contraction,0.0,1696.0545028447652,84,53,0.6597402597402597
11,Bottleneck,No-Contraction,0.0,1306.2828352391825,65,57,0.5155244755244756
11,Bottleneck,No-Contraction,0.0,910.8665676179545,46,41,0.442292490118577
11,Bottleneck,No-Contraction,0.0,1815.1073696324497,90,29,0.9070707070707071
11,Bottleneck,No-Contraction,0.0,583.4561493351138,31,19,0.7642228739002933
11,Bottleneck,No-Contraction,0.0,1625.7795754445865,81,63,0.45028058361391693
11,Bottleneck,No-Contraction,0.0,1276.9004143752309,64,49,0.5110795454545455
11,Bottleneck,No-Contraction,0.0,1438.228826544522,72,58,0.7088383838383838
11,Bottleneck,No-Contraction,0.0,813.3423313857049,42,38,0.31385281385281383
11,Bottleneck,No-Contraction,0.0,931.7871711884363,47,38,0.6104448742746615
11,Bottleneck,No-Contraction,0.0,642.1576261936061,33,30,0.5024793388429752
11,Bottleneck,No-Contraction,0.0,1198.059668768278,60,52,0.6466666666666666
11,Bottleneck,No-Contraction,0.0,700.9127015322333,36,26,0.7545454545454545
11,Bottleneck,No-Contraction,0.0,755.1345402946058,39,20,0.6675990675990676
11,Bottleneck,No-Contraction,0.0,677.3311776988317,35,21,0.6997402597402598
11,Bottleneck,No-Contraction,0.0,570.3745570168146,30,14,0.8048484848484848
11,Bottleneck,No-Contraction,0.0,1302.4247417014942,65,40,0.6559440559440559
11,Bottleneck,No-Contraction,0.0,607.8418930246646,32,15,0.6482954545454546
11,Bottleneck,No-Contraction,0.0,1060.88858049804,53,47,0.7708404802744426
11,Bottleneck,No-Contraction,0.0,1366.2058552464698,68,44,0.8462566844919787
11,Bottleneck,No-Contraction,0.0,912.0541379339403,46,20,0.8237154150197629
11,Bottleneck,No-Contraction,0.0,989.9095484143622,50,38,0.7396363636363636
11,Bottleneck,No-Contraction,0.0,1824.1110151277865,90,70,0.7111111111111111
11,Bottleneck,No-Contraction,0.0,593.9725512761371,31,23,0.5829912023460411
11,Bottleneck,No-Contraction,0.0,847.8973390858833,43,20,0.6528541226215645
11,Bottleneck,No-Contraction,0.0,1370.376992514737,68,52,0.5684491978609626
11,Bottleneck,No-Contraction,0.0,1515.8319738058685,75,27,0.7958787878787879
11,Bottleneck,No-Contraction,0.0,1096.7154473090661,55,15,0.8307438016528925
11,Bottleneck,No-Contraction,0.0,349.83759119259133,19,14,0.7952153110047847
11,Bottleneck,No-Contraction,0.0,924.866126496552,47,43,0.5470019342359769
11,Bottleneck,No-Contraction,0.0,529.9675512494538,28,24,0.5266233766233767
11,Bottleneck,No-Contraction,0.0,1829.5252566607433,90,54,0.7147474747474748
11,Bottleneck,No-Contraction,0.0,1044.4900057256332,53,34,0.695368782161235
11,Bottleneck,No-Contraction,0.0,1157.9053912151655,58,45,0.5040752351097179
11,Bottleneck,No-Contraction,0.0,509.24838446357916,27,23,0.4222222222222222
11,Bottleneck,No-Contraction,0.0,842.3089177048295,43,36,0.585200845665962
11,Bottleneck,No-Contraction,0.0,1355.7761710366683,68,39,0.7203208556149733
11,Bottleneck,No-Contraction,0.0,727.42690876729,37,4,0.9803439803439804
11,Bottleneck,No-Contraction,0.0,1054.5538367409536,53,33,0.7900514579759863
11,Bottleneck,No-Contraction,0.0,1868.116924916425,92,73,0.7282608695652174
11,Bottleneck,No-Contraction,0.0,1642.5130003268587,81,72,0.6071829405162739
11,Bottleneck,No-Contraction,0.0,1305.7464387479067,65,45,0.6855944055944055
11,Bottleneck,No-Contraction,0.0,1890.8647441181986,93,87,0.7002932551319648
11,Bottleneck,No-Contraction,0.0,1327.7169233720147,66,55,0.6493112947658403
11,Bottleneck,No-Contraction,0.0,287.14829336301284,16,9,0.7193181818181819
11,Bottleneck,No-Contraction,0.0,1855.7524585109804,92,59,0.5488142292490119
11,Bottleneck,No-Contraction,0.0,1639.0121634320228,81,69,0.6237934904601571
11,Bottleneck,No-Contraction,0.0,1289.688219631502,64,53,0.6380681818181818
11,Bottleneck,No-Contraction,0.0,608.6909104661007,32,28,0.8125
11,Bottleneck,No-Contraction,0.0,1375.374348179269,69,24,0.7870882740447959
11,Bottleneck,No-Contraction,0.0,1644.0769860487546,81,40,0.6794612794612795
11,Bottleneck,No-Contraction,0.0,483.5274062356641,26,22,0.45104895104895104
11,Bottleneck,No-Contraction,0.0,850.5636303470122,43,19,0.7674418604651163
11,Bottleneck,No-Contraction,0.0,644.6577093724798,33,30,0.5107438016528926
11,Bottleneck,No-Contraction,0.0,411.8821160640787,22,18,0.4991735537190083
11,Bottleneck,No-Contraction,0.0,1137.995523102169,57,49,0.6695374800637959
11,Bottleneck,No-Contraction,0.0,993.1732992028848,50,44,0.43818181818181823
11,Bottleneck,No-Contraction,0.0,1014.891315838914,51,32,0.7689839572192514
11,Bottleneck,No-Contraction,0.0,1315.0854090861608,66,51,0.5528925619834711
11,Bottleneck,No-Contraction,0.0,1166.738318381972,59,41,0.6043143297380585
11,Bottleneck,No-Contraction,0.0,1157.1852706397,58,39,0.7739811912225705
11,Bottleneck,No-Contraction,0.0,1726.1780165310865,85,57,0.6554010695187166
11,Bottleneck,No-Contraction,0.0,1086.5457557709221,55,50,0.7325619834710744
11,Bottleneck,No-Contraction,0.0,468.17826304375257,25,7,0.9490909090909091
11,Bottleneck,No-Contraction,0.0,1666.2334866260016,82,75,0.5155210643015521
11,Bottleneck,No-Contraction,0.0,1003.6874282362381,51,41,0.5379679144385027
11,Bottleneck,No-Contraction,0.0,1114.742079912908,56,36,0.6519480519480519
11,Bottleneck,No-Contraction,0.0,589.647679209359,31,20,0.7067448680351907
11,Bottleneck,No-Contraction,0.0,1048.0285049827942,53,30,0.7746140651801029
11,Bottleneck,No-Contraction,0.0,1369.8374430178653,68,60,0.6042780748663102
11,Bottleneck,No-Contraction,0.0,960.3588173480138,49,43,0.525417439703154
11,Bottleneck,No-Contraction,0.0,1138.4836009513158,57,45,0.554066985645933
11,Bottleneck,No-Contraction,0.0,1215.0688304082369,61,48,0.5788375558867362
11,Bottleneck,No-Contraction,0.0,1629.2272648133303,81,43,0.7277216610549944
11,Bottleneck,No-Contraction,0.0,1473.9763791386408,73,37,0.8037359900373598
11,Bottleneck,No-Contraction,0.0,1786.630776186603,88,72,0.6392561983471075
11,Bottleneck,No-Contraction,0.0,645.1690621322875,33,16,0.7234159779614325
11,Bottleneck,No-Contraction,0.0,567.7032687184206,30,11,0.7963636363636364
11,Bottleneck,No-Contraction,0.0,1526.8557181613278,76,60,0.5389952153110048
11,Bottleneck,No-Contraction,0.0,1326.369538467262,66,50,0.4768595041322314
11,Bottleneck,No-Contraction,0.0,725.8555518902268,37,19,0.7302211302211302
11,Bottleneck,No-Contraction,0.0,1964.8748227341282,97,63,0.7626991565135895
11,Bottleneck,No-Contraction,0.0,579.1032063915616,30,23,0.8096969696969698
11,Bottleneck,No-Contraction,0.0,1450.7740605196284,72,62,0.3926767676767677
11,Bottleneck,No-Contraction,0.0,1484.0648439665654,74,67,0.6415233415233416
11,Bottleneck,No-Contraction,0.0,1183.9912459196332,59,39,0.6869029275808937
11,Bottleneck,No-Contraction,0.0,726.5020111430042,37,28,0.6068796068796068
11,Bottleneck,No-Contraction,0.0,700.0643698521862,36,32,0.8383838383838385
11,Bottleneck,No-Contraction,0.0,493.2030771551254,26,17,0.5244755244755245
11,Bottleneck,No-Contraction,0.0,539.9242427260011,28,23,0.6896103896103896
11,Bottleneck,No-Contraction,0.0,1106.0864825562257,56,28,0.7233766233766233
11,Bottleneck,No-Contraction,0.0,1174.8183386201595,59,52,0.47673343605547
11,Bottleneck,No-Contraction,0.0,637.0787903933885,33,20,0.8898071625344353
11,Bottleneck,No-Contraction,0.0,1251.6461946024815,63,31,0.7974025974025973
11,Bottleneck,No-Contraction,0.0,1235.9163257390157,62,55,0.587683284457478
11,Bottleneck,No-Contraction,0.0,1090.1722551045282,55,40,0.7920661157024793
11,Bottleneck,No-Contraction,0.0,1724.3840722541895,85,25,0.9088770053475935
11,Bottleneck,No-Contraction,0.0,568.5369611723902,30,22,0.5963636363636363
11,Bottleneck,No-Contraction,0.0,937.5282771497872,48,26,0.75
11,Bottleneck,No-Contraction,0.0,1252.413677408058,63,55,0.4499278499278499
11,Bottleneck,No-Contraction,0.0,1240.9874897086165,62,52,0.5994134897360703
11,Bottleneck,No-Contraction,0.0,661.2220448611948,34,31,0.5427807486631016
11,Bottleneck,No-Contraction,0.0,829.5494579912681,42,38,0.6125541125541125
11,Bottleneck,No-Contraction,0.0,903.7688806487828,46,41,0.5474308300395256
11,Bottleneck,No-Contraction,0.0,923.016341677945,47,39,0.562862669245648
11,Bottleneck,No-Contraction,0.0,788.9640648319024,40,32,0.5368181818181819
11,Bottleneck,No-Contraction,0.0,1271.3669220830259,64,47,0.396875
11,Bottleneck,No-Contraction,0.0,1275.5799997259114,64,47,0.5434659090909091
11,Bottleneck,No-Contraction,0.0,1226.3178689027675,61,29,0.7254843517138599
11,Bottleneck,No-Contraction,0.0,1158.3686984079886,58,35,0.8752351097178683
11,Bottleneck,No-Contraction,0.0,1199.6468184348976,60,53,0.5542424242424242
11,Bottleneck,No-Contraction,0.0,1112.145852351071,56,36,0.6733766233766234
11,Bottleneck,No-Contraction,0.0,1864.1667259690673,92,42,0.7952569169960475
11,Bottleneck,No-Contraction,0.0,630.2627440764053,33,28,0.8358126721763085
11,Bottleneck,No-Contraction,0.0,1284.6743560969333,64,39,0.7349431818181819
11,Bottleneck,No-Contraction,0.0,1008.7167575659299,51,44,0.5832442067736185
11,Bottleneck,No-Contraction,0.0,1534.2449823622321,76,66,0.5724880382775119
11,Bottleneck,No-Contraction,0.0,634.7273802348345,33,28,0.5454545454545454
11,Bottleneck,No-Contraction,0.0,977.2164660558939,49,43,0.7228200371057515
11,Bottleneck,No-Contraction,0.0,558.2033691277389,29,17,0.6413793103448276
11,Bottleneck,No-Contraction,0.0,444.3079236734422,24,20,0.5727272727272726
11,Bottleneck,No-Contraction,0.0,1057.405423959975,53,30,0.7173241852487136
11,Bottleneck,No-Contraction,0.0,926.5712513901568,47,40,0.47117988394584137
11,Bottleneck,No-Contraction,0.0,679.1932338530119,35,29,0.5454545454545454
11,Bottleneck,No-Contraction,0.0,1761.8912305088038,87,65,0.7379310344827587
11,Bottleneck,No-Contraction,0.0,1320.1613118607318,66,48,0.5870523415977961
11,Bottleneck,No-Contraction,0.0,939.323012004407,48,15,0.8295454545454546
11,Bottleneck,No-Contraction,0.0,1887.2069819516792,93,74,0.617008797653959
11,Bottleneck,No-Contraction,0.0,1041.3256689209811,52,42,0.6790209790209791
11,Bottleneck,No-Contraction,0.0,615.367920865919,32,19,0.6386363636363637
11,Bottleneck,No-Contraction,0.0,1569.3256532108524,78,70,0.5130536130536131
11,Bottleneck,No-Contraction,0.0,1141.231224702077,57,49,0.6950558213716108
11,Bottleneck,No-Contraction,0.0,858.9693281611984,44,38,0.5020661157024793
11,Bottleneck,No-Contraction,0.0,521.7745053962519,28,21,0.4974025974025974
11,Bottleneck,No-Contraction,0.0,913.8737909547992,46,39,0.5766798418972332
11,Bottleneck,No-Contraction,0.0,890.2952487034212,45,37,0.5838383838383838
11,Bottleneck,No-Contraction,0.0,983.8242491156694,50,44,0.34
11,Bottleneck,No-Contraction,0.0,870.2075708449809,44,27,0.7888429752066116
11,Bottleneck,No-Contraction,0.0,1523.4441439886275,76,31,0.863157894736842
11,Bottleneck,No-Contraction,0.0,1706.1338893318225,84,45,0.6666666666666666
11,Bottleneck,No-Contraction,0.0,780.5532708951357,40,34,0.6259090909090909
11,Bottleneck,No-Contraction,0.0,1751.0364218618417,87,70,0.7630094043887148
11,Bottleneck,No-Contraction,0.0,613.9774400121584,32,23,0.63125
11,Bottleneck,No-Contraction,0.0,950.1074476229605,48,36,0.7799242424242424
11,Bottleneck,No-Contraction,0.0,1567.7471374503,78,71,0.5811188811188811
11,Bottleneck,No-Contraction,0.0,1137.2114901912514,57,50,0.5444976076555024
11,Bottleneck,No-Contraction,0.0,795.7342634767402,41,35,0.7343680709534368
11,Bottleneck,No-Contraction,0.0,904.0399075583771,46,29,0.6177865612648221
11,Bottleneck,No-Contraction,0.0,953.336400187763,48,43,0.41098484848484845
11,Bottleneck,No-Contraction,0.0,1550.2962674123767,77,57,0.4451003541912633
11,Bottleneck,No-Contraction,0.0,740.865517057582,38,28,0.7301435406698564
11,Bottleneck,No-Contraction,0.0,1526.125235856832,76,69,0.5222488038277513
11,Bottleneck,No-Contraction,0.0,1507.7869642387038,75,70,0.37212121212121213
11,Bottleneck,No-Contraction,0.0,451.8644844864023,24,13,0.8219696969696969
11,Bottleneck,No-Contraction,0.0,1588.1755217044777,79,34,0.7976985040276179
11,Bottleneck,No-Contraction,0.0,1299.7196187403497,65,38,0.7404195804195803
11,Bottleneck,No-Contraction,0.0,1463.52664110929,73,60,0.7130759651307597
11,Bottleneck,No-Contraction,0.0,1813.1797847598627,90,79,0.6452525252525252
11,Bottleneck,No-Contraction,0.0,628.5531522769468,33,18,0.7636363636363637
11,Bottleneck,No-Contraction,0.0,946.6993325025944,48,15,0.859090909090909
11,Bottleneck,No-Contraction,0.0,1505.67892751611,75,65,0.5958787878787878
11,Bottleneck,No-Contraction,0.0,1626.52340073917,81,66,0.7791245791245791
11,Bottleneck,No-Contraction,0.0,1327.2558737112831,66,40,0.7581267217630855
11,Bottleneck,No-Contraction,0.0,1424.877541371297,71,56,0.8207426376440461
11,Bottleneck,No-Contraction,0.0,1201.6924517694974,60,45,0.5427272727272727
11,Bottleneck,No-Contraction,0.0,1410.297684911403,70,37,0.7277922077922078
11,Bottleneck,No-Contraction,0.0,1889.76194823547,93,84,0.5083088954056696
11,Bottleneck,No-Contraction,0.0,1114.9839468631003,56,26,0.724025974025974
11,Bottleneck,No-Contraction,0.0,891.257434641451,45,24,0.6177777777777778
11,Bottleneck,No-Contraction,0.0,1558.2628284500763,77,55,0.4635182998819362
11,Bottleneck,No-Contraction,0.0,1679.7778490425658,83,31,0.8177437020810515
11,Bottleneck,No-Contraction,0.0,1358.742666385274,68,0,1.0
11,Bottleneck,No-Contraction,0.0,582.6507104310278,30,26,0.5672727272727273
11,Bottleneck,No-Contraction,0.0,1057.8241313772814,53,38,0.5276157804459691
11,Bottleneck,No-Contraction,0.0,1729.572866123722,86,28,0.9408033826638478
11,Bottleneck,No-Contraction,0.0,1741.628187050853,86,77,0.5355179704016914
11,Bottleneck,No-Contraction,0.0,655.5290215416713,34,5,0.9732620320855616
11,Bottleneck,No-Contraction,0.0,1904.1275545315448,94,11,0.9644100580270794
11,Bottleneck,No-Contraction,0.0,1109.7850421860667,56,48,0.6327922077922078
11,Bottleneck,No-Contraction,0.0,1140.8294478414232,57,47,0.6063795853269537
11,Bottleneck,No-Contraction,0.0,1684.8658604391283,83,76,0.5290251916757941
11,Bottleneck,No-Contraction,0.0,909.3132765285494,46,38,0.8177865612648221
11,Bottleneck,No-Contraction,0.0,842.6666837148547,43,30,0.6642706131078224
11,Bottleneck,No-Contraction,0.0,1205.691719337476,60,53,0.4578787878787879
11,Bottleneck,No-Contraction,0.0,1252.0644002645,63,46,0.5523809523809523
11,Bottleneck,No-Contraction,0.0,857.875354076945,44,29,0.5247933884297521
11,Bottleneck,No-Contraction,0.0,1356.8657282686122,68,51,0.6598930481283423
11,Bottleneck,No-Contraction,0.0,1012.8109955647141,51,44,0.5885918003565062
11,Bottleneck,No-Contraction,0.0,1076.4097865376607,54,44,0.4632996632996633
11,Bottleneck,No-Contraction,0.0,1853.856959819048,91,44,0.8905094905094905
11,Bottleneck,No-Contraction,0.0,968.9725264077366,49,9,0.9042671614100186
11,Bottleneck,No-Contraction,0.0,1317.974575555486,66,43,0.5212121212121212
11,Bottleneck,No-Contraction,0.0,1221.1895824015378,61,42,0.68822652757079
11,Bottleneck,No-Contraction,0.0,1707.9924943263718,84,75,0.7151515151515152
11,Bottleneck,No-Contraction,0.0,1210.819348584228,61,39,0.6876304023845008
11,Bottleneck,No-Contraction,0.0,1678.1840915034313,83,37,0.8346111719605694
11,Bottleneck,No-Contraction,0.0,1653.6493007860788,82,59,0.5496674057649668
11,Bottleneck,No-Contraction,0.0,1067.3284527810395,54,36,0.7101010101010101
11,Bottleneck,No-Contraction,0.0,1760.8871353202567,87,60,0.5696969696969697
11,Bottleneck,No-Contraction,0.0,698.8464497362163,36,31,0.5803030303030303
11,Bottleneck,No-Contraction,0.0,1893.1758345239928,93,64,0.5436950146627566
11,Bottleneck,No-Contraction,0.0,1341.9459586389823,67,47,0.6236092265943012
11,Bottleneck,No-Contraction,0.0,1292.0416862914012,65,60,0.46153846153846156
11,Bottleneck,No-Contraction,0.0,673.7020983734038,35,31,0.5116883116883117
11,Bottleneck,No-Contraction,0.0,1480.7301076707517,74,17,0.9582309582309582
11,Bottleneck,No-Contraction,0.0,1192.9735933448649,60,54,0.6366666666666667
11,Bottleneck,No-Contraction,0.0,1413.520624648537,70,59,0.6337662337662339
11,Bottleneck,No-Contraction,0.0,1674.5949316312222,83,64,0.7555312157721796
11,Bottleneck,No-Contraction,0.0,516.6584550751596,27,21,0.6909090909090909
11,Bottleneck,No-Contraction,0.0,638.8777088338243,33,28,0.6666666666666666
11,Bottleneck,No-Contraction,0.0,1358.5764289789925,68,57,0.6048128342245989
11,Bottleneck,No-Contraction,0.0,1440.9346340367574,72,44,0.7368686868686869
11,Bottleneck,No-Contraction,0.0,1660.3638567595342,82,55,0.553880266075388
11,Bottleneck,No-Contraction,0.0,1896.108086911733,94,70,0.5831721470019342
11,Bottleneck,No-Contraction,0.0,1472.2259927762266,73,49,0.5471980074719801
11,Bottleneck,No-Contraction,0.0,1319.2286253152326,66,46,0.46143250688705234
11,Bottleneck,No-Contraction,0.0,1585.2851249797752,79,58,0.46720368239355575
11,Bottleneck,No-Contraction,0.0,1832.8652825428248,90,75,0.538989898989899
11,Bottleneck,No-Contraction,0.0,1801.5305370451479,89,60,0.7671092951991829
11,Bottleneck,No-Contraction,0.0,1405.487593577026,70,36,0.7568831168831169
11,Bottleneck,No-Contraction,0.0,723.6106437947308,37,30,0.45208845208845205
11,Bottleneck,No-Contraction,0.0,1449.9218881697818,72,66,0.49772727272727274
11,Bottleneck,No-Contraction,0.0,555.4317903314414,29,21,0.5504702194357367
11,Bottleneck,No-Contraction,0.0,986.0266948928123,50,40,0.834909090909091
11,Bottleneck,No-Contraction,0.0,530.8449468631381,28,22,0.588961038961039
11,Bottleneck,No-Contraction,0.0,1981.8877903044488,98,90,0.46808905380333954
11,Bottleneck,No-Contraction,0.0,1623.7779425508927,80,58,0.6472727272727272
11,Bottleneck,No-Contraction,0.0,1396.338803877816,70,47,0.6436363636363637
11,Bottleneck,No-Contraction,0.0,512.8757109302875,27,22,0.6996632996632997
11,Bottleneck,No-Contraction,0.0,1307.3112623302961,65,33,0.7191608391608391
11,Bottleneck,No-Contraction,0.0,1656.3578276143398,82,57,0.42638580931263853
11,Bottleneck,No-Contraction,0.0,1470.7489708945166,73,39,0.6059775840597759
11,Bottleneck,No-Contraction,0.0,1506.2919129293005,75,57,0.7827878787878788
11,Bottleneck,No-Contraction,0.0,900.5687061468517,46,24,0.8067193675889328
11,Bottleneck,No-Contraction,0.0,1021.1658010379864,52,46,0.6325174825174825
11,Bottleneck,No-Contraction,0.0,1322.26364454347,66,55,0.5534435261707988
11,Bottleneck,No-Contraction,0.0,1570.208615566841,78,60,0.6559440559440559
11,Bottleneck,No-Contraction,0.0,1446.2164425945482,72,53,0.8042929292929294
11,Bottleneck,No-Contraction,0.0,1068.7057802294778,54,47,0.4676767676767677
11,Bottleneck,No-Contraction,0.0,1170.6985029433772,59,16,0.803697996918336
