30,Min Sum,No-Contraction,0.0,518.2280766944182,27,23,0.36934865900383146
30,Min Sum,No-Contraction,0.0,463.5442260489464,25,20,0.4453333333333333
30,Min Sum,No-Contraction,0.0,617.1113765511104,32,28,0.28283045977011495
30,Min Sum,No-Contraction,0.0,343.48303435814523,19,14,0.47743496672716274
30,Min Sum,No-Contraction,0.0,578.3428174488284,30,26,0.4196168582375479
30,Min Sum,No-Contraction,0.0,757.6850460080205,39,35,0.3407603890362511
30,Min Sum,No-Contraction,0.0,805.7691455771917,41,35,0.3073731426969442
30,Min Sum,No-Contraction,0.0,667.048638441334,35,30,0.4434154351395731
30,Min Sum,No-Contraction,0.0,590.1184668785653,31,27,0.3381535038932147
30,Min Sum,No-Contraction,0.0,544.4218149935854,29,24,0.38271898533491877
30,Min Sum,No-Contraction,0.0,568.9624685916416,30,24,0.5003065134099617
30,Min Sum,No-Contraction,0.0,550.0125037480523,29,22,0.5624256837098692
30,Min Sum,No-Contraction,0.0,487.58907319216706,26,20,0.38647214854111406
30,Min Sum,No-Contraction,0.0,515.0264487379702,27,23,0.36551724137931035
30,Min Sum,No-Contraction,0.0,812.0165196193035,41,35,0.3620409307541351
30,Min Sum,No-Contraction,0.0,630.7110682769082,33,24,0.4749564611633577
30,Min Sum,No-Contraction,0.0,465.29238643115957,25,21,0.4555402298850575
30,Min Sum,No-Contraction,0.0,507.22509884461397,27,22,0.3421030225627927
30,Min Sum,No-Contraction,0.0,697.7945882523592,36,31,0.2990421455938697
30,Min Sum,No-Contraction,0.0,635.9012498678835,33,29,0.3405085336119819
30,Min Sum,No-Contraction,0.0,735.7567121234848,38,33,0.44240774349667267
30,Min Sum,No-Contraction,0.0,444.78115026335934,24,20,0.4043103448275862
30,Min Sum,No-Contraction,0.0,557.6992098690345,29,25,0.38699960364645264
30,Min Sum,No-Contraction,0.0,599.218704204287,31,27,0.4734149054505006
30,Min Sum,No-Contraction,0.0,560.8076172065968,29,25,0.4452635751089973
30,Min Sum,No-Contraction,0.0,820.9506216454146,42,33,0.4500821018062397
30,Min Sum,No-Contraction,0.0,666.4090639744771,34,30,0.26889790398918184
30,Min Sum,No-Contraction,0.0,760.0776899511009,39,30,0.5516651930445033
30,Min Sum,No-Contraction,0.0,790.5881692210783,40,35,0.3581609195402299
30,Min Sum,No-Contraction,0.0,546.106424800953,29,25,0.3789932619896948
30,Min Sum,No-Contraction,0.0,438.3566713661432,24,19,0.4093869731800766
30,Min Sum,No-Contraction,0.0,641.2854849955747,33,29,0.3354928596307907
30,Min Sum,No-Contraction,0.0,565.4289912093707,30,26,0.32199233716475095
30,Min Sum,No-Contraction,0.0,372.60534184221075,20,15,0.5335632183908047
30,Min Sum,No-Contraction,0.0,859.811348594065,44,40,0.4103970741901776
30,Min Sum,No-Contraction,0.0,552.0239290113398,29,24,0.5030519223147047
30,Min Sum,No-Contraction,0.0,476.5589159429787,25,21,0.37140229885057474
30,Min Sum,No-Contraction,0.0,477.1294832564702,25,22,0.4058850574712644
30,Min Sum,No-Contraction,0.0,599.299411031055,31,26,0.3388209121245829
30,Min Sum,No-Contraction,0.0,537.6906319831728,28,24,0.3850574712643678
30,Min Sum,No-Contraction,0.0,501.1001408762597,27,22,0.4154959557258408
30,Min Sum,No-Contraction,0.0,334.7907317624845,19,15,0.6065335753176043
30,Min Sum,No-Contraction,0.0,804.6073412954722,41,37,0.35228483319315956
30,Min Sum,No-Contraction,0.0,547.9932533133169,29,24,0.4325009908838684
30,Min Sum,No-Contraction,0.0,416.3614254417831,22,17,0.49038662486938345
30,Min Sum,No-Contraction,0.0,633.9431406834883,33,26,0.3804249390456287
30,Min Sum,No-Contraction,0.0,740.6206182327159,38,34,0.32274652147610405
30,Min Sum,No-Contraction,0.0,488.232545992053,26,21,0.38461538461538464
30,Min Sum,No-Contraction,0.0,874.4501790198302,44,39,0.3847962382445141
30,Min Sum,No-Contraction,0.0,739.0336305601277,38,33,0.3272232304900181
30,Min Sum,No-Contraction,0.0,486.307341571123,26,22,0.42740937223695846
30,Min Sum,No-Contraction,0.0,566.4989110785735,30,25,0.3747892720306513
30,Min Sum,No-Contraction,0.0,424.33292826296105,23,19,0.45907046476761615
30,Min Sum,No-Contraction,0.0,566.0737050928373,30,26,0.3209961685823755
30,Min Sum,No-Contraction,0.0,885.2292827706161,45,40,0.2993614303959132
30,Min Sum,No-Contraction,0.0,906.7014658085052,46,41,0.2788105947026487
30,Min Sum,No-Contraction,0.0,758.244636492696,39,32,0.4657235484821692
30,Min Sum,No-Contraction,0.0,561.9434143959088,29,24,0.34189456995640116
30,Min Sum,No-Contraction,0.0,645.8664758388785,34,29,0.3024340770791075
30,Min Sum,No-Contraction,0.0,467.0188165570948,25,20,0.43862068965517237
30,Min Sum,No-Contraction,0.0,520.7179404215865,27,23,0.4121753937845892
30,Min Sum,No-Contraction,0.0,370.33868249257927,20,16,0.37551724137931036
30,Min Sum,No-Contraction,0.0,616.9544626294625,32,27,0.28541666666666665
30,Min Sum,No-Contraction,0.0,921.6915436794363,47,41,0.2781120078258743
30,Min Sum,No-Contraction,0.0,556.5872263733584,29,25,0.341973840665874
30,Min Sum,No-Contraction,0.0,517.6896490998091,27,23,0.41089825457641554
30,Min Sum,No-Contraction,0.0,597.9907191148106,31,27,0.3039673711531331
30,Min Sum,No-Contraction,0.0,960.7835342522343,49,43,0.32061928219563685
30,Min Sum,No-Contraction,0.0,382.96059403241134,21,16,0.45977011494252873
30,Min Sum,No-Contraction,0.0,577.3358249393636,30,26,0.36950191570881225
30,Min Sum,No-Contraction,0.0,664.0912217542992,34,29,0.4025693035835024
30,Min Sum,No-Contraction,0.0,560.5532434352083,29,24,0.3645659928656362
30,Min Sum,No-Contraction,0.0,511.3013023792524,27,22,0.514176245210728
30,Min Sum,No-Contraction,0.0,611.4368497573798,32,26,0.36530172413793105
30,Min Sum,No-Contraction,0.0,739.47006644382,38,34,0.2597096188747732
30,Min Sum,No-Contraction,0.0,721.7326214940238,37,33,0.330475302889096
30,Min Sum,No-Contraction,0.0,908.6170886900323,46,41,0.3128935532233883
30,Min Sum,No-Contraction,0.0,756.8631211190267,39,34,0.3572649572649573
30,Min Sum,No-Contraction,0.0,654.8016273275839,34,30,0.3473292765382015
30,Min Sum,No-Contraction,0.0,501.04789676230365,27,22,0.4072371221796509
30,Min Sum,No-Contraction,0.0,603.1650331948559,31,28,0.3073044123099741
30,Min Sum,No-Contraction,0.0,808.8419813667265,41,34,0.33804317353518365
30,Min Sum,No-Contraction,0.0,531.560282804505,28,24,0.3769293924466338
30,Min Sum,No-Contraction,0.0,1171.4469317145147,59,53,0.4435223066432885
30,Min Sum,No-Contraction,0.0,878.6175395898194,45,41,0.3178544061302682
30,Min Sum,No-Contraction,0.0,722.1048231001305,37,33,0.2833178005591799
30,Min Sum,No-Contraction,0.0,495.07711787703124,26,22,0.40804597701149425
30,Min Sum,No-Contraction,0.0,661.6749625191072,34,30,0.38884381338742396
30,Min Sum,No-Contraction,0.0,501.33451327616325,27,23,0.4338016177096637
30,Min Sum,No-Contraction,0.0,566.8944717937163,30,25,0.39670498084291184
30,Min Sum,No-Contraction,0.0,374.1467227094817,20,17,0.5182758620689655
30,Min Sum,No-Contraction,0.0,1042.9789527340915,53,48,0.41392322706571244
30,Min Sum,No-Contraction,0.0,690.5437221086164,36,31,0.40280970625798207
30,Min Sum,No-Contraction,0.0,511.17457211427484,27,22,0.37820349084716903
30,Min Sum,No-Contraction,0.0,695.3493710640112,36,31,0.3545977011494253
30,Min Sum,No-Contraction,0.0,851.044296819614,43,37,0.41726811013098103
30,Min Sum,No-Contraction,0.0,556.2134799259521,29,26,0.34244946492271106
30,Min Sum,No-Contraction,0.0,544.1624117282695,29,25,0.41038446294094333
30,Min Sum,No-Contraction,0.0,877.4449717440848,45,38,0.3051851851851852
30,Min Sum,No-Contraction,0.0,612.1486607261946,32,28,0.3237787356321839
30,Min Sum,No-Contraction,0.0,512.711346286958,27,23,0.34806300553426994
30,Min Sum,No-Contraction,0.0,572.1664924621958,30,25,0.44743295019157087
30,Min Sum,No-Contraction,0.0,764.5264678923625,39,33,0.3705275567344533
30,Min Sum,No-Contraction,0.0,965.2186543476729,49,43,0.38925639221205727
30,Min Sum,No-Contraction,0.0,580.419651177104,30,25,0.32022988505747124
30,Min Sum,No-Contraction,0.0,651.555894343335,34,30,0.39614604462474645
30,Min Sum,No-Contraction,0.0,456.81249265977794,24,21,0.32547892720306515
30,Min Sum,No-Contraction,0.0,666.3778576639469,34,30,0.3991886409736308
30,Min Sum,No-Contraction,0.0,659.5019120013743,34,30,0.47572684246112235
30,Min Sum,No-Contraction,0.0,386.959258627579,21,18,0.32993979200875756
30,Min Sum,No-Contraction,0.0,462.84759862618216,25,21,0.3751724137931035
30,Min Sum,No-Contraction,0.0,860.40704837025,44,37,0.36473354231974925
30,Min Sum,No-Contraction,0.0,782.9024259060004,40,36,0.43994252873563217
30,Min Sum,No-Contraction,0.0,594.4259461688385,31,26,0.46184649610678535
30,Min Sum,No-Contraction,0.0,764.2099618045963,39,33,0.31181844974948425
30,Min Sum,No-Contraction,0.0,805.5832985845685,41,37,0.39512195121951216
30,Min Sum,No-Contraction,0.0,610.7855551133887,32,28,0.37406609195402296
30,Min Sum,No-Contraction,0.0,662.7757259440466,34,28,0.4670047329276538
30,Min Sum,No-Contraction,0.0,570.7773611736488,30,24,0.3517241379310345
30,Min Sum,No-Contraction,0.0,711.282589500871,37,33,0.37844050947499225
30,Min Sum,No-Contraction,0.0,550.1183480079598,29,25,0.4684898929845422
30,Min Sum,No-Contraction,0.0,654.5123326929697,34,29,0.3101419878296146
30,Min Sum,No-Contraction,0.0,687.3139183422136,35,31,0.34430213464696224
30,Min Sum,No-Contraction,0.0,764.5860292958228,39,34,0.34364868847627467
30,Min Sum,No-Contraction,0.0,1039.3464182264568,52,46,0.41268788682581786
30,Min Sum,No-Contraction,0.0,929.8153540168372,47,43,0.41056493030080704
30,Min Sum,No-Contraction,0.0,703.44463305018,36,31,0.365581098339719
30,Min Sum,No-Contraction,0.0,523.4230980465258,28,23,0.3915435139573071
30,Min Sum,No-Contraction,0.0,761.4188464712889,39,35,0.3515473032714412
30,Min Sum,No-Contraction,0.0,766.9868354245876,39,35,0.31358679634541703
30,Min Sum,No-Contraction,0.0,668.876290509274,35,28,0.43796387520525454
30,Min Sum,No-Contraction,0.0,1065.3036773233227,54,47,0.45168156662409537
30,Min Sum,No-Contraction,0.0,647.3303963696462,34,29,0.3988505747126437
30,Min Sum,No-Contraction,0.0,668.6182619835256,35,30,0.30095238095238097
30,Min Sum,No-Contraction,0.0,640.4556158608702,33,29,0.3475444096133751
30,Min Sum,No-Contraction,0.0,477.5784453576945,25,20,0.4378850574712644
30,Min Sum,No-Contraction,0.0,589.4836178794297,31,26,0.38694846125324434
30,Min Sum,No-Contraction,0.0,577.822229653382,30,26,0.35593869731800765
30,Min Sum,No-Contraction,0.0,448.72330694612396,24,19,0.36733716475095785
30,Min Sum,No-Contraction,0.0,858.7558972630566,44,39,0.422675026123302
30,Min Sum,No-Contraction,0.0,733.0369281702446,38,31,0.45753176043557164
30,Min Sum,No-Contraction,0.0,578.8760554648903,30,26,0.3353256704980843
30,Min Sum,No-Contraction,0.0,718.2886492152802,37,32,0.32600186393289843
30,Min Sum,No-Contraction,0.0,811.8612166838273,41,38,0.3051864311746566
30,Min Sum,No-Contraction,0.0,548.02397915283,29,24,0.3765358699960365
30,Min Sum,No-Contraction,0.0,831.4841256821104,42,38,0.44324028461959497
30,Min Sum,No-Contraction,0.0,793.0071442851541,41,36,0.391982057751612
30,Min Sum,No-Contraction,0.0,551.0643631837686,29,24,0.4853745541022592
30,Min Sum,No-Contraction,0.0,564.8205776616867,30,25,0.38796934865900384
30,Min Sum,No-Contraction,0.0,1013.240062830087,51,47,0.27807076853729995
30,Min Sum,No-Contraction,0.0,1008.6993852272694,51,46,0.29497408158665767
30,Min Sum,No-Contraction,0.0,743.9219109542382,38,33,0.46346037507562005
30,Min Sum,No-Contraction,0.0,630.194213160187,33,28,0.34204110066179033
30,Min Sum,No-Contraction,0.0,707.311559514757,36,33,0.3339719029374202
30,Min Sum,No-Contraction,0.0,590.1737870693382,31,27,0.3741935483870968
30,Min Sum,No-Contraction,0.0,640.1903982598052,33,29,0.4339951236502961
30,Min Sum,No-Contraction,0.0,600.1323076340997,31,27,0.4195773081201335
30,Min Sum,No-Contraction,0.0,594.3963886312254,31,27,0.31961438635520945
30,Min Sum,No-Contraction,0.0,1059.8458292154003,53,48,0.3028410323140317
30,Min Sum,No-Contraction,0.0,629.5133858520929,33,29,0.44681295715778474
30,Min Sum,No-Contraction,0.0,646.2518520084052,34,29,0.3958079783637593
30,Min Sum,No-Contraction,0.0,677.1078020559731,35,30,0.3317569786535304
30,Min Sum,No-Contraction,0.0,1043.1847929904181,53,48,0.33324658425504233
30,Min Sum,No-Contraction,0.0,404.3947880189571,22,17,0.46708463949843265
30,Min Sum,No-Contraction,0.0,703.9988656540019,36,29,0.45114942528735635
30,Min Sum,No-Contraction,0.0,674.2961021471898,35,31,0.2774384236453202
30,Min Sum,No-Contraction,0.0,653.1137790632588,34,28,0.36024340770791075
30,Min Sum,No-Contraction,0.0,549.0520352002911,29,25,0.38588981371383274
30,Min Sum,No-Contraction,0.0,751.0195457228182,39,34,0.32861774241084585
30,Min Sum,No-Contraction,0.0,792.3485482720978,41,33,0.4557331090552285
30,Min Sum,No-Contraction,0.0,737.4016597002883,38,34,0.3252268602540835
30,Min Sum,No-Contraction,0.0,962.0731041445573,49,43,0.345578231292517
30,Min Sum,No-Contraction,0.0,681.1092351744214,35,31,0.4013136288998358
30,Min Sum,No-Contraction,0.0,733.1047071801447,38,32,0.3450090744101633
30,Min Sum,No-Contraction,0.0,549.2933836275149,29,23,0.4001585414189457
30,Min Sum,No-Contraction,0.0,801.8897668511923,41,36,0.33209980375665826
30,Min Sum,No-Contraction,0.0,864.4490306663357,44,39,0.3417450365726228
30,Min Sum,No-Contraction,0.0,622.3309838698973,32,27,0.37248563218390807
30,Min Sum,No-Contraction,0.0,1289.760681098132,64,61,0.31788793103448276
30,Min Sum,No-Contraction,0.0,914.7973934158199,46,42,0.32008995502248877
30,Min Sum,No-Contraction,0.0,671.1798600845676,35,31,0.2683743842364532
30,Min Sum,No-Contraction,0.0,644.2707852980243,33,26,0.42521769418321137
30,Min Sum,No-Contraction,0.0,753.4087367757405,39,35,0.4163277335691129
30,Min Sum,No-Contraction,0.0,557.3064827414191,29,25,0.33769322235434
30,Min Sum,No-Contraction,0.0,604.7531477616001,32,26,0.5144396551724137
30,Min Sum,No-Contraction,0.0,573.6831318871681,30,22,0.40199233716475097
30,Min Sum,No-Contraction,0.0,1123.6962782835185,56,52,0.2864942528735632
30,Min Sum,No-Contraction,0.0,708.2287689020806,37,32,0.3133892513202858
30,Min Sum,No-Contraction,0.0,633.6469050040837,33,29,0.2983629397422501
30,Min Sum,No-Contraction,0.0,730.0449299011271,38,32,0.3395644283121597
30,Min Sum,No-Contraction,0.0,985.5458114692682,50,42,0.42777011494252876
30,Min Sum,No-Contraction,0.0,565.60865674422,30,25,0.3534099616858237
30,Min Sum,No-Contraction,0.0,740.4414254315366,38,34,0.4332123411978221
30,Min Sum,No-Contraction,0.0,957.3593556214757,48,44,0.3270593869731801
30,Min Sum,No-Contraction,0.0,494.22562252934,26,22,0.4565870910698497
30,Min Sum,No-Contraction,0.0,767.3225331022303,39,36,0.3178308281756558
30,Min Sum,No-Contraction,0.0,835.2113018654634,43,39,0.3258487035551991
30,Min Sum,No-Contraction,0.0,675.2052478811031,35,30,0.4018390804597701
30,Min Sum,No-Contraction,0.0,395.1261447644131,21,17,0.38784893267651893
30,Min Sum,No-Contraction,0.0,621.4076512440557,32,28,0.4525862068965517
30,Min Sum,No-Contraction,0.0,484.976039960194,26,21,0.43757736516357204
30,Min Sum,No-Contraction,0.0,567.5126257070018,30,23,0.5673563218390805
30,Min Sum,No-Contraction,0.0,535.2611322945825,28,25,0.3602627257799672
30,Min Sum,No-Contraction,0.0,531.4127524430056,28,24,0.35032840722495895
30,Min Sum,No-Contraction,0.0,899.7596699711531,46,39,0.4608195902048976
30,Min Sum,No-Contraction,0.0,637.3229066677995,33,28,0.37401602229188435
30,Min Sum,No-Contraction,0.0,437.93308546513964,24,18,0.4940613026819924
30,Min Sum,No-Contraction,0.0,524.4398853510619,28,22,0.4616584564860427
30,Min Sum,No-Contraction,0.0,780.6580890040533,40,35,0.32408045977011496
30,Min Sum,No-Contraction,0.0,616.3622872754848,32,28,0.2817528735632184
30,Min Sum,No-Contraction,0.0,744.7028109992513,38,34,0.34222625529340595
30,Min Sum,No-Contraction,0.0,466.4369412072868,25,22,0.4695172413793104
30,Min Sum,No-Contraction,0.0,527.4009075711182,28,23,0.42454844006568143
30,Min Sum,No-Contraction,0.0,466.1533123422693,25,21,0.38308045977011496
30,Min Sum,No-Contraction,0.0,486.7167440357743,26,22,0.42263483642793986
30,Min Sum,No-Contraction,0.0,932.0335857415726,47,35,0.4904866715578381
30,Min Sum,No-Contraction,0.0,536.3719242464957,28,25,0.30738916256157633
30,Min Sum,No-Contraction,0.0,793.7645275233821,41,35,0.45786375105130367
30,Min Sum,No-Contraction,0.0,650.4553736687583,34,29,0.45212981744421904
30,Min Sum,No-Contraction,0.0,495.7719612203221,26,21,0.3332449160035367
30,Min Sum,No-Contraction,0.0,549.4732883210096,29,25,0.38739595719381686
30,Min Sum,No-Contraction,0.0,518.3503429140673,27,22,0.4262239250744998
30,Min Sum,No-Contraction,0.0,641.3138231203413,33,28,0.4268895855102751
30,Min Sum,No-Contraction,0.0,425.9555248894904,23,19,0.33503248375812095
30,Min Sum,No-Contraction,0.0,1035.3529414238674,52,47,0.42435897435897435
30,Min Sum,No-Contraction,0.0,774.1806916491773,40,36,0.3331034482758621
30,Min Sum,No-Contraction,0.0,541.1805177055903,28,25,0.2908045977011494
30,Min Sum,No-Contraction,0.0,414.83211904103706,22,17,0.49843260188087773
30,Min Sum,No-Contraction,0.0,655.0356034659179,34,30,0.36808654496281273
30,Min Sum,No-Contraction,0.0,481.6723342049816,26,22,0.4489832007073386
30,Min Sum,No-Contraction,0.0,539.2873326293632,28,24,0.36584564860426927
30,Min Sum,No-Contraction,0.0,418.8969715220217,23,18,0.3800099950024987
30,Min Sum,No-Contraction,0.0,901.9044834865284,46,41,0.35157421289355323
30,Min Sum,No-Contraction,0.0,566.1119565682727,30,22,0.4567816091954023
30,Min Sum,No-Contraction,0.0,399.3862852262697,22,17,0.41650992685475446
30,Min Sum,No-Contraction,0.0,672.7658478724575,35,29,0.38745484400656816
30,Min Sum,No-Contraction,0.0,755.6295907726887,39,33,0.36569407603890364
30,Min Sum,No-Contraction,0.0,318.71083894531006,18,13,0.40012771392081736
30,Min Sum,No-Contraction,0.0,812.7038056969989,42,36,0.38106185002736725
30,Min Sum,No-Contraction,0.0,813.3518519582221,42,34,0.428024083196497
30,Min Sum,No-Contraction,0.0,939.1683068843902,48,44,0.3077107279693487
30,Min Sum,No-Contraction,0.0,986.5640304554773,50,44,0.3032183908045977
30,Min Sum,No-Contraction,0.0,892.5206491111156,45,41,0.26436781609195403
30,Min Sum,No-Contraction,0.0,745.180212925064,38,34,0.3297640653357532
30,Min Sum,No-Contraction,0.0,713.3635995598445,37,32,0.3321528424976701
30,Min Sum,No-Contraction,0.0,487.6541186348933,26,21,0.4399646330680813
30,Min Sum,No-Contraction,0.0,382.24788648118056,21,14,0.5077175697865353
30,Min Sum,No-Contraction,0.0,615.1663195833047,32,26,0.3625
30,Min Sum,No-Contraction,0.0,753.9488864531493,39,35,0.2495726495726496
30,Min Sum,No-Contraction,0.0,892.3840121302533,45,41,0.28316730523627076
30,Min Sum,No-Contraction,0.0,466.9042498194263,25,19,0.3900689655172414
30,Min Sum,No-Contraction,0.0,739.9080549143503,38,35,0.3815486993345433
30,Min Sum,No-Contraction,0.0,485.1013930612723,26,22,0.3226348364279399
30,Min Sum,No-Contraction,0.0,815.713779663672,42,34,0.4303776683087028
30,Min Sum,No-Contraction,0.0,596.7013493910432,31,24,0.7262143121987393
30,Min Sum,No-Contraction,0.0,977.3883476952054,49,43,0.4260849167253108
30,Min Sum,No-Contraction,0.0,693.6344552343951,36,32,0.2839080459770115
30,Min Sum,No-Contraction,0.0,414.9409771598203,22,18,0.38526645768025075
30,Min Sum,No-Contraction,0.0,724.9651771010549,37,33,0.3311587449518484
30,Min Sum,No-Contraction,0.0,783.0053190323945,40,35,0.30212643678160916
30,Min Sum,No-Contraction,0.0,784.9138067596286,40,36,0.33977011494252873
30,Min Sum,No-Contraction,0.0,556.2707253537077,29,26,0.34118113357114543
30,Min Sum,No-Contraction,0.0,938.0671085120771,48,43,0.3893199233716475
30,Min Sum,No-Contraction,0.0,614.2299268869587,32,28,0.3858477011494253
30,Min Sum,No-Contraction,0.0,797.8299578424273,41,34,0.3189234650967199
30,Min Sum,No-Contraction,0.0,461.4688966721492,25,21,0.41839080459770117
30,Min Sum,No-Contraction,0.0,895.8980423246846,46,42,0.38250874562718645
30,Min Sum,No-Contraction,0.0,640.8000275097692,33,29,0.34183211424590737
30,Min Sum,No-Contraction,0.0,551.2227203913928,29,24,0.4519223147047166
30,Min Sum,No-Contraction,0.0,894.2859438030176,45,41,0.4222222222222222
30,Min Sum,No-Contraction,0.0,750.961338689586,39,35,0.32531682876510465
30,Min Sum,No-Contraction,0.0,613.8881436702934,32,27,0.4332614942528736
30,Min Sum,No-Contraction,0.0,535.7912895875681,28,24,0.33407224958949094
30,Min Sum,No-Contraction,0.0,807.80195700231,41,35,0.32688533781889545
30,Min Sum,No-Contraction,0.0,562.2712526845382,29,25,0.32857709076496233
30,Min Sum,No-Contraction,0.0,649.1264386105202,34,30,0.4460446247464503
30,Min Sum,No-Contraction,0.0,525.7239998746637,28,24,0.3183908045977012
30,Min Sum,No-Contraction,0.0,852.7759999075358,43,39,0.27778668805132317
30,Min Sum,No-Contraction,0.0,510.982781787802,27,22,0.36509152830991914
30,Min Sum,No-Contraction,0.0,379.78486635308377,21,17,0.4291187739463601
30,Min Sum,No-Contraction,0.0,494.1004336198194,26,22,0.3360742705570292
30,Min Sum,No-Contraction,0.0,988.0428586927644,50,45,0.3565977011494253
30,Min Sum,No-Contraction,0.0,625.6161256332804,33,28,0.42347614071752004
30,Min Sum,No-Contraction,0.0,824.9008110342014,42,38,0.3893267651888342
30,Min Sum,No-Contraction,0.0,942.1657438488909,48,38,0.5600095785440613
30,Min Sum,No-Contraction,0.0,520.7827347351079,28,23,0.30968801313628896
30,Min Sum,No-Contraction,0.0,979.3504599604269,50,46,0.29977011494252875
30,Min Sum,No-Contraction,0.0,722.307030292418,37,31,0.35147561354457907
30,Min Sum,No-Contraction,0.0,649.4222089675707,34,27,0.4252873563218391
30,Min Sum,No-Contraction,0.0,1174.9106542412567,59,54,0.293434638612897
30,Min Sum,No-Contraction,0.0,1158.9472510881935,58,53,0.31795481569560047
30,Min Sum,No-Contraction,0.0,894.8433481669871,45,42,0.2996168582375479
30,Min Sum,No-Contraction,0.0,762.1675794421329,39,35,0.4735042735042735
30,Min Sum,No-Contraction,0.0,694.8453375000895,36,32,0.3512771392081737
30,Min Sum,No-Contraction,0.0,999.4668854893627,50,45,0.2731494252873563
30,Min Sum,No-Contraction,0.0,849.4418095342481,43,39,0.5050521251002406
30,Min Sum,No-Contraction,0.0,986.3617031575185,50,46,0.2987586206896552
30,Min Sum,No-Contraction,0.0,693.1483878213559,36,31,0.3278416347381865
30,Min Sum,No-Contraction,0.0,1045.4700960476202,53,46,0.3220125786163522
30,Min Sum,No-Contraction,0.0,1156.085502176471,58,52,0.37197780420134763
30,Min Sum,No-Contraction,0.0,573.9361098775491,30,26,0.31371647509578543
30,Min Sum,No-Contraction,0.0,1059.6905216294033,53,50,0.2954239861201475
30,Min Sum,No-Contraction,0.0,799.9945382827608,41,36,0.31185870479394445
30,Min Sum,No-Contraction,0.0,631.8501768524676,33,29,0.39031696273075583
30,Min Sum,No-Contraction,0.0,669.6171230491308,35,29,0.367816091954023
30,Min Sum,No-Contraction,0.0,693.0360907021715,36,32,0.3417624521072797
30,Min Sum,No-Contraction,0.0,744.1451687178952,38,33,0.36382335148215367
30,Min Sum,No-Contraction,0.0,856.3155173858548,44,39,0.3036572622779519
30,Min Sum,No-Contraction,0.0,537.1486699022764,28,24,0.36428571428571427
30,Min Sum,No-Contraction,0.0,852.7800371950864,43,40,0.31141406041165465
30,Min Sum,No-Contraction,0.0,524.2531236589426,28,24,0.4114121510673235
30,Min Sum,No-Contraction,0.0,911.3892251137612,46,42,0.23768115942028986
30,Min Sum,No-Contraction,0.0,620.8139467484299,32,28,0.3310344827586207
30,Min Sum,No-Contraction,0.0,1090.72419552477,55,47,0.44087774294670845
30,Min Sum,No-Contraction,0.0,839.1969832959446,43,39,0.37171879176690725
30,Min Sum,No-Contraction,0.0,700.1407025934328,36,31,0.3561302681992337
30,Min Sum,No-Contraction,0.0,932.3001898643861,47,43,0.29273661041819515
30,Min Sum,No-Contraction,0.0,826.0378551307526,42,39,0.29288451012588945
30,Min Sum,No-Contraction,0.0,959.150559262733,49,44,0.2715458597231996
30,Min Sum,No-Contraction,0.0,690.434880734482,36,31,0.3964878671775224
30,Min Sum,No-Contraction,0.0,838.0999637092066,43,39,0.3478748997594226
30,Min Sum,No-Contraction,0.0,826.3546404819184,42,38,0.34997263273125345
30,Min Sum,No-Contraction,0.0,862.584657953823,44,39,0.3711076280041797
30,Min Sum,No-Contraction,0.0,835.2062092517535,43,37,0.33044640470462444
30,Min Sum,No-Contraction,0.0,1099.3011972142242,55,49,0.3175757575757576
30,Min Sum,No-Contraction,0.0,442.01361087645824,24,20,0.3833333333333333
30,Min Sum,No-Contraction,0.0,825.1873225964026,42,37,0.25719759168035033
30,Min Sum,No-Contraction,0.0,1120.4673162801398,56,53,0.3038587848932677
30,Min Sum,No-Contraction,0.0,564.0568175505559,30,26,0.35586206896551725
30,Min Sum,No-Contraction,0.0,991.9149554142242,50,44,0.43765517241379315
30,Min Sum,No-Contraction,0.0,749.1181419975317,38,34,0.4251058681185723
30,Min Sum,No-Contraction,0.0,682.8851408395047,35,31,0.3307717569786535
30,Min Sum,No-Contraction,0.0,1182.9879365851536,59,54,0.2742645626339373
30,Min Sum,No-Contraction,0.0,1151.593687743008,58,50,0.3200158541418946
30,Min Sum,No-Contraction,0.0,923.9240888683833,47,43,0.28471508926387873
30,Min Sum,No-Contraction,0.0,940.0813757803857,48,41,0.32016283524904215
30,Min Sum,No-Contraction,0.0,544.0481650284653,29,25,0.32897344431232656
30,Min Sum,No-Contraction,0.0,1123.1664265889674,56,45,0.40541871921182265
30,Min Sum,No-Contraction,0.0,977.547469283821,49,45,0.41116584564860426
30,Min Sum,No-Contraction,0.0,1060.3325495016265,53,48,0.2977228366948601
30,Min Sum,No-Contraction,0.0,832.4887547918163,42,38,0.3629994526546251
30,Min Sum,No-Contraction,0.0,1105.9040248620147,56,50,0.35919540229885055
30,Min Sum,No-Contraction,0.0,1209.8165020174422,61,53,0.3879781420765028
30,Min Sum,No-Contraction,0.0,694.6368851117772,36,31,0.34546615581098344
30,Min Sum,No-Contraction,0.0,1087.396520716543,55,48,0.39544409613375126
30,Min Sum,No-Contraction,0.0,885.8509585359726,45,40,0.32495530012771395
30,Min Sum,No-Contraction,0.0,715.5745265325022,37,33,0.3507300403852128
30,Min Sum,No-Contraction,0.0,749.1206106753,38,30,0.4348457350272232
30,Min Sum,No-Contraction,0.0,719.6180346690442,37,32,0.38484001242621935
30,Min Sum,No-Contraction,0.0,852.3441626854999,43,39,0.30211173483025927
30,Min Sum,No-Contraction,0.0,1026.0808179533594,52,44,0.3219717064544651
30,Min Sum,No-Contraction,0.0,674.3624618143824,35,29,0.3329392446633826
30,Min Sum,No-Contraction,0.0,1103.8215755574272,55,47,0.3399373040752351
30,Min Sum,No-Contraction,0.0,655.3246327806319,34,30,0.34232589587559165
30,Min Sum,No-Contraction,0.0,1033.34302421426,52,46,0.3251547303271441
30,Min Sum,No-Contraction,0.0,761.7118082223512,39,35,0.31122900088417327
30,Min Sum,No-Contraction,0.0,1171.664554518201,59,51,0.44196376388077147
30,Min Sum,No-Contraction,0.0,906.616081927578,46,39,0.395952023988006
30,Min Sum,No-Contraction,0.0,694.8081224335339,36,32,0.2961047254150702
30,Min Sum,No-Contraction,0.0,1021.4134117612412,52,47,0.32453580901856766
30,Min Sum,No-Contraction,0.0,767.9645973330747,39,35,0.3536693191865606
30,Min Sum,No-Contraction,0.0,1124.1932149347444,56,52,0.30053366174055834
30,Min Sum,No-Contraction,0.0,656.2144762810407,34,28,0.39594320486815415
30,Min Sum,No-Contraction,0.0,932.2752359147677,47,42,0.40332599657618
30,Min Sum,No-Contraction,0.0,1004.8012547673213,51,47,0.37097137705656974
30,Min Sum,No-Contraction,0.0,956.8831127573161,48,44,0.417816091954023
30,Min Sum,No-Contraction,0.0,888.8874585035968,45,38,0.3432439335887612
30,Min Sum,No-Contraction,0.0,1195.3840913795477,60,49,0.3838697318007663
30,Min Sum,No-Contraction,0.0,404.1961509581723,22,13,0.635841170323929
30,Min Sum,No-Contraction,0.0,956.7926515809012,48,45,0.2568486590038314
30,Min Sum,No-Contraction,0.0,1185.733074401605,59,55,0.38772647574517827
30,Min Sum,No-Contraction,0.0,617.9140883079585,32,28,0.3344109195402299
30,Min Sum,No-Contraction,0.0,815.4454621368179,42,38,0.4199233716475096
30,Min Sum,No-Contraction,0.0,564.4142275031403,30,24,0.3996168582375479
30,Min Sum,No-Contraction,0.0,645.7021775915871,33,30,0.4385231626610937
30,Min Sum,No-Contraction,0.0,892.38048904634,45,41,0.5330779054916985
30,Min Sum,No-Contraction,0.0,692.6136974207836,36,28,0.49514687100893995
30,Min Sum,No-Contraction,0.0,635.6492691653367,33,28,0.3781957506095437
30,Min Sum,No-Contraction,0.0,1059.2589695391318,53,48,0.34534808067664285
30,Min Sum,No-Contraction,0.0,974.9296060707986,49,41,0.4136992728125733
30,Min Sum,No-Contraction,0.0,681.3343538557735,35,30,0.3961247947454844
30,Min Sum,No-Contraction,0.0,1009.6921785056401,51,47,0.40261437908496733
30,Min Sum,No-Contraction,0.0,1082.7633898174922,54,49,0.3206896551724138
30,Min Sum,No-Contraction,0.0,539.0690666748936,28,23,0.5229064039408867
30,Min Sum,No-Contraction,0.0,607.2811238964092,32,27,0.4442528735632184
30,Min Sum,No-Contraction,0.0,759.3642906561809,39,34,0.42393162393162387
30,Min Sum,No-Contraction,0.0,864.8380524395221,44,33,0.5305120167189133
30,Min Sum,No-Contraction,0.0,711.3054018831995,37,26,0.5164336750543647
30,Min Sum,No-Contraction,0.0,638.4291142760308,33,28,0.39519331243469175
30,Min Sum,No-Contraction,0.0,776.6312097594974,40,34,0.34879310344827585
30,Min Sum,No-Contraction,0.0,1044.9363370135165,53,49,0.317588375623509
30,Min Sum,No-Contraction,0.0,1153.4845421836383,58,48,0.3869599682917162
30,Min Sum,No-Contraction,0.0,1194.876575499079,60,56,0.3824137931034483
30,Min Sum,No-Contraction,0.0,916.0327381448676,46,41,0.41629185407296354
30,Min Sum,No-Contraction,0.0,671.3035774192355,35,31,0.3263711001642036
30,Min Sum,No-Contraction,0.0,679.0254783902367,35,29,0.4073563218390805
30,Min Sum,No-Contraction,0.0,1037.128880352453,52,49,0.33894783377542
30,Min Sum,No-Contraction,0.0,865.5772793587856,44,37,0.4466039707419018
30,Min Sum,No-Contraction,0.0,1395.9332481255342,70,61,0.42495894909688015
30,Min Sum,No-Contraction,0.0,1022.2673677425848,52,46,0.3154288240495137
30,Min Sum,No-Contraction,0.0,841.7684585978726,43,38,0.3807538091419406
30,Min Sum,No-Contraction,0.0,745.096061997798,38,34,0.3451300665456745
30,Min Sum,No-Contraction,0.0,495.5941129166804,26,21,0.5206012378426171
30,Min Sum,No-Contraction,0.0,801.1431171154063,41,37,0.3771797028315111
30,Min Sum,No-Contraction,0.0,742.5358828696257,38,34,0.4178463399879008
30,Min Sum,No-Contraction,0.0,629.1859541583545,33,29,0.3385579937304075
30,Min Sum,No-Contraction,0.0,1174.9425058311933,59,53,0.3076953048899279
30,Min Sum,No-Contraction,0.0,975.6401847542205,49,44,0.3549612948627727
30,Min Sum,No-Contraction,0.0,869.3888032987759,44,39,0.3082027168234065
30,Min Sum,No-Contraction,0.0,1043.3319251859466,53,48,0.3650401214487096
30,Min Sum,No-Contraction,0.0,947.0635584723696,48,41,0.390948275862069
30,Min Sum,No-Contraction,0.0,865.8403162665101,44,40,0.4577324973876698
30,Min Sum,No-Contraction,0.0,682.0532177742933,35,27,0.478752052545156
30,Min Sum,No-Contraction,0.0,899.1208376553642,46,41,0.2968015992003998
30,Min Sum,No-Contraction,0.0,466.87461268057746,25,21,0.3983448275862069
30,Min Sum,No-Contraction,0.0,727.3381353879479,37,32,0.3698664181422802
30,Min Sum,No-Contraction,0.0,700.4386784100607,36,31,0.4137292464878672
30,Min Sum,No-Contraction,0.0,545.1853892348879,29,23,0.42195798652397937
30,Min Sum,No-Contraction,0.0,602.1986505845906,31,26,0.27296996662958845
30,Min Sum,No-Contraction,0.0,699.589633940518,36,31,0.30945083014048536
30,Min Sum,No-Contraction,0.0,829.6172505500571,42,38,0.3021346469622332
30,Min Sum,No-Contraction,0.0,583.8216782351492,31,24,0.47838338895068594
30,Min Sum,No-Contraction,0.0,700.4450756411354,36,33,0.30951468710089397
30,Min Sum,No-Contraction,0.0,963.9480345437498,49,42,0.36955195871452023
30,Min Sum,No-Contraction,0.0,471.290796661322,25,21,0.42354022988505746
30,Min Sum,No-Contraction,0.0,643.2358014844688,33,29,0.49174503657262286
30,Min Sum,No-Contraction,0.0,625.471238065922,33,27,0.40076628352490423
30,Min Sum,No-Contraction,0.0,755.459916949389,39,34,0.3136457412319481
30,Min Sum,No-Contraction,0.0,344.1107828321881,19,12,0.7124016938898972
30,Min Sum,No-Contraction,0.0,506.5006744821793,27,23,0.38050234142188166
30,Min Sum,No-Contraction,0.0,757.1798266507681,39,34,0.300324196875921
30,Min Sum,No-Contraction,0.0,739.5928402619056,38,34,0.3077434966727163
30,Min Sum,No-Contraction,0.0,875.6828259325899,45,40,0.3328224776500639
30,Min Sum,No-Contraction,0.0,803.6244151077603,41,37,0.33804317353518365
30,Min Sum,No-Contraction,0.0,529.1936280701681,28,24,0.3784893267651888
30,Min Sum,No-Contraction,0.0,788.2713282005961,40,36,0.34086206896551724
30,Min Sum,No-Contraction,0.0,402.60205862213377,22,17,0.4709508881922675
30,Min Sum,No-Contraction,0.0,903.9277106573365,46,42,0.2883058470764618
30,Min Sum,No-Contraction,0.0,619.9213105219826,32,27,0.38405172413793104
30,Min Sum,No-Contraction,0.0,1258.7192381706516,63,58,0.31030833789454476
30,Min Sum,No-Contraction,0.0,990.1868625905346,50,46,0.2695632183908046
30,Min Sum,No-Contraction,0.0,693.4149837454097,36,32,0.35108556832694765
30,Min Sum,No-Contraction,0.0,655.6413931147963,34,29,0.31561866125760646
30,Min Sum,No-Contraction,0.0,696.6500497516528,36,32,0.3769476372924649
30,Min Sum,No-Contraction,0.0,551.4873757298512,29,25,0.3448275862068966
30,Min Sum,No-Contraction,0.0,497.9264717124122,26,21,0.4169761273209549
30,Min Sum,No-Contraction,0.0,648.0707177484516,34,30,0.3694388100067614
30,Min Sum,No-Contraction,0.0,1155.2983829529676,58,54,0.3052318668252081
30,Min Sum,No-Contraction,0.0,659.2983009530334,34,30,0.31818796484110884
30,Min Sum,No-Contraction,0.0,606.8673769050207,32,26,0.3711206896551724
30,Min Sum,No-Contraction,0.0,816.5887274240791,42,38,0.35353037766830875
30,Min Sum,No-Contraction,0.0,760.277183360123,39,35,0.37017388741526674
30,Min Sum,No-Contraction,0.0,419.73118842297583,23,18,0.45637181409295347
30,Min Sum,No-Contraction,0.0,734.0523587221993,38,33,0.4148820326678766
30,Min Sum,No-Contraction,0.0,825.8504677695347,42,38,0.3294471811713191
30,Min Sum,No-Contraction,0.0,816.5034366432075,42,35,0.49622331691297206
30,Min Sum,No-Contraction,0.0,815.2900908890972,42,36,0.4444444444444445
30,Min Sum,No-Contraction,0.0,570.5603438982761,30,25,0.324904214559387
30,Min Sum,No-Contraction,0.0,502.2171443261174,27,22,0.37071094082588335
30,Min Sum,No-Contraction,0.0,737.0500078699903,38,34,0.41264367816091957
30,Min Sum,No-Contraction,0.0,858.6436921978435,44,39,0.35308254963427377
30,Min Sum,No-Contraction,0.0,687.8728830424975,36,29,0.49399744572158366
30,Min Sum,No-Contraction,0.0,819.3608631822675,42,37,0.39217296113847844
30,Min Sum,No-Contraction,0.0,671.0846655540432,35,29,0.36748768472906407
30,Min Sum,No-Contraction,0.0,709.9846637021077,37,32,0.3404162783473128
30,Min Sum,No-Contraction,0.0,778.9753031728503,40,36,0.4718390804597701
30,Min Sum,No-Contraction,0.0,427.1916044574503,23,19,0.3725137431284358
30,Min Sum,No-Contraction,0.0,739.7264780700397,38,32,0.33605565638233514
30,Min Sum,No-Contraction,0.0,560.5933619143507,29,25,0.35624256837098695
30,Min Sum,No-Contraction,0.0,358.7578516805859,20,15,0.42333333333333334
30,Min Sum,No-Contraction,0.0,521.2624339019543,28,24,0.39548440065681445
30,Min Sum,No-Contraction,0.0,599.5673450012841,31,26,0.3207267334074898
30,Min Sum,No-Contraction,0.0,921.8538003600058,47,41,0.42812423575446323
30,Min Sum,No-Contraction,0.0,785.7091253701847,40,36,0.40005747126436786
30,Min Sum,No-Contraction,0.0,501.56334405601285,27,22,0.48531289910600256
30,Min Sum,No-Contraction,0.0,573.0986940930696,30,26,0.3163984674329502
30,Min Sum,No-Contraction,0.0,458.13813466765754,24,20,0.3886973180076628
30,Min Sum,No-Contraction,0.0,827.739658426932,42,37,0.3502463054187192
30,Min Sum,No-Contraction,0.0,462.20510602347014,25,19,0.4285977011494253
30,Min Sum,No-Contraction,0.0,1088.8578282060769,55,49,0.4009613375130617
30,Min Sum,No-Contraction,0.0,708.9377619089148,37,32,0.3647095371233302
30,Min Sum,No-Contraction,0.0,538.7243650659237,28,22,0.5648604269293924
30,Min Sum,No-Contraction,0.0,834.6172163230126,43,39,0.3550387596899225
30,Min Sum,No-Contraction,0.0,484.63529753095105,26,22,0.3357206012378426
30,Min Sum,No-Contraction,0.0,702.8545182378585,36,29,0.4017241379310345
30,Min Sum,No-Contraction,0.0,491.3859261725368,26,21,0.38231653404067195
30,Min Sum,No-Contraction,0.0,665.7725777531716,34,29,0.4573360378634212
30,Min Sum,No-Contraction,0.0,863.462475745769,44,40,0.36666666666666664
30,Min Sum,No-Contraction,0.0,674.522306099349,35,30,0.43238095238095237
30,Min Sum,No-Contraction,0.0,625.7681216298503,33,28,0.34057819575060955
30,Min Sum,No-Contraction,0.0,928.3854421923826,47,43,0.2912203472731719
30,Min Sum,No-Contraction,0.0,545.5617311687978,29,24,0.38557273087594135
30,Min Sum,No-Contraction,0.0,693.2996020308691,36,28,0.3904214559386973
30,Min Sum,No-Contraction,0.0,835.8189198340989,43,38,0.367121090617482
30,Min Sum,No-Contraction,0.0,587.1580740646526,31,25,0.5322209862810531
30,Min Sum,No-Contraction,0.0,420.40948782629766,23,17,0.5330334832583709
30,Min Sum,No-Contraction,0.0,512.2766966990404,27,24,0.33801617709663684
30,Min Sum,No-Contraction,0.0,680.5205607867363,35,31,0.4243021346469622
30,Min Sum,No-Contraction,0.0,1083.3638509404093,55,50,0.2983490073145245
30,Min Sum,No-Contraction,0.0,638.0644117622813,33,28,0.430163706025775
30,Min Sum,No-Contraction,0.0,671.9462331616793,35,30,0.44761904761904764
30,Min Sum,No-Contraction,0.0,610.4323336900022,32,28,0.3655890804597701
30,Min Sum,No-Contraction,0.0,1159.4981778220704,58,54,0.35410225921522
30,Min Sum,No-Contraction,0.0,594.4247534829758,31,25,0.5548387096774193
30,Min Sum,No-Contraction,0.0,636.4986227964258,33,28,0.4195053988157436
30,Min Sum,No-Contraction,0.0,835.8733512071747,43,39,0.2900828655439722
30,Min Sum,No-Contraction,0.0,469.30143092736114,25,21,0.42179310344827586
30,Min Sum,No-Contraction,0.0,717.398431557382,37,34,0.3868903386144765
30,Min Sum,No-Contraction,0.0,856.6273596972411,44,39,0.34545454545454546
30,Min Sum,No-Contraction,0.0,907.0071063516388,46,41,0.2931534232883558
30,Min Sum,No-Contraction,0.0,866.1322272656033,44,41,0.24555903866248696
30,Min Sum,No-Contraction,0.0,1050.8682209989915,53,49,0.3710258078507916
30,Min Sum,No-Contraction,0.0,843.0919180212703,43,37,0.31242983159583
30,Min Sum,No-Contraction,0.0,845.6485264566949,43,40,0.3124832932371024
30,Min Sum,No-Contraction,0.0,631.2827894469114,33,29,0.2788575409265065
30,Min Sum,No-Contraction,0.0,913.267185024941,46,43,0.36461769115442283
30,Min Sum,No-Contraction,0.0,888.0236547529876,45,41,0.3093742017879949
30,Min Sum,No-Contraction,0.0,695.1478397237229,36,32,0.4491698595146871
30,Min Sum,No-Contraction,0.0,1140.078538901978,57,50,0.39846743295019155
30,Min Sum,No-Contraction,0.0,939.942401992261,48,43,0.3118773946360153
30,Min Sum,No-Contraction,0.0,790.2353071505917,40,37,0.2950574712643678
30,Min Sum,No-Contraction,0.0,530.9265883348996,28,24,0.43555008210180624
30,Min Sum,No-Contraction,0.0,813.5354434484127,42,38,0.4026272577996716
30,Min Sum,No-Contraction,0.0,540.9861858329926,28,24,0.50311986863711
30,Min Sum,No-Contraction,0.0,768.9656962104515,39,34,0.3549661066902446
30,Min Sum,No-Contraction,0.0,534.0238363555956,28,24,0.4301313628899836
30,Min Sum,No-Contraction,0.0,1168.4795589451749,59,55,0.2541203974284044
30,Min Sum,No-Contraction,0.0,756.4061470036835,39,34,0.263719422340112
30,Min Sum,No-Contraction,0.0,586.7934791279964,31,25,0.4147571375602522
30,Min Sum,No-Contraction,0.0,552.7677532486392,29,23,0.41791518034086406
30,Min Sum,No-Contraction,0.0,1100.616796639521,55,49,0.6176384535005225
30,Min Sum,No-Contraction,0.0,607.0679117901059,32,27,0.3822557471264368
30,Min Sum,No-Contraction,0.0,645.7127372818519,33,30,0.38146987112504355
30,Min Sum,No-Contraction,0.0,1017.7455810208892,51,45,0.4107730448501239
30,Min Sum,No-Contraction,0.0,547.8781018612797,29,24,0.3680539040824415
30,Min Sum,No-Contraction,0.0,757.4846360103419,39,35,0.2674329501915709
30,Min Sum,No-Contraction,0.0,1050.927295913317,53,48,0.24857948384298417
30,Min Sum,No-Contraction,0.0,481.46845852885286,26,22,0.39610963748894784
30,Min Sum,No-Contraction,0.0,709.7102680861694,37,31,0.6209381795588692
30,Min Sum,No-Contraction,0.0,515.4264298707001,27,24,0.3783737760749255
30,Min Sum,No-Contraction,0.0,1013.9834621989608,51,46,0.37556907820599505
30,Min Sum,No-Contraction,0.0,722.2752269313565,37,31,0.3938490214352283
30,Min Sum,No-Contraction,0.0,882.313463409883,45,35,0.43637292464878674
30,Min Sum,No-Contraction,0.0,801.6983201769631,41,37,0.3059153350154191
30,Min Sum,No-Contraction,0.0,401.0728206285732,22,18,0.43322884012539187
30,Min Sum,No-Contraction,0.0,768.9934939557673,39,35,0.37907456528146183
30,Min Sum,No-Contraction,0.0,901.6381513971687,46,42,0.2902548725637181
30,Min Sum,No-Contraction,0.0,1048.281170200068,53,42,0.43960095423986123
30,Min Sum,No-Contraction,0.0,750.7348780222386,39,35,0.35820807544945477
30,Min Sum,No-Contraction,0.0,963.6199511190154,49,45,0.307999061693643
30,Min Sum,No-Contraction,0.0,705.610844865034,36,33,0.3775862068965517
30,Min Sum,No-Contraction,0.0,813.3098804645476,42,36,0.35155993431855503
30,Min Sum,No-Contraction,0.0,614.3192936669574,32,27,0.379382183908046
30,Min Sum,No-Contraction,0.0,912.1237394917532,46,42,0.3725137431284358
30,Min Sum,No-Contraction,0.0,681.4944248260819,35,30,0.3781937602627258
30,Min Sum,No-Contraction,0.0,638.5904928043497,33,28,0.5386276558690352
30,Min Sum,No-Contraction,0.0,1055.4519259178157,53,48,0.38959011060507487
30,Min Sum,No-Contraction,0.0,840.4200301150321,43,35,0.40652232023523127
30,Min Sum,No-Contraction,0.0,693.6144846931818,36,31,0.36800766283524905
30,Min Sum,No-Contraction,0.0,414.2748100848834,22,17,0.5568443051201671
30,Min Sum,No-Contraction,0.0,882.8338984752863,45,40,0.3215325670498084
30,Min Sum,No-Contraction,0.0,548.6995756811937,29,24,0.4626238604835513
30,Min Sum,No-Contraction,0.0,778.5161777463126,40,36,0.36954022988505747
30,Min Sum,No-Contraction,0.0,558.4193501672876,29,25,0.4904478795085216
30,Min Sum,No-Contraction,0.0,1030.493164105182,52,48,0.5253757736516357
30,Min Sum,No-Contraction,0.0,639.9563650289274,33,29,0.40738418669453147
30,Min Sum,No-Contraction,0.0,483.9416014675367,26,22,0.4348364279398762
30,Min Sum,No-Contraction,0.0,415.0854828386863,22,17,0.47481713688610244
30,Min Sum,No-Contraction,0.0,1082.080679477261,54,44,0.464708386547467
30,Min Sum,No-Contraction,0.0,620.8288839913267,32,29,0.24834770114942528
30,Min Sum,No-Contraction,0.0,766.6779145191396,39,35,0.3828470380194518
30,Min Sum,No-Contraction,0.0,1016.7972242921164,51,46,0.41487491548343475
30,Min Sum,No-Contraction,0.0,586.1691176879589,31,26,0.4098628105302188
30,Min Sum,No-Contraction,0.0,863.1994902267016,44,39,0.2476489028213166
30,Min Sum,No-Contraction,0.0,671.8862961182888,35,31,0.4176026272577997
30,Min Sum,No-Contraction,0.0,600.3469209870833,31,28,0.5157582499073045
30,Min Sum,No-Contraction,0.0,685.6153117035631,35,31,0.3386535303776683
30,Min Sum,No-Contraction,0.0,907.1669982810887,46,42,0.3484257871064468
30,Min Sum,No-Contraction,0.0,480.3116606000717,26,22,0.4731211317418214
30,Min Sum,No-Contraction,0.0,627.3642453138705,33,29,0.365586903517938
30,Min Sum,No-Contraction,0.0,624.1930018747455,32,29,0.3413793103448276
30,Min Sum,No-Contraction,0.0,588.7875886116353,31,27,0.3197626992955135
30,Min Sum,No-Contraction,0.0,546.9191606133587,29,25,0.4255251684502576
30,Min Sum,No-Contraction,0.0,618.8018222020966,32,28,0.3627155172413793
30,Min Sum,No-Contraction,0.0,667.5322310341069,35,29,0.39960591133004925
30,Min Sum,No-Contraction,0.0,832.493752839992,42,38,0.3407772304324029
30,Min Sum,No-Contraction,0.0,1034.2945055511925,52,45,0.3937665782493369
30,Min Sum,No-Contraction,0.0,976.3221959271959,49,45,0.3056063804832278
30,Min Sum,No-Contraction,0.0,750.0332204230747,39,34,0.3097553787208959
30,Min Sum,No-Contraction,0.0,500.2753899719346,27,23,0.3155385270327799
30,Min Sum,No-Contraction,0.0,746.1595328325252,38,35,0.43714458560193586
30,Min Sum,No-Contraction,0.0,730.1138816685627,38,33,0.358983666061706
30,Min Sum,No-Contraction,0.0,486.29856306369715,26,22,0.32855879752431477
30,Min Sum,No-Contraction,0.0,1156.1459230853088,58,52,0.3794292508917955
30,Min Sum,No-Contraction,0.0,871.7584412045344,44,39,0.30271682340647854
30,Min Sum,No-Contraction,0.0,569.2482958074928,30,27,0.282911877394636
30,Min Sum,No-Contraction,0.0,686.9066000263994,35,31,0.2775697865353038
30,Min Sum,No-Contraction,0.0,548.3900750732813,29,25,0.3595719381688466
30,Min Sum,No-Contraction,0.0,665.0608795082107,34,30,0.32190669371196756
30,Min Sum,No-Contraction,0.0,511.9178330351854,27,22,0.36832694763729246
30,Min Sum,No-Contraction,0.0,517.6818692957622,27,22,0.4178799489144317
30,Min Sum,No-Contraction,0.0,955.2825504348222,48,44,0.27567049808429117
30,Min Sum,No-Contraction,0.0,635.6239689682371,33,29,0.3308951584813654
30,Min Sum,No-Contraction,0.0,547.354335419586,29,25,0.33499801823226316
30,Min Sum,No-Contraction,0.0,719.8584262490702,37,33,0.35184840012426216
30,Min Sum,No-Contraction,0.0,853.1993947056164,43,39,0.27901630580058806
30,Min Sum,No-Contraction,0.0,703.5766808796668,36,32,0.32005108556832695
30,Min Sum,No-Contraction,0.0,490.2995568270642,26,21,0.41971706454465074
30,Min Sum,No-Contraction,0.0,800.2173093248124,41,35,0.3343425848051584
30,Min Sum,No-Contraction,0.0,836.5011369774849,43,35,0.40438385458433573
30,Min Sum,No-Contraction,0.0,844.0676519216322,43,37,0.33167602245388933
30,Min Sum,No-Contraction,0.0,618.8912476718524,32,28,0.38491379310344825
30,Min Sum,No-Contraction,0.0,724.2281011198692,37,34,0.25796831314072693
30,Min Sum,No-Contraction,0.0,930.2963043186435,47,41,0.3355832721936904
30,Min Sum,No-Contraction,0.0,628.7692861806729,33,28,0.3207941483803553
30,Min Sum,No-Contraction,0.0,664.3662167165614,34,30,0.3855983772819473
30,Min Sum,No-Contraction,0.0,664.7569975065004,34,26,0.3450980392156863
30,Min Sum,No-Contraction,0.0,727.9998034147759,37,33,0.3433985709847779
30,Min Sum,No-Contraction,0.0,616.6489875817866,32,28,0.3341235632183908
30,Min Sum,No-Contraction,0.0,456.22020701623006,24,21,0.33266283524904217
30,Min Sum,No-Contraction,0.0,801.1250255638486,41,37,0.26935800392486686
30,Min Sum,No-Contraction,0.0,738.289793408658,38,34,0.31675741076830005
30,Min Sum,No-Contraction,0.0,871.6836108382518,44,41,0.275914315569488
30,Min Sum,No-Contraction,0.0,828.7892182375278,42,37,0.27635467980295564
30,Min Sum,No-Contraction,0.0,662.484491503196,34,30,0.314131169709263
30,Min Sum,No-Contraction,0.0,599.3543571695625,31,26,0.31427512050426404
30,Min Sum,No-Contraction,0.0,664.7829124070307,34,31,0.37592968221771467
30,Min Sum,No-Contraction,0.0,895.8730258741408,46,42,0.26701649175412295
30,Min Sum,No-Contraction,0.0,528.2562808199847,28,23,0.311247947454844
30,Min Sum,No-Contraction,0.0,1192.6722876408112,60,53,0.2770114942528735
30,Min Sum,No-Contraction,0.0,836.8255805218971,43,38,0.283293237102379
30,Min Sum,No-Contraction,0.0,617.6291523864099,32,28,0.3705459770114943
30,Min Sum,No-Contraction,0.0,660.8603250500685,34,30,0.31757944557133194
30,Min Sum,No-Contraction,0.0,450.4910668705457,24,17,0.4138888888888889
30,Min Sum,No-Contraction,0.0,740.5883335052977,38,33,0.3940713853599516
30,Min Sum,No-Contraction,0.0,676.5336609755667,35,25,0.41707717569786534
30,Min Sum,No-Contraction,0.0,569.2491667512153,30,25,0.4052107279693487
30,Min Sum,No-Contraction,0.0,1059.4085535295555,53,49,0.3034049013229234
30,Min Sum,No-Contraction,0.0,817.274086753454,42,37,0.3713738368910783
30,Min Sum,No-Contraction,0.0,725.7095992366594,37,31,0.35638397017707363
30,Min Sum,No-Contraction,0.0,850.0898527870866,43,35,0.40026730820636197
30,Min Sum,No-Contraction,0.0,836.8145013868327,43,37,0.3259021651964715
30,Min Sum,No-Contraction,0.0,566.6175010727585,30,23,0.33624521072796937
30,Min Sum,No-Contraction,0.0,888.6715283786474,45,41,0.32796934865900385
30,Min Sum,No-Contraction,0.0,868.7095758035379,44,40,0.39425287356321836
30,Min Sum,No-Contraction,0.0,1059.3035226602112,53,49,0.317588375623509
30,Min Sum,No-Contraction,0.0,910.1967308353642,46,42,0.3019990004997501
30,Min Sum,No-Contraction,0.0,989.0940668334947,50,44,0.27480459770114946
30,Min Sum,No-Contraction,0.0,507.91142376892833,27,22,0.3710515112813963
30,Min Sum,No-Contraction,0.0,971.2378809352489,49,44,0.388365001172883
30,Min Sum,No-Contraction,0.0,1190.7858213906477,60,54,0.3580842911877395
30,Min Sum,No-Contraction,0.0,570.2592996504984,30,25,0.40842911877394633
30,Min Sum,No-Contraction,0.0,888.9546330001352,45,37,0.3504469987228608
30,Min Sum,No-Contraction,0.0,928.127888635045,47,40,0.372805086818293
30,Min Sum,No-Contraction,0.0,736.602687445762,38,34,0.39171203871748334
30,Min Sum,No-Contraction,0.0,557.2611493500629,29,23,0.35132778438367024
30,Min Sum,No-Contraction,0.0,703.0454780758664,36,31,0.35140485312899106
30,Min Sum,No-Contraction,0.0,708.813699425059,37,30,0.42858030444237344
30,Min Sum,No-Contraction,0.0,956.8441416687799,48,45,0.23730842911877395
30,Min Sum,No-Contraction,0.0,625.6485790875121,33,27,0.42751654475792406
30,Min Sum,No-Contraction,0.0,874.5381521561977,44,39,0.3144723092998955
30,Min Sum,No-Contraction,0.0,680.5380188546937,35,30,0.3887027914614121
30,Min Sum,No-Contraction,0.0,948.1245094625602,48,43,0.3773946360153257
30,Min Sum,No-Contraction,0.0,676.0276460359684,35,30,0.48433497536945813
30,Min Sum,No-Contraction,0.0,918.2605949742167,47,42,0.357006603081438
30,Min Sum,No-Contraction,0.0,699.3317465735205,36,31,0.3744572158365262
30,Min Sum,No-Contraction,0.0,576.1781711732914,30,25,0.32628352490421453
30,Min Sum,No-Contraction,0.0,1036.2097289849833,52,48,0.3300176834659593
30,Min Sum,No-Contraction,0.0,952.6650952153844,48,45,0.24841954022988508
30,Min Sum,No-Contraction,0.0,1019.7934770856423,51,48,0.2891142663962137
30,Min Sum,No-Contraction,0.0,657.2212981053501,34,28,0.3727518593644354
30,Min Sum,No-Contraction,0.0,902.329415123947,46,41,0.33448275862068966
30,Min Sum,No-Contraction,0.0,717.9477969883268,37,33,0.3664492078285182
30,Min Sum,No-Contraction,0.0,825.9091868216763,42,38,0.32068965517241377
30,Min Sum,No-Contraction,0.0,822.6589534035782,42,38,0.34302134646962235
30,Min Sum,No-Contraction,0.0,1037.5480293379883,52,48,0.2861626878868258
30,Min Sum,No-Contraction,0.0,745.2003158332253,38,34,0.3673321234119782
30,Min Sum,No-Contraction,0.0,890.9184755816082,45,42,0.28367816091954023
30,Min Sum,No-Contraction,0.0,1120.1398580699229,56,52,0.29930213464696226
30,Min Sum,No-Contraction,0.0,503.30697134560586,27,22,0.45687526607066836
30,Min Sum,No-Contraction,0.0,735.9295117376001,38,33,0.42534785238959466
30,Min Sum,No-Contraction,0.0,471.4513411463403,25,21,0.4184827586206897
30,Min Sum,No-Contraction,0.0,860.6093821347562,44,38,0.2861546499477534
30,Min Sum,No-Contraction,0.0,661.8148645458476,34,30,0.3615956727518594
30,Min Sum,No-Contraction,0.0,952.992414165653,48,44,0.342816091954023
30,Min Sum,No-Contraction,0.0,718.0722396408466,37,33,0.29506057781919853
30,Min Sum,No-Contraction,0.0,441.0772239456736,24,20,0.453639846743295
30,Min Sum,No-Contraction,0.0,758.0098983495818,39,35,0.3649277925139994
30,Min Sum,No-Contraction,0.0,946.2886257756663,48,43,0.28443486590038314
30,Min Sum,No-Contraction,0.0,1055.8108592245608,53,44,0.41678594664931684
30,Min Sum,No-Contraction,0.0,682.3354475287586,35,30,0.2683743842364532
30,Min Sum,No-Contraction,0.0,850.7552920271687,43,39,0.33354717989842286
30,Min Sum,No-Contraction,0.0,671.1165424782225,35,28,0.478423645320197
30,Min Sum,No-Contraction,0.0,846.404311244354,43,39,0.2929163325314087
30,Min Sum,No-Contraction,0.0,442.0722700147567,24,20,0.3726053639846743
30,Min Sum,No-Contraction,0.0,918.0031181578852,47,41,0.32883345561261923
30,Min Sum,No-Contraction,0.0,746.1607876587678,38,34,0.380096793708409
30,Min Sum,No-Contraction,0.0,678.8487672850333,35,31,0.41129720853858787
30,Min Sum,No-Contraction,0.0,1041.7218576815344,53,47,0.4352635003253091
30,Min Sum,No-Contraction,0.0,735.3082686586849,38,32,0.4367211131276467
30,Min Sum,No-Contraction,0.0,834.6600688983951,43,38,0.2987436514300989
30,Min Sum,No-Contraction,0.0,415.7240059378541,22,17,0.4092998955067921
30,Min Sum,No-Contraction,0.0,1042.0339070035154,53,47,0.418130557362828
30,Min Sum,No-Contraction,0.0,564.046460332779,30,25,0.4254406130268199
30,Min Sum,No-Contraction,0.0,730.9620632570602,38,34,0.3983666061705989
30,Min Sum,No-Contraction,0.0,584.7038832930851,31,26,0.4830552465702633
30,Min Sum,No-Contraction,0.0,979.6135987318671,50,45,0.2834942528735632
30,Min Sum,No-Contraction,0.0,632.5690779744638,33,29,0.40041797283176594
30,Min Sum,No-Contraction,0.0,421.2793270717569,23,19,0.43458270864567716
30,Min Sum,No-Contraction,0.0,469.0702268326657,25,20,0.35963218390804597
30,Min Sum,No-Contraction,0.0,960.9464243507526,49,44,0.34548440065681446
30,Min Sum,No-Contraction,0.0,705.4593278695545,36,33,0.29272030651340997
30,Min Sum,No-Contraction,0.0,783.7507551222286,40,35,0.43597701149425283
30,Min Sum,No-Contraction,0.0,980.6172811167907,50,45,0.3628045977011494
30,Min Sum,No-Contraction,0.0,693.7645939732987,36,31,0.4330140485312899
30,Min Sum,No-Contraction,0.0,646.0522357613519,34,29,0.49824205544286676
30,Min Sum,No-Contraction,0.0,718.2131748327791,37,32,0.43696800248524387
30,Min Sum,No-Contraction,0.0,834.6541458608183,43,34,0.5340817963111467
30,Min Sum,No-Contraction,0.0,495.2724641090223,26,21,0.3562334217506631
30,Min Sum,No-Contraction,0.0,653.9549277276477,34,29,0.4540906017579446
30,Min Sum,No-Contraction,0.0,597.3292265707744,31,24,0.6725250278086763
30,Min Sum,No-Contraction,0.0,534.9168863047435,28,23,0.46642036124794745
30,Min Sum,No-Contraction,0.0,985.7262982460348,50,41,0.4652873563218391
30,Min Sum,No-Contraction,0.0,628.2766679232515,33,29,0.3771508185301289
30,Min Sum,No-Contraction,0.0,601.8532314413045,31,27,0.33830181683351873
30,Min Sum,No-Contraction,0.0,684.808401654667,35,32,0.32932676518883414
30,Min Sum,No-Contraction,0.0,485.2247477784718,26,21,0.4106984969053934
30,Min Sum,No-Contraction,0.0,676.4484139456262,35,31,0.4056486042692939
30,Min Sum,No-Contraction,0.0,532.4852160130707,28,24,0.3764367816091954
30,Min Sum,No-Contraction,0.0,712.4204313423727,37,26,0.4678471575023299
30,Min Sum,No-Contraction,0.0,421.4384062991153,23,18,0.43708145927036485
30,Min Sum,No-Contraction,0.0,845.1086982072513,43,38,0.4096230954290297
30,Min Sum,No-Contraction,0.0,614.3723381626843,32,27,0.36091954022988504
30,Min Sum,No-Contraction,0.0,709.3059458890516,37,31,0.3611680646163405
30,Min Sum,No-Contraction,0.0,526.3671724079884,28,24,0.5663382594417078
30,Min Sum,No-Contraction,0.0,763.2897693572891,39,33,0.5691718243442382
30,Min Sum,No-Contraction,0.0,628.1368451157535,33,25,0.4932776036224312
30,Min Sum,No-Contraction,0.0,576.9774619804446,30,24,0.4771647509578544
30,Min Sum,No-Contraction,0.0,431.38673547825323,23,19,0.5276361819090455
30,Min Sum,No-Contraction,0.0,845.0537836736686,43,39,0.39705960973001875
30,Min Sum,No-Contraction,0.0,694.6596643387647,36,29,0.4391443167305236
30,Min Sum,No-Contraction,0.0,564.8866545869857,30,25,0.3465900383141763
30,Min Sum,No-Contraction,0.0,838.3615743123686,43,39,0.3972734562951083
30,Min Sum,No-Contraction,0.0,828.7251881890035,42,36,0.46863711001642033
30,Min Sum,No-Contraction,0.0,472.53693640443163,25,20,0.46206896551724136
30,Min Sum,No-Contraction,0.0,894.2853591402115,45,40,0.3916219667943806
30,Min Sum,No-Contraction,0.0,921.5088678008736,47,34,0.6743947175348496
30,Min Sum,No-Contraction,0.0,808.1701470328015,41,35,0.44143537987104003
30,Min Sum,No-Contraction,0.0,722.1656283424655,37,32,0.5370611991301647
30,Min Sum,No-Contraction,0.0,944.1433183885854,48,41,0.34626436781609193
30,Min Sum,No-Contraction,0.0,751.885120975236,39,34,0.3296198054818745
30,Min Sum,No-Contraction,0.0,499.0479659108404,26,21,0.3957559681697613
30,Min Sum,No-Contraction,0.0,762.1927363803132,39,35,0.35850279988211026
30,Min Sum,No-Contraction,0.0,799.5814626946227,41,37,0.2779366414353799
30,Min Sum,No-Contraction,0.0,1074.2696642332492,54,48,0.35346956151553854
30,Min Sum,No-Contraction,0.0,679.1804863306461,35,30,0.338128078817734
30,Min Sum,No-Contraction,0.0,821.1409381228909,42,38,0.4701696770662288
30,Min Sum,No-Contraction,0.0,555.7077233760837,29,25,0.3977804201347602
30,Min Sum,No-Contraction,0.0,751.631059309432,39,35,0.31152372531682876
30,Min Sum,No-Contraction,0.0,562.5035636966289,30,23,0.40551724137931033
30,Min Sum,No-Contraction,0.0,860.9793395549218,44,40,0.3195924764890282
30,Min Sum,No-Contraction,0.0,524.9988907192535,28,22,0.4637931034482759
30,Min Sum,No-Contraction,0.0,621.3642356495847,32,26,0.3858477011494253
30,Min Sum,No-Contraction,0.0,825.9788102313581,42,38,0.30164203612479473
30,Min Sum,No-Contraction,0.0,714.5407021509877,37,31,0.3117117117117117
30,Min Sum,No-Contraction,0.0,805.6126272011398,41,37,0.3183067003083824
30,Min Sum,No-Contraction,0.0,357.6104976186509,20,16,0.3891954022988506
30,Min Sum,No-Contraction,0.0,888.926485111146,45,41,0.2973180076628353
30,Min Sum,No-Contraction,0.0,580.2441090321455,30,26,0.5108045977011494
30,Min Sum,No-Contraction,0.0,756.566203023074,39,34,0.3312702623047451
30,Min Sum,No-Contraction,0.0,591.6921773445229,31,27,0.40192806822395255
30,Min Sum,No-Contraction,0.0,824.7622182864799,42,38,0.3832512315270936
30,Min Sum,No-Contraction,0.0,523.2183973869378,28,24,0.3504105090311987
30,Min Sum,No-Contraction,0.0,440.59173265572355,24,18,0.4706896551724138
30,Min Sum,No-Contraction,0.0,458.00323481160956,24,21,0.30766283524904214
30,Min Sum,No-Contraction,0.0,958.0332307005656,48,45,0.31235632183908046
30,Min Sum,No-Contraction,0.0,615.4448355178232,32,27,0.44525862068965516
30,Min Sum,No-Contraction,0.0,871.2582175207126,44,40,0.41954022988505746
30,Min Sum,No-Contraction,0.0,1015.8049829536088,51,45,0.4155510480054091
30,Min Sum,No-Contraction,0.0,1009.973538181837,51,43,0.5379310344827586
30,Min Sum,No-Contraction,0.0,1276.6096949689029,64,59,0.34967672413793105
30,Min Sum,No-Contraction,0.0,576.0669791769649,30,24,0.42344827586206896
30,Min Sum,No-Contraction,0.0,876.0855635583275,45,41,0.3917752234993614
30,Min Sum,No-Contraction,0.0,998.5648532501409,50,43,0.44280459770114944
30,Min Sum,No-Contraction,0.0,771.968391718465,40,34,0.3929310344827586
30,Min Sum,No-Contraction,0.0,745.1427241494666,38,34,0.3135511191772535
30,Min Sum,No-Contraction,0.0,542.7747730113273,29,25,0.30836305984938567
30,Min Sum,No-Contraction,0.0,376.8488125611471,21,17,0.4950191570881226
30,Min Sum,No-Contraction,0.0,726.7033955281878,37,34,0.3169928549238894
30,Min Sum,No-Contraction,0.0,685.0162578946122,35,31,0.424696223316913
30,Min Sum,No-Contraction,0.0,816.75385744013,42,36,0.32052545155993434
30,Min Sum,No-Contraction,0.0,828.8115409926206,42,36,0.4102900930487137
30,Min Sum,No-Contraction,0.0,612.9416000582938,32,28,0.3896551724137931
30,Min Sum,No-Contraction,0.0,646.5463963704627,34,29,0.3490872210953347
30,Min Sum,No-Contraction,0.0,638.9730741316313,33,27,0.5509578544061302
30,Min Sum,No-Contraction,0.0,490.62918536902123,26,20,0.4148541114058355
30,Min Sum,No-Contraction,0.0,553.9949548783774,29,25,0.3530717399920729
30,Min Sum,No-Contraction,0.0,854.7831485085105,44,39,0.40773249738766976
30,Min Sum,No-Contraction,0.0,908.4157734647081,46,42,0.2496751624187906
30,Min Sum,No-Contraction,0.0,999.4274643603069,50,40,0.48565517241379313
30,Min Sum,No-Contraction,0.0,731.5920749003981,38,31,0.49249848759830617
30,Min Sum,No-Contraction,0.0,761.9928984908362,39,35,0.43283230179781906
30,Min Sum,No-Contraction,0.0,629.9744216771421,33,28,0.36328805294322536
30,Min Sum,No-Contraction,0.0,637.831712560005,33,28,0.32413793103448274
30,Min Sum,No-Contraction,0.0,733.739616208274,38,32,0.46073805202661827
30,Min Sum,No-Contraction,0.0,1014.9174638344056,51,47,0.3121478476448051
30,Min Sum,No-Contraction,0.0,632.4312280342812,33,27,0.5130616509926854
30,Min Sum,No-Contraction,0.0,751.3363530697065,39,35,0.4418508694370763
30,Min Sum,No-Contraction,0.0,1236.1177248995077,62,57,0.3365220615498702
30,Min Sum,No-Contraction,0.0,683.476904498999,35,32,0.3360919540229885
30,Min Sum,No-Contraction,0.0,495.1859222504821,26,22,0.3922192749778957
30,Min Sum,No-Contraction,0.0,751.7783355760566,39,35,0.36846448570586504
30,Min Sum,No-Contraction,0.0,577.2068874300604,30,25,0.4125670498084291
30,Min Sum,No-Contraction,0.0,457.19622368578183,24,21,0.414367816091954
30,Min Sum,No-Contraction,0.0,806.373701367574,41,34,0.534062237174096
30,Min Sum,No-Contraction,0.0,752.1474104735603,39,34,0.3481874447391689
30,Min Sum,No-Contraction,0.0,744.664307779502,38,34,0.3133091349062311
30,Min Sum,No-Contraction,0.0,1116.4479969868464,56,49,0.444376026272578
30,Min Sum,No-Contraction,0.0,897.1283456750202,46,42,0.3268865567216392
30,Min Sum,No-Contraction,0.0,716.7409034417967,37,29,0.46430568499534014
30,Min Sum,No-Contraction,0.0,702.4205510100381,36,32,0.3384418901660281
30,Min Sum,No-Contraction,0.0,673.5426919841544,35,29,0.49688013136288994
30,Min Sum,No-Contraction,0.0,987.9178318999511,50,46,0.37632183908045974
30,Min Sum,No-Contraction,0.0,654.2907724511882,34,30,0.40655848546315076
30,Min Sum,No-Contraction,0.0,1201.1288578166248,60,54,0.36931034482758623
30,Min Sum,No-Contraction,0.0,926.0376841322471,47,43,0.27449254096356074
30,Min Sum,No-Contraction,0.0,709.9329211927578,37,32,0.3627834731283007
30,Min Sum,No-Contraction,0.0,667.0081861769066,35,31,0.37215106732348113
30,Min Sum,No-Contraction,0.0,668.4061901789532,35,29,0.5366830870279146
30,Min Sum,No-Contraction,0.0,625.5436633345306,33,29,0.3769418321142459
30,Min Sum,No-Contraction,0.0,684.9659760587214,35,30,0.33773399014778327
30,Min Sum,No-Contraction,0.0,552.8803168810939,29,25,0.38858501783590965
30,Min Sum,No-Contraction,0.0,1246.7393851225631,62,57,0.3054505005561735
30,Min Sum,No-Contraction,0.0,740.1831229979471,38,33,0.4373865698729582
30,Min Sum,No-Contraction,0.0,574.1798349693287,30,25,0.5039846743295019
30,Min Sum,No-Contraction,0.0,863.1790880553738,44,39,0.2974921630094044
30,Min Sum,No-Contraction,0.0,1000.2265414781873,51,43,0.38498985801217045
30,Min Sum,No-Contraction,0.0,768.1164741360532,39,36,0.5106395520188624
30,Min Sum,No-Contraction,0.0,575.5927644802946,30,27,0.3622222222222222
30,Min Sum,No-Contraction,0.0,966.7663458140207,49,44,0.39483931503635933
30,Min Sum,No-Contraction,0.0,881.6366460380376,45,39,0.3917752234993614
30,Min Sum,No-Contraction,0.0,871.1942613027342,44,36,0.4174503657262278
30,Min Sum,No-Contraction,0.0,476.742284083059,25,21,0.480367816091954
30,Min Sum,No-Contraction,0.0,847.791179309307,43,40,0.44934509489441327
30,Min Sum,No-Contraction,0.0,979.7087386859973,50,45,0.28602298850574714
30,Min Sum,No-Contraction,0.0,958.2481437240817,49,44,0.3129251700680272
30,Min Sum,No-Contraction,0.0,1280.761779246035,64,59,0.3405890804597701
30,Min Sum,No-Contraction,0.0,1076.5134851896023,54,49,0.36441038739889314
30,Min Sum,No-Contraction,0.0,874.3503910686442,44,39,0.33396029258098225
30,Min Sum,No-Contraction,0.0,692.9935180209841,36,32,0.26187739463601534
30,Min Sum,No-Contraction,0.0,762.0583294725578,39,34,0.3323902151488359
30,Min Sum,No-Contraction,0.0,1103.8008498636837,55,50,0.2659561128526646
30,Min Sum,No-Contraction,0.0,740.0000847936153,38,33,0.35226860254083486
30,Min Sum,No-Contraction,0.0,1466.7715863395654,73,67,0.3300897496457251
30,Min Sum,No-Contraction,0.0,1179.6366457556258,59,55,0.29760374050263
30,Min Sum,No-Contraction,0.0,949.2093375529765,48,44,0.27662835249042145
30,Min Sum,No-Contraction,0.0,827.2809330302084,42,37,0.3619594964422551
30,Min Sum,No-Contraction,0.0,756.5426085893496,39,33,0.41167108753315645
30,Min Sum,No-Contraction,0.0,650.010812403111,34,27,0.5342123056118999
30,Min Sum,No-Contraction,0.0,792.8289838229435,41,37,0.3004205214465938
30,Min Sum,No-Contraction,0.0,642.5349850433237,33,29,0.3799373040752351
30,Min Sum,No-Contraction,0.0,1305.1056967960192,65,61,0.2635897435897436
30,Min Sum,No-Contraction,0.0,966.084005671639,49,45,0.42960356556415674
30,Min Sum,No-Contraction,0.0,852.534865432766,43,36,0.3361133386794975
30,Min Sum,No-Contraction,0.0,1010.1402716609908,51,45,0.36817669596574265
30,Min Sum,No-Contraction,0.0,1078.9905635582738,54,47,0.3381013197105151
30,Min Sum,No-Contraction,0.0,748.8516037727314,38,33,0.4157289776164549
30,Min Sum,No-Contraction,0.0,610.8987297788343,32,26,0.458764367816092
30,Min Sum,No-Contraction,0.0,1166.648064001039,59,53,0.3442820962400156
30,Min Sum,No-Contraction,0.0,760.2494673486929,39,35,0.40135573239021516
30,Min Sum,No-Contraction,0.0,585.5555258757695,31,22,0.64293659621802
30,Min Sum,No-Contraction,0.0,545.8921358503624,29,22,0.5220768925881887
30,Min Sum,No-Contraction,0.0,547.1594150634456,29,24,0.37407847800237815
30,Min Sum,No-Contraction,0.0,427.56915983738344,23,19,0.44597701149425284
30,Min Sum,No-Contraction,0.0,680.0751795776459,35,29,0.5527093596059114
30,Min Sum,No-Contraction,0.0,656.1964430740331,34,30,0.3065584854631508
30,Min Sum,No-Contraction,0.0,465.5462323266064,25,22,0.3452873563218391
30,Min Sum,No-Contraction,0.0,591.173727218532,31,25,0.3968854282536151
30,Min Sum,No-Contraction,0.0,592.8939697984711,31,26,0.3867259918427883
30,Min Sum,No-Contraction,0.0,806.7912143923587,41,37,0.3909167367535744
30,Min Sum,No-Contraction,0.0,445.2037245879842,24,20,0.37931034482758624
30,Min Sum,No-Contraction,0.0,894.3765788747531,45,42,0.39969348659003834
30,Min Sum,No-Contraction,0.0,563.0834179682971,30,26,0.36781609195402304
30,Min Sum,No-Contraction,0.0,512.5191088898548,27,23,0.3741166453810132
30,Min Sum,No-Contraction,0.0,626.9199258400794,33,29,0.37039359108324627
30,Min Sum,No-Contraction,0.0,579.416692752031,30,26,0.29678160919540225
30,Min Sum,No-Contraction,0.0,678.9350432444134,35,31,0.4199014778325123
30,Min Sum,No-Contraction,0.0,529.5205598790702,28,23,0.36954022988505747
30,Min Sum,No-Contraction,0.0,483.3983974588518,26,22,0.40274093722369586
30,Min Sum,No-Contraction,0.0,811.6859894251321,41,38,0.31600784973366974
30,Min Sum,No-Contraction,0.0,709.1348366914191,37,31,0.3893134513824169
30,Min Sum,No-Contraction,0.0,566.5922020225103,30,26,0.33563218390804594
30,Min Sum,No-Contraction,0.0,816.333243915618,42,35,0.3443349753694581
30,Min Sum,No-Contraction,0.0,603.6102311952628,31,25,0.35936225435669267
30,Min Sum,No-Contraction,0.0,538.1067305725857,28,25,0.32561576354679805
30,Min Sum,No-Contraction,0.0,958.1771746866164,48,45,0.3434386973180077
30,Min Sum,No-Contraction,0.0,689.8311568695096,36,31,0.414176245210728
30,Min Sum,No-Contraction,0.0,762.2438489670507,39,36,0.3297376952549366
30,Min Sum,No-Contraction,0.0,839.5798000550092,43,38,0.3515102913659449
30,Min Sum,No-Contraction,0.0,774.7909959011855,40,35,0.378448275862069
30,Min Sum,No-Contraction,0.0,608.8707748462498,32,28,0.3966235632183908
30,Min Sum,No-Contraction,0.0,925.550452174653,47,38,0.3963316214233309
30,Min Sum,No-Contraction,0.0,737.7574058725428,38,33,0.46963097398669085
30,Min Sum,No-Contraction,0.0,830.591759169988,42,37,0.27411056376573617
30,Min Sum,No-Contraction,0.0,521.2266735408177,28,24,0.387192118226601
30,Min Sum,No-Contraction,0.0,940.3910660951926,48,44,0.3234674329501916
30,Min Sum,No-Contraction,0.0,645.723874074763,33,30,0.3826541274817137
30,Min Sum,No-Contraction,0.0,664.2622561138604,34,31,0.3486139283299527
30,Min Sum,No-Contraction,0.0,893.5234876832833,45,39,0.5162707535121328
30,Min Sum,No-Contraction,0.0,752.6034694268551,39,35,0.36581196581196584
30,Min Sum,No-Contraction,0.0,619.4388349032396,32,28,0.36149425287356324
30,Min Sum,No-Contraction,0.0,489.077908408241,26,23,0.38196286472148544
30,Min Sum,No-Contraction,0.0,903.90122451806,46,40,0.3411794102948526
30,Min Sum,No-Contraction,0.0,512.5875646680887,27,23,0.37701149425287356
30,Min Sum,No-Contraction,0.0,684.2774886833981,35,30,0.33504105090311986
30,Min Sum,No-Contraction,0.0,590.4732017596656,31,25,0.5525398591027068
30,Min Sum,No-Contraction,0.0,921.9094193897452,47,42,0.36683785766691124
30,Min Sum,No-Contraction,0.0,629.1112676607472,33,29,0.33500522466039706
30,Min Sum,No-Contraction,0.0,483.58958217677883,26,21,0.36074270557029176
30,Min Sum,No-Contraction,0.0,542.7191575714176,29,21,0.47554498612762586
30,Min Sum,No-Contraction,0.0,1043.3329363299265,53,48,0.34743005855562786
30,Min Sum,No-Contraction,0.0,639.7446412026568,33,29,0.28512713340299545
30,Min Sum,No-Contraction,0.0,621.0628863999996,32,29,0.48929597701149424
30,Min Sum,No-Contraction,0.0,977.9669490849883,49,44,0.3365704902650715
30,Min Sum,No-Contraction,0.0,587.5533322416496,31,26,0.41979977753058956
30,Min Sum,No-Contraction,0.0,859.0239707842293,44,38,0.418025078369906
30,Min Sum,No-Contraction,0.0,800.7430125127016,41,37,0.33865993832352115
30,Min Sum,No-Contraction,0.0,1043.4170530864578,53,46,0.3833008024289742
30,Min Sum,No-Contraction,0.0,920.3966635645013,47,40,0.4849107361213011
30,Min Sum,No-Contraction,0.0,516.7134494362953,27,24,0.4017879948914432
30,Min Sum,No-Contraction,0.0,672.3188847691541,35,28,0.4541215106732348
30,Min Sum,No-Contraction,0.0,530.3289281556065,28,24,0.3463875205254516
30,Min Sum,No-Contraction,0.0,909.3091521921843,46,40,0.33108445777111445
30,Min Sum,No-Contraction,0.0,633.690172928641,33,30,0.4190874259839777
30,Min Sum,No-Contraction,0.0,1297.2395516027757,65,60,0.33941644562334217
30,Min Sum,No-Contraction,0.0,948.6670687168927,48,43,0.3064176245210728
30,Min Sum,No-Contraction,0.0,657.1115020767844,34,30,0.33536173089925625
30,Min Sum,No-Contraction,0.0,693.5744566330555,36,30,0.5045977011494253
30,Min Sum,No-Contraction,0.0,734.3999182751666,38,34,0.44525105868118575
30,Min Sum,No-Contraction,0.0,436.69631271894826,23,17,0.6122938530734633
30,Min Sum,No-Contraction,0.0,550.7708733153341,29,25,0.35655965120887834
30,Min Sum,No-Contraction,0.0,540.5941268378407,28,24,0.38571428571428573
30,Min Sum,No-Contraction,0.0,1163.626319505775,58,53,0.2908838684106223
30,Min Sum,No-Contraction,0.0,733.0895539166577,38,33,0.4557773744706594
30,Min Sum,No-Contraction,0.0,649.2377648008704,34,29,0.3450304259634888
30,Min Sum,No-Contraction,0.0,816.4837748462992,42,37,0.4366174055829228
30,Min Sum,No-Contraction,0.0,846.4274414234545,43,38,0.5022721197540765
30,Min Sum,No-Contraction,0.0,612.8380220683882,32,27,0.46185344827586206
30,Min Sum,No-Contraction,0.0,609.2750759608441,32,27,0.42535919540229883
30,Min Sum,No-Contraction,0.0,871.368926978365,44,40,0.374294670846395
30,Min Sum,No-Contraction,0.0,588.8354090158613,31,27,0.31049314052651095
30,Min Sum,No-Contraction,0.0,620.2836632763037,32,26,0.3449712643678161
30,Min Sum,No-Contraction,0.0,770.9738030231779,40,35,0.3899425287356322
30,Min Sum,No-Contraction,0.0,853.9756317427322,43,39,0.35466452820101574
30,Min Sum,No-Contraction,0.0,467.30387973969295,25,20,0.34629885057471266
30,Min Sum,No-Contraction,0.0,640.1506596481873,33,29,0.3326367119470568
30,Min Sum,No-Contraction,0.0,482.5152273088625,26,21,0.43978779840848803
30,Min Sum,No-Contraction,0.0,834.3103421053705,43,35,0.3901630580058808
30,Min Sum,No-Contraction,0.0,445.2371275677676,24,19,0.4152298850574712
30,Min Sum,No-Contraction,0.0,1108.6180407879901,56,50,0.4511904761904762
30,Min Sum,No-Contraction,0.0,785.6770467750432,40,35,0.27281609195402295
30,Min Sum,No-Contraction,0.0,555.1875058153533,29,25,0.31716210860087196
30,Min Sum,No-Contraction,0.0,633.4498456376585,33,28,0.3411354928596308
30,Min Sum,No-Contraction,0.0,625.5417333235335,33,24,0.43831417624521074
30,Min Sum,No-Contraction,0.0,677.3403004449542,35,29,0.37320197044334974
30,Min Sum,No-Contraction,0.0,502.36718049926964,27,23,0.41089825457641554
30,Min Sum,No-Contraction,0.0,527.4251436642315,28,24,0.38694581280788176
30,Min Sum,No-Contraction,0.0,1057.762504523562,53,49,0.32708739969637823
30,Min Sum,No-Contraction,0.0,782.5213615740274,40,36,0.3404022988505747
30,Min Sum,No-Contraction,0.0,678.1657545695518,35,30,0.3570443349753694
30,Min Sum,No-Contraction,0.0,894.2967969278105,45,39,0.3988761174968072
30,Min Sum,No-Contraction,0.0,554.302756533579,29,23,0.5179548156956005
30,Min Sum,No-Contraction,0.0,558.8947741993999,29,24,0.3734443123265953
30,Min Sum,No-Contraction,0.0,887.8634386323145,45,39,0.4238569604086846
30,Min Sum,No-Contraction,0.0,667.0791588071545,35,30,0.3766830870279146
30,Min Sum,No-Contraction,0.0,671.9342615134711,35,30,0.38666666666666666
30,Min Sum,No-Contraction,0.0,809.1477974571108,41,37,0.31443790299971963
30,Min Sum,No-Contraction,0.0,915.7524051891385,46,43,0.30774612693653175
30,Min Sum,No-Contraction,0.0,688.7529947750851,36,30,0.3336526181353767
30,Min Sum,No-Contraction,0.0,783.5869461249881,40,36,0.28367816091954023
30,Min Sum,No-Contraction,0.0,682.6001097440743,35,31,0.3317569786535304
30,Min Sum,No-Contraction,0.0,929.1760927673909,47,43,0.3388603570555148
30,Min Sum,No-Contraction,0.0,757.6148633709007,39,33,0.29908635425876806
30,Min Sum,No-Contraction,0.0,1175.9115304710037,59,51,0.3432690434443795
30,Min Sum,No-Contraction,0.0,751.6857345800585,39,31,0.3536103743000295
30,Min Sum,No-Contraction,0.0,506.32237727099965,27,22,0.43720732226479353
30,Min Sum,No-Contraction,0.0,1031.6998840588676,52,48,0.3047745358090186
30,Min Sum,No-Contraction,0.0,599.040050183796,31,28,0.2772710418984056
30,Min Sum,No-Contraction,0.0,1135.4673245066174,57,52,0.34648114539221614
30,Min Sum,No-Contraction,0.0,624.5144132926799,32,28,0.3752155172413793
30,Min Sum,No-Contraction,0.0,941.2482225730533,48,44,0.3689176245210728
30,Min Sum,No-Contraction,0.0,906.953695859276,46,42,0.2798600699650175
30,Min Sum,No-Contraction,0.0,882.1325419365343,45,41,0.26957854406130266
30,Min Sum,No-Contraction,0.0,811.4409883711078,41,37,0.3165685449957948
30,Min Sum,No-Contraction,0.0,1043.9147042957945,53,47,0.2702233788765995
30,Min Sum,No-Contraction,0.0,621.5750809264193,32,28,0.3410201149425287
30,Min Sum,No-Contraction,0.0,969.9090038936536,49,44,0.35383532723434197
30,Min Sum,No-Contraction,0.0,866.1452259240465,44,40,0.28516196447230935
30,Min Sum,No-Contraction,0.0,456.7812418595082,24,18,0.4054597701149425
30,Min Sum,No-Contraction,0.0,540.3033718815436,28,22,0.39285714285714285
30,Min Sum,No-Contraction,0.0,450.84176023353007,24,20,0.2968390804597701
30,Min Sum,No-Contraction,0.0,579.2488554266507,30,22,0.4444444444444445
30,Min Sum,No-Contraction,0.0,578.9982159910948,30,24,0.3760919540229885
30,Min Sum,No-Contraction,0.0,677.7890454799204,35,30,0.3910016420361248
30,Min Sum,No-Contraction,0.0,595.1749272503163,31,26,0.30418984056358916
30,Min Sum,No-Contraction,0.0,471.8168508685275,25,21,0.3889655172413793
30,Min Sum,No-Contraction,0.0,792.1507120456429,41,32,0.4670591533501542
30,Min Sum,No-Contraction,0.0,403.31493467486695,22,17,0.3791013584117033
30,Min Sum,No-Contraction,0.0,394.9295558051464,21,17,0.35697865353037767
30,Min Sum,No-Contraction,0.0,692.0520802207061,36,32,0.2853767560664113
30,Min Sum,No-Contraction,0.0,945.9151486671401,48,44,0.29607279693486593
30,Min Sum,No-Contraction,0.0,775.5595618592391,40,36,0.3388505747126437
30,Min Sum,No-Contraction,0.0,563.8957220717457,30,26,0.338544061302682
30,Min Sum,No-Contraction,0.0,593.3209959940995,31,27,0.35506117908787543
30,Min Sum,No-Contraction,0.0,712.5900468058195,37,32,0.312022367194781
30,Min Sum,No-Contraction,0.0,507.8582500448942,27,23,0.2789272030651341
30,Min Sum,No-Contraction,0.0,480.13460525120274,26,22,0.38010610079575596
30,Min Sum,No-Contraction,0.0,716.6007351548858,37,32,0.2752407579993787
30,Min Sum,No-Contraction,0.0,614.6935352797975,32,28,0.315948275862069
30,Min Sum,No-Contraction,0.0,584.082588348796,31,26,0.2980348535409714
30,Min Sum,No-Contraction,0.0,1036.240932410596,52,49,0.2896551724137931
30,Min Sum,No-Contraction,0.0,686.6674943500747,35,31,0.32091954022988506
30,Min Sum,No-Contraction,0.0,638.0595339651562,33,29,0.31013584117032394
30,Min Sum,No-Contraction,0.0,769.2520287250171,39,35,0.4106100795755968
30,Min Sum,No-Contraction,0.0,893.2037090368951,45,41,0.3030395913154534
30,Min Sum,No-Contraction,0.0,792.2960352600513,41,34,0.3936080740117746
30,Min Sum,No-Contraction,0.0,606.8347938572226,32,28,0.30474137931034484
30,Min Sum,No-Contraction,0.0,822.5415241981439,42,37,0.3708812260536399
30,Min Sum,No-Contraction,0.0,641.3023966933777,33,28,0.47704632532218744
30,Min Sum,No-Contraction,0.0,522.2847598620124,28,23,0.33251231527093594
30,Min Sum,No-Contraction,0.0,728.9489945390335,37,34,0.28909599254426843
30,Min Sum,No-Contraction,0.0,647.8163677792455,34,30,0.4277214334009466
30,Min Sum,No-Contraction,0.0,1148.1655305821605,58,53,0.33460166468489894
30,Min Sum,No-Contraction,0.0,912.9518694140241,46,42,0.34872563718140925
30,Min Sum,No-Contraction,0.0,725.1413396286137,37,33,0.3939732836284561
30,Min Sum,No-Contraction,0.0,800.1560027094673,41,37,0.4215867675918138
30,Min Sum,No-Contraction,0.0,581.416222444533,30,26,0.5026819923371647
30,Min Sum,No-Contraction,0.0,675.3307233364349,35,29,0.3412807881773399
30,Min Sum,No-Contraction,0.0,816.1331950655712,42,37,0.3123700054734537
30,Min Sum,No-Contraction,0.0,927.2930961461706,47,40,0.39139153827341644
30,Min Sum,No-Contraction,0.0,688.9463717241701,36,29,0.38742017879948915
30,Min Sum,No-Contraction,0.0,744.3503796199004,38,33,0.39086509376890505
30,Min Sum,No-Contraction,0.0,1364.316439905921,68,63,0.2786680189317106
30,Min Sum,No-Contraction,0.0,802.6235707426227,41,30,0.7370339220633585
30,Min Sum,No-Contraction,0.0,698.7018039012918,36,32,0.30561941251596425
30,Min Sum,No-Contraction,0.0,603.7829526598839,31,27,0.3079718205413422
30,Min Sum,No-Contraction,0.0,822.6532651080056,42,37,0.4005473453749316
30,Min Sum,No-Contraction,0.0,470.11892840476304,25,21,0.41296551724137925
30,Min Sum,No-Contraction,0.0,673.0259625620687,35,30,0.4369786535303777
30,Min Sum,No-Contraction,0.0,795.2709012799722,41,36,0.39899074852817495
30,Min Sum,No-Contraction,0.0,578.0401004440399,30,26,0.34574712643678157
30,Min Sum,No-Contraction,0.0,615.5192607526733,32,28,0.2854885057471264
30,Min Sum,No-Contraction,0.0,546.501711296217,29,24,0.31200951248513675
30,Min Sum,No-Contraction,0.0,1069.0586422844456,54,50,0.23912303107705407
30,Min Sum,No-Contraction,0.0,725.7479012237957,37,32,0.3621621621621622
30,Min Sum,No-Contraction,0.0,625.1640685680356,33,29,0.3171020550330895
30,Min Sum,No-Contraction,0.0,744.9349790646479,38,34,0.37555958862673927
30,Min Sum,No-Contraction,0.0,728.0753779249923,37,33,0.29791860826343586
30,Min Sum,No-Contraction,0.0,478.55424912265926,25,21,0.3613793103448276
30,Min Sum,No-Contraction,0.0,592.037604699067,31,27,0.3184278828327772
30,Min Sum,No-Contraction,0.0,572.74293147055,30,24,0.41892720306513415
30,Min Sum,No-Contraction,0.0,848.9643066300872,43,39,0.3209836941994119
30,Min Sum,No-Contraction,0.0,493.6643534828127,26,22,0.3562334217506631
30,Min Sum,No-Contraction,0.0,1165.5887230785968,58,54,0.26868806975822435
30,Min Sum,No-Contraction,0.0,853.9723296934836,43,40,0.3916599839615076
30,Min Sum,No-Contraction,0.0,854.6402981096744,44,39,0.3798850574712644
30,Min Sum,No-Contraction,0.0,407.7110495889849,22,18,0.5362591431556949
30,Min Sum,No-Contraction,0.0,851.358448881537,43,39,0.2871959369152633
30,Min Sum,No-Contraction,0.0,549.9000056030422,29,22,0.45525168450257636
30,Min Sum,No-Contraction,0.0,1094.7664489934655,55,50,0.3543573667711599
30,Min Sum,No-Contraction,0.0,719.0513967807497,37,33,0.3475613544579062
30,Min Sum,No-Contraction,0.0,502.2713517834378,27,21,0.4052788420604512
30,Min Sum,No-Contraction,0.0,687.6701535139897,36,31,0.42369093231162197
30,Min Sum,No-Contraction,0.0,822.2082742095947,42,37,0.3201423097974822
30,Min Sum,No-Contraction,0.0,650.4455102817445,34,28,0.41352265043948616
30,Min Sum,No-Contraction,0.0,486.2863082142709,26,20,0.39929266136162683
30,Min Sum,No-Contraction,0.0,730.2432758607715,38,32,0.382335148215366
30,Min Sum,No-Contraction,0.0,947.1810200658359,48,43,0.3556034482758621
30,Min Sum,No-Contraction,0.0,715.3023155612173,37,33,0.3688101894998447
30,Min Sum,No-Contraction,0.0,578.817337698096,30,24,0.4151724137931035
30,Min Sum,No-Contraction,0.0,942.7194693480245,48,41,0.31652298850574717
30,Min Sum,No-Contraction,0.0,507.78642503458906,27,19,0.6584078331204769
30,Min Sum,No-Contraction,0.0,554.0020426683037,29,25,0.34585810543004364
30,Min Sum,No-Contraction,0.0,1002.6824254706233,51,47,0.491683569979716
30,Min Sum,No-Contraction,0.0,633.1348395895866,33,26,0.563775687913619
30,Min Sum,No-Contraction,0.0,854.18186265518,44,40,0.3586206896551724
30,Min Sum,No-Contraction,0.0,720.9726634564499,37,33,0.32177694936315626
30,Min Sum,No-Contraction,0.0,611.7761877629634,32,25,0.3956896551724138
30,Min Sum,No-Contraction,0.0,1020.4825648900464,51,43,0.36529186387198553
30,Min Sum,No-Contraction,0.0,642.7305829737275,33,29,0.3232323232323232
30,Min Sum,No-Contraction,0.0,601.9087662898365,31,27,0.267853170189099
30,Min Sum,No-Contraction,0.0,598.5741426097164,31,27,0.38264738598442716
30,Min Sum,No-Contraction,0.0,731.1279184945093,38,33,0.2767695099818512
30,Min Sum,No-Contraction,0.0,497.0690434273564,26,22,0.3920424403183024
30,Min Sum,No-Contraction,0.0,747.4199729552813,38,35,0.4243799153055052
30,Min Sum,No-Contraction,0.0,443.66708951238735,24,19,0.4376436781609196
30,Min Sum,No-Contraction,0.0,866.1047468756205,44,39,0.3122257053291536
30,Min Sum,No-Contraction,0.0,623.8678782389774,32,29,0.33577586206896554
30,Min Sum,No-Contraction,0.0,496.5094033834578,26,22,0.3572060123784262
30,Min Sum,No-Contraction,0.0,599.4535168837959,31,27,0.35061179087875416
30,Min Sum,No-Contraction,0.0,999.3560199047391,50,45,0.33756321839080455
30,Min Sum,No-Contraction,0.0,686.5056919937555,35,32,0.33458128078817734
30,Min Sum,No-Contraction,0.0,805.2996150260998,41,36,0.3036164844407065
30,Min Sum,No-Contraction,0.0,876.6515759445455,45,37,0.35918263090676883
30,Min Sum,No-Contraction,0.0,871.0509716611771,44,40,0.3060606060606061
30,Min Sum,No-Contraction,0.0,593.5264440993351,31,27,0.3396366332962551
30,Min Sum,No-Contraction,0.0,1152.6888943345186,58,54,0.33967499009116137
30,Min Sum,No-Contraction,0.0,823.9727877180462,42,38,0.33245758073344284
30,Min Sum,No-Contraction,0.0,636.1641895331342,33,29,0.2693834900731452
30,Min Sum,No-Contraction,0.0,729.5645369146781,38,33,0.30514216575922565
30,Min Sum,No-Contraction,0.0,605.495301329521,32,26,0.45416666666666666
30,Min Sum,No-Contraction,0.0,742.1507620258276,38,33,0.43272837265577735
30,Min Sum,No-Contraction,0.0,400.87708006960094,22,17,0.38369905956112854
30,Min Sum,No-Contraction,0.0,723.1508435289468,37,32,0.390990990990991
30,Min Sum,No-Contraction,0.0,919.5639452125307,47,42,0.3300073367571533
30,Min Sum,No-Contraction,0.0,811.325578023239,41,38,0.3586767591813849
30,Min Sum,No-Contraction,0.0,676.981988330412,35,30,0.37550082101806237
30,Min Sum,No-Contraction,0.0,976.3428432389834,49,43,0.2669481585737743
30,Min Sum,No-Contraction,0.0,570.7349695786329,30,24,0.5743295019157089
30,Min Sum,No-Contraction,0.0,472.9428818991042,25,20,0.40422988505747126
30,Min Sum,No-Contraction,0.0,831.4066282922645,42,39,0.35139573070607555
30,Min Sum,No-Contraction,0.0,731.3176846451735,38,33,0.3855414398064126
30,Min Sum,No-Contraction,0.0,641.0091023424868,33,29,0.4158133054684779
30,Min Sum,No-Contraction,0.0,581.658517508009,30,24,0.5012260536398467
30,Min Sum,No-Contraction,0.0,543.8389102286985,29,24,0.385731272294887
30,Min Sum,No-Contraction,0.0,745.2897205250626,38,33,0.30502117362371445
30,Min Sum,No-Contraction,0.0,640.1374335549277,33,29,0.4362939742250087
30,Min Sum,No-Contraction,0.0,965.1646108988707,49,45,0.27253108139807647
30,Min Sum,No-Contraction,0.0,755.3291452840058,39,33,0.44025935750073675
30,Min Sum,No-Contraction,0.0,836.6562228440456,43,39,0.4437316225608126
30,Min Sum,No-Contraction,0.0,647.2075110001346,34,29,0.4106152805949966
30,Min Sum,No-Contraction,0.0,650.1333372663825,34,30,0.48296146044624744
30,Min Sum,No-Contraction,0.0,623.7201663487655,32,29,0.3329741379310345
30,Min Sum,No-Contraction,0.0,662.6181808529299,34,29,0.3054090601757945
30,Min Sum,No-Contraction,0.0,590.0668016712497,31,26,0.2875046347793845
30,Min Sum,No-Contraction,0.0,956.6253754015836,48,43,0.30986590038314177
30,Min Sum,No-Contraction,0.0,750.6092302052949,39,35,0.3732979664014147
30,Min Sum,No-Contraction,0.0,1102.550446168853,55,52,0.3471264367816092
30,Min Sum,No-Contraction,0.0,957.8032295759203,48,42,0.4439655172413793
30,Min Sum,No-Contraction,0.0,927.8538878913612,47,39,0.4069454634384935
30,Min Sum,No-Contraction,0.0,615.4164233344305,32,27,0.38663793103448274
30,Min Sum,No-Contraction,0.0,459.20420226622826,25,19,0.4613333333333333
30,Min Sum,No-Contraction,0.0,538.0453617272262,28,24,0.29802955665024633
30,Min Sum,No-Contraction,0.0,690.4642767462724,36,31,0.3203065134099617
30,Min Sum,No-Contraction,0.0,557.1780280896601,29,25,0.31676575505350774
30,Min Sum,No-Contraction,0.0,478.72108386221856,25,20,0.4146206896551724
30,Min Sum,No-Contraction,0.0,398.2126386184592,22,17,0.4523510971786834
30,Min Sum,No-Contraction,0.0,736.5201972157205,38,33,0.2781609195402299
30,Min Sum,No-Contraction,0.0,566.2438928355085,30,26,0.3952490421455939
30,Min Sum,No-Contraction,0.0,496.6038951251482,26,23,0.4614500442086649
30,Min Sum,No-Contraction,0.0,728.4472899990315,37,30,0.28866107486797143
30,Min Sum,No-Contraction,0.0,675.8613818267703,35,29,0.47290640394088673
30,Min Sum,No-Contraction,0.0,480.4559748982866,26,22,0.42449160035366934
30,Min Sum,No-Contraction,0.0,785.7067679270784,40,35,0.3720689655172414
30,Min Sum,No-Contraction,0.0,688.4954754400599,36,30,0.384418901660281
30,Min Sum,No-Contraction,0.0,577.7273101412318,30,27,0.4598467432950192
30,Min Sum,No-Contraction,0.0,855.5349922731268,44,38,0.43918495297805643
30,Min Sum,No-Contraction,0.0,958.0212497217577,48,42,0.517911877394636
30,Min Sum,No-Contraction,0.0,1215.5860469603522,61,56,0.3044281138119465
30,Min Sum,No-Contraction,0.0,1195.2955260077763,60,49,0.6460536398467432
30,Min Sum,No-Contraction,0.0,1116.9530567259073,56,49,0.5571018062397373
30,Min Sum,No-Contraction,0.0,978.5123519130508,49,44,0.5596059113300492
30,Min Sum,No-Contraction,0.0,518.6161848755587,27,18,0.6853128991060026
30,Min Sum,No-Contraction,0.0,920.5178099112582,47,40,0.44935191978478844
30,Min Sum,No-Contraction,0.0,883.8280011635914,45,40,0.39330779054916987
30,Min Sum,No-Contraction,0.0,966.9939537253515,49,45,0.3956837907576824
30,Min Sum,No-Contraction,0.0,978.6319390729602,49,45,0.6840253342716396
30,Min Sum,No-Contraction,0.0,1121.6984617730989,56,48,0.500328407224959
30,Min Sum,No-Contraction,0.0,1312.8824787467179,66,52,0.4754440961337513
30,Min Sum,No-Contraction,0.0,1045.4791023858622,53,46,0.6991541964866623
30,Min Sum,No-Contraction,0.0,579.7053418894352,30,24,0.35747126436781607
30,Min Sum,No-Contraction,0.0,663.528219898884,34,31,0.4253549695740365
30,Min Sum,No-Contraction,0.0,812.9555435329415,42,35,0.3671592775041051
30,Min Sum,No-Contraction,0.0,830.8970220222244,42,38,0.3464696223316913
30,Min Sum,No-Contraction,0.0,764.4629545620696,39,35,0.3616268788682582
30,Min Sum,No-Contraction,0.0,667.0274037254774,35,28,0.4436781609195402
30,Min Sum,No-Contraction,0.0,576.5106205126452,30,26,0.3873563218390805
30,Min Sum,No-Contraction,0.0,517.8091804119302,27,22,0.5397190293742018
30,Min Sum,No-Contraction,0.0,608.6909048116652,32,27,0.34001436781609196
30,Min Sum,No-Contraction,0.0,820.1940345447797,42,37,0.3350848385331144
30,Min Sum,No-Contraction,0.0,820.751554356476,42,37,0.34444444444444444
30,Min Sum,No-Contraction,0.0,792.4576278606594,41,37,0.38183347350714886
30,Min Sum,No-Contraction,0.0,1181.5769198824228,59,56,0.3295149035651666
30,Min Sum,No-Contraction,0.0,668.0170772864973,35,27,0.4366502463054187
30,Min Sum,No-Contraction,0.0,859.7929599928626,44,40,0.3160919540229885
30,Min Sum,No-Contraction,0.0,710.4164559622055,37,32,0.30500155327741535
30,Min Sum,No-Contraction,0.0,811.4889324183646,41,37,0.4219231847490889
30,Min Sum,No-Contraction,0.0,517.2815941197275,27,23,0.30974882928905917
30,Min Sum,No-Contraction,0.0,715.6231549639665,37,33,0.30475302889095995
30,Min Sum,No-Contraction,0.0,781.9292534129627,40,36,0.33057471264367816
30,Min Sum,No-Contraction,0.0,575.0663703121244,30,25,0.3772413793103448
30,Min Sum,No-Contraction,0.0,589.2460883428815,31,26,0.3444568038561365
30,Min Sum,No-Contraction,0.0,722.7490523378669,37,31,0.3358807082945014
30,Min Sum,No-Contraction,0.0,646.8285340192859,34,28,0.3548343475321163
30,Min Sum,No-Contraction,0.0,683.9506844153566,35,32,0.2392775041050903
30,Min Sum,No-Contraction,0.0,708.2492168185457,37,32,0.395712954333644
30,Min Sum,No-Contraction,0.0,570.0605229675898,30,25,0.556551724137931
30,Min Sum,No-Contraction,0.0,874.551336795187,44,40,0.30094043887147337
30,Min Sum,No-Contraction,0.0,527.7281499273306,28,23,0.6208538587848933
30,Min Sum,No-Contraction,0.0,758.2385477291327,39,35,0.34347185381668144
30,Min Sum,No-Contraction,0.0,422.19327288130523,23,17,0.5836081959020489
30,Min Sum,No-Contraction,0.0,904.1040207336458,46,41,0.5418790604697651
30,Min Sum,No-Contraction,0.0,540.1920184546765,28,23,0.3673234811165846
30,Min Sum,No-Contraction,0.0,366.16023799285284,20,16,0.5137931034482759
30,Min Sum,No-Contraction,0.0,552.7503196244918,29,24,0.36099881093935793
30,Min Sum,No-Contraction,0.0,877.8609807808762,45,38,0.43657726692209453
30,Min Sum,No-Contraction,0.0,481.83292327227673,26,20,0.3684350132625995
30,Min Sum,No-Contraction,0.0,846.3909642301348,43,36,0.37594226142742576
30,Min Sum,No-Contraction,0.0,1081.9570968999237,54,46,0.4475947211579395
30,Min Sum,No-Contraction,0.0,874.1835532520232,44,40,0.3338557993730408
30,Min Sum,No-Contraction,0.0,669.2896810638952,35,31,0.3544827586206897
30,Min Sum,No-Contraction,0.0,697.9835271091116,36,30,0.3660280970625798
30,Min Sum,No-Contraction,0.0,1014.9569453240808,51,46,0.284877169258508
30,Min Sum,No-Contraction,0.0,850.1923182588824,43,38,0.5340283346698744
30,Min Sum,No-Contraction,0.0,736.179066442074,38,34,0.2789473684210526
30,Min Sum,No-Contraction,0.0,990.8337414475727,50,44,0.24524137931034481
30,Min Sum,No-Contraction,0.0,701.0431811756358,36,31,0.41724137931034483
30,Min Sum,No-Contraction,0.0,743.5131046099872,38,32,0.3192377495462795
30,Min Sum,No-Contraction,0.0,711.1971776668877,37,33,0.40726933830382106
30,Min Sum,No-Contraction,0.0,707.4359317962832,36,32,0.3476372924648787
30,Min Sum,No-Contraction,0.0,624.8239947196188,32,29,0.3510057471264368
30,Min Sum,No-Contraction,0.0,521.255343789587,28,23,0.45952380952380956
30,Min Sum,No-Contraction,0.0,989.0260253033938,50,45,0.3718620689655172
30,Min Sum,No-Contraction,0.0,658.9145557388006,34,29,0.36632860040567955
30,Min Sum,No-Contraction,0.0,581.0706621356248,30,27,0.4702681992337165
30,Min Sum,No-Contraction,0.0,640.2293804092557,33,29,0.3849529780564263
30,Min Sum,No-Contraction,0.0,963.7447065180137,49,42,0.4283368519821722
30,Min Sum,No-Contraction,0.0,550.1275294452063,29,24,0.36948077685295283
30,Min Sum,No-Contraction,0.0,653.1646821840651,34,29,0.3318458417849899
30,Min Sum,No-Contraction,0.0,1042.394464536706,53,42,0.389850357839948
30,Min Sum,No-Contraction,0.0,618.8327422972553,32,27,0.40272988505747126
30,Min Sum,No-Contraction,0.0,882.1727343057555,45,39,0.3691443167305236
30,Min Sum,No-Contraction,0.0,573.0245451530982,30,26,0.32505747126436785
30,Min Sum,No-Contraction,0.0,564.1533068923326,30,26,0.32567049808429116
30,Min Sum,No-Contraction,0.0,824.6457086973641,42,38,0.2977558839627805
30,Min Sum,No-Contraction,0.0,641.0122179114588,33,29,0.4265412748171369
30,Min Sum,No-Contraction,0.0,531.751305049506,28,24,0.3371100164203612
30,Min Sum,No-Contraction,0.0,807.8744319998863,41,36,0.4588169329969162
30,Min Sum,No-Contraction,0.0,610.1893501614061,32,27,0.4850574712643678
30,Min Sum,No-Contraction,0.0,928.3597886385124,47,43,0.26422108094888724
30,Min Sum,No-Contraction,0.0,589.5010172866947,31,26,0.5248053392658509
30,Min Sum,No-Contraction,0.0,475.024334336371,25,20,0.46694252873563213
30,Min Sum,No-Contraction,0.0,609.8785657041833,32,27,0.36364942528735633
30,Min Sum,No-Contraction,0.0,838.7687896900535,43,38,0.37080994386527666
30,Min Sum,No-Contraction,0.0,559.3426124346176,29,25,0.3468093539437178
30,Min Sum,No-Contraction,0.0,791.0263661531964,40,36,0.3974137931034483
30,Min Sum,No-Contraction,0.0,891.5532590042345,45,40,0.36725415070242656
30,Min Sum,No-Contraction,0.0,871.6181142098009,44,40,0.35172413793103446
30,Min Sum,No-Contraction,0.0,912.9248380943015,46,41,0.40804597701149425
30,Min Sum,No-Contraction,0.0,973.6532009637839,49,44,0.3644851043865822
30,Min Sum,No-Contraction,0.0,783.8265539283201,40,36,0.5018390804597701
30,Min Sum,No-Contraction,0.0,1007.1071914483455,51,46,0.36290286229434304
30,Min Sum,No-Contraction,0.0,1345.4915676313349,67,62,0.34760679361811636
30,Min Sum,No-Contraction,0.0,764.649522871018,39,35,0.38272914824638965
30,Min Sum,No-Contraction,0.0,453.21128307236637,24,19,0.3829501915708812
30,Min Sum,No-Contraction,0.0,664.0218942187217,34,31,0.2989181879648411
30,Min Sum,No-Contraction,0.0,927.6142614842325,47,42,0.357838102225483
30,Min Sum,No-Contraction,0.0,531.5687999840907,28,24,0.33152709359605914
30,Min Sum,No-Contraction,0.0,905.3408990344801,46,42,0.2953023488255872
30,Min Sum,No-Contraction,0.0,837.3467828147194,43,36,0.426516974071104
30,Min Sum,No-Contraction,0.0,502.61681861510874,27,21,0.4278416347381864
30,Min Sum,No-Contraction,0.0,788.296748493401,40,35,0.3524137931034483
30,Min Sum,No-Contraction,0.0,449.17145922575406,24,20,0.3507662835249042
30,Min Sum,No-Contraction,0.0,632.6151605629246,33,28,0.42640195053988156
30,Min Sum,No-Contraction,0.0,842.6630841086615,43,36,0.5423683507083668
30,Min Sum,No-Contraction,0.0,1081.0391682111106,54,50,0.3159642401021711
30,Min Sum,No-Contraction,0.0,804.7123891392968,41,37,0.31466218110456967
30,Min Sum,No-Contraction,0.0,835.0051467608756,43,39,0.3696337877572841
30,Min Sum,No-Contraction,0.0,1024.642177002541,52,47,0.478868258178603
30,Min Sum,No-Contraction,0.0,792.3703748843503,41,35,0.3786935800392487
30,Min Sum,No-Contraction,0.0,1042.6468796815361,53,45,0.4398178269355888
30,Min Sum,No-Contraction,0.0,409.73129862870303,22,18,0.4173458725182863
30,Min Sum,No-Contraction,0.0,1000.7584647005741,51,46,0.34356547216587785
30,Min Sum,No-Contraction,0.0,889.1320321889046,45,38,0.3797701149425287
30,Min Sum,No-Contraction,0.0,948.8981252316871,48,41,0.38812260536398463
